2025-06-25T05:13:00.141Z [INFO] Connecting to PostgreSQL: postgres@localhost:5432/twproject
2025-06-25T05:13:00.178Z [INFO] AlertService: SMTP client initialized
2025-06-25T05:13:00.188Z [INFO] Minimal server listening on port 8000
2025-06-25T05:13:00.199Z [INFO] Scheduler: Job 'expandRecurrences' added, next run: Wed Jun 25 2025 08:15:00 GMT+0300 (Eastern European Summer Time)
2025-06-25T05:13:00.200Z [INFO] Scheduler: Job 'checkInventory' added, next run: Wed Jun 25 2025 09:00:00 GMT+0300 (Eastern European Summer Time)
2025-06-25T05:13:00.201Z [INFO] Scheduler: Job 'checkEquipmentStatus' added, next run: Wed Jun 25 2025 08:14:00 GMT+0300 (Eastern European Summer Time)
2025-06-25T05:13:00.202Z [INFO] Scheduler: Job 'updateWeatherData' added, next run: Wed Jun 25 2025 08:14:00 GMT+0300 (Eastern European Summer Time)
2025-06-25T05:13:00.203Z [INFO] Scheduler: Job 'generateDailyStats' added, next run: Thu Jun 26 2025 00:00:00 GMT+0300 (Eastern European Summer Time)
2025-06-25T05:13:00.204Z [INFO] Scheduler: Job 'exceptionDetection' added, next run: Wed Jun 25 2025 08:14:00 GMT+0300 (Eastern European Summer Time)
2025-06-25T05:13:00.205Z [INFO] Scheduler: Starting...
2025-06-25T05:13:00.205Z [INFO] Scheduler: Started successfully
2025-06-25T05:13:00.206Z [INFO] Server and scheduler started successfully
2025-06-25T05:13:00.362Z [INFO] PostgreSQL connection successful. Server time: Wed Jun 25 2025 08:13:00 GMT+0300 (Eastern European Summer Time)
2025-06-25T05:14:00.220Z [INFO] Scheduler: Running job 'checkEquipmentStatus'
2025-06-25T05:14:00.222Z [INFO] CheckEquipmentStatus: Starting equipment monitoring job
2025-06-25T05:14:00.222Z [INFO] Starting equipment status check...
2025-06-25T05:14:00.324Z [ERROR] SQL error after 100ms: column em.ended_at does not exist
2025-06-25T05:14:00.325Z [ERROR] Failed query: 
            SELECT 
                e.*,
                l.name as location_name,
                MAX(em.ended_at) as last_maintenance
            FROM equipment e
            JOIN locations l ON e.location_id = l.location_id
            LEFT JOIN equipment_maintenance em ON e.equipment_id = em.equipment_id 
                AND em.ended_at IS NOT NULL
            WHERE e.status = 'OPERATIVE'
            GROUP BY e.equipment_id, l.name
            HAVING MAX(em.ended_at) < NOW() - INTERVAL '90 days' OR MAX(em.ended_at) IS NULL
            ORDER BY last_maintenance ASC NULLS FIRST
        
2025-06-25T05:14:00.326Z [ERROR] Error checking equipment status:
2025-06-25T05:14:00.328Z [ERROR] CheckEquipmentStatus: Job failed
2025-06-25T05:14:00.330Z [INFO] Scheduler: Job 'checkEquipmentStatus' completed, next run: Wed Jun 25 2025 08:15:00 GMT+0300 (Eastern European Summer Time)
2025-06-25T05:14:00.331Z [INFO] Scheduler: Running job 'updateWeatherData'
2025-06-25T05:14:00.332Z [INFO] Starting weather data update job...
2025-06-25T05:14:00.334Z [INFO] Starting weather data update for all locations...
2025-06-25T05:14:00.466Z [ERROR] Error updating weather data:
2025-06-25T05:14:00.467Z [ERROR] Weather data update job failed:
2025-06-25T05:14:00.468Z [INFO] Scheduler: Job 'updateWeatherData' completed, next run: Wed Jun 25 2025 08:15:00 GMT+0300 (Eastern European Summer Time)
2025-06-25T05:14:00.469Z [INFO] Scheduler: Running job 'exceptionDetection'
2025-06-25T05:14:00.469Z [INFO] Starting automated exception detection...
2025-06-25T05:14:00.470Z [INFO] Running comprehensive exception detection...
2025-06-25T05:14:00.477Z [ERROR] SQL error after 6ms: column l.id does not exist
2025-06-25T05:14:00.478Z [ERROR] Failed query: 
        SELECT 
          l.id as location_id,
          l.name as location_name,
          COUNT(e.id) as total_employees,
          COUNT(CASE WHEN e.status = 'ACTIVE' THEN 1 END) as active_employees,
          COUNT(CASE WHEN e.status = 'SICK' THEN 1 END) as sick_employees,
          COUNT(CASE WHEN e.status = 'VACATION' THEN 1 END) as vacation_employees
        FROM locations l
        LEFT JOIN employees e ON l.id = e.location_id
       GROUP BY l.id, l.name
2025-06-25T05:14:00.478Z [ERROR] Error detecting staff unavailability: column l.id does not exist
2025-06-25T05:14:00.571Z [ERROR] SQL error after 99ms: column l.id does not exist
2025-06-25T05:14:00.571Z [ERROR] Failed query: 
        SELECT 
          l.id as location_id,
          l.name as location_name,
          COUNT(e.id) as total_equipment,
          COUNT(CASE WHEN e.status = 'OUT_OF_SERVICE' THEN 1 END) as out_of_service,
          COUNT(CASE WHEN e.updated_at < NOW() - INTERVAL '2 hours' THEN 1 END) as stale_equipment
        FROM locations l
        LEFT JOIN equipment e ON l.id = e.location_id
       GROUP BY l.id, l.name
2025-06-25T05:14:00.572Z [ERROR] Error detecting power outage: column l.id does not exist
2025-06-25T05:14:00.576Z [ERROR] SQL error after 104ms: column l.id does not exist
2025-06-25T05:14:00.577Z [ERROR] Failed query: 
        SELECT 
          e.id,
          e.name,
          e.type,
          e.status,
          e.location_id,
          l.name as location_name,
          EXTRACT(days FROM (NOW() - e.updated_at)) as days_since_update,
          COUNT(em.id) as recent_maintenance
        FROM equipment e
        JOIN locations l ON e.location_id = l.id
        LEFT JOIN equipment_maintenance em ON e.id = em.equipment_id 
          AND em.created_at >= NOW() - INTERVAL '30 days'
      
        GROUP BY e.id, e.name, e.type, e.status, e.location_id, l.name, e.updated_at
        HAVING e.status = 'OUT_OF_SERVICE' 
          OR EXTRACT(days FROM (NOW() - e.updated_at)) > 7
        ORDER BY days_since_update DESC
      
2025-06-25T05:14:00.577Z [ERROR] Error detecting equipment failures: column l.id does not exist
2025-06-25T05:14:00.578Z [ERROR] SQL error after 105ms: column o.id does not exist
2025-06-25T05:14:00.579Z [ERROR] Failed query: 
        SELECT 
          t.id,
          t.status,
          t.location_id,
          l.name as location_name,
          o.id as order_id,
          EXTRACT(hours FROM (NOW() - t.created_at)) as hours_since_created,
          EXTRACT(hours FROM (NOW() - t.updated_at)) as hours_since_updated
        FROM transports t
        JOIN orders o ON t.order_id = o.id
        JOIN locations l ON t.location_id = l.id
        WHERE t.status IN ('PENDING', 'IN_PROGRESS')
       ORDER BY t.created_at ASC
2025-06-25T05:14:00.580Z [ERROR] Error detecting transport issues: column o.id does not exist
2025-06-25T05:14:00.581Z [INFO] Exception detection completed: 0 issues found
2025-06-25T05:14:00.581Z [INFO] Exception detection completed: 0 total issues found
2025-06-25T05:14:00.581Z [INFO] - Staff issues: 0
2025-06-25T05:14:00.582Z [INFO] - Power issues: 0
2025-06-25T05:14:00.582Z [INFO] - Equipment issues: 0
2025-06-25T05:14:00.582Z [INFO] - Transport issues: 0
2025-06-25T05:14:00.584Z [INFO] Creating notification: SYSTEM_STATUS_OK - LOW - All systems operational - no critical issues detected
2025-06-25T05:14:00.585Z [ERROR] Failed to send notification via websocket: WebSocket notification failed: broadcastToAllClients is not a function
2025-06-25T05:14:00.586Z [INFO] Exception detection completed successfully in 117ms
2025-06-25T05:14:00.586Z [INFO] Scheduler: Job 'exceptionDetection' completed, next run: Wed Jun 25 2025 08:15:00 GMT+0300 (Eastern European Summer Time)
2025-06-25T05:14:10.287Z [INFO] OPTIONS /api/auth/register
2025-06-25T05:14:10.295Z [INFO] POST /api/auth/register
2025-06-25T05:14:10.300Z [INFO] POST /api/register or /api/auth/register
2025-06-25T05:14:10.725Z [ERROR] SQL error after 9ms: insert or update on table "employees" violates foreign key constraint "employees_location_id_fkey"
2025-06-25T05:14:10.725Z [ERROR] Failed query: 
        INSERT INTO employees (user_id, location_id, job_title, hire_date, is_active)
        VALUES ($1, $2, $3, CURRENT_DATE, true)
        RETURNING employee_id
      
2025-06-25T05:14:10.726Z [WARN] AuthService: Failed to create employee record for user test@gmail.com: insert or update on table "employees" violates foreign key constraint "employees_location_id_fkey"
2025-06-25T05:14:10.726Z [INFO] AuthService: Successfully registered user test@gmail.com with ID 5
2025-06-25T05:14:10.727Z [INFO] Register: Success for user test@gmail.com
2025-06-25T05:14:32.128Z [INFO] OPTIONS /api/auth/login
2025-06-25T05:14:32.130Z [INFO] POST /api/auth/login
2025-06-25T05:14:32.132Z [INFO] POST /api/login or /api/auth/login
2025-06-25T05:14:32.462Z [INFO] AuthService: Successful login for test@gmail.com
2025-06-25T05:14:32.462Z [INFO] Login: Success for user test@gmail.com
2025-06-25T05:14:34.058Z [INFO] OPTIONS /api/stats/dashboard
2025-06-25T05:14:34.061Z [INFO] GET /api/stats/dashboard
2025-06-25T05:14:34.062Z [ERROR] Error getting dashboard: Cannot read properties of undefined (reading 'locationId')
2025-06-25T05:14:34.072Z [INFO] OPTIONS /api/orders
2025-06-25T05:14:34.076Z [INFO] GET /api/orders
2025-06-25T05:14:34.098Z [INFO] OPTIONS /api/stats/system-status
2025-06-25T05:14:34.104Z [INFO] GET /api/stats/system-status
2025-06-25T05:14:34.106Z [WARN] Route not found: GET /api/stats/system-status
2025-06-25T05:14:34.116Z [INFO] OPTIONS /api/notifications/recent
2025-06-25T05:14:34.118Z [INFO] GET /api/notifications/recent
2025-06-25T05:14:34.120Z [WARN] Route not found: GET /api/notifications/recent
2025-06-25T05:14:34.125Z [INFO] OPTIONS /api/stats/performance
2025-06-25T05:14:34.128Z [INFO] GET /api/stats/performance
2025-06-25T05:14:34.129Z [WARN] Route not found: GET /api/stats/performance
2025-06-25T05:14:37.249Z [INFO] GET /api/orders
2025-06-25T05:14:37.254Z [INFO] GET /api/stats/system-status
2025-06-25T05:14:37.255Z [WARN] Route not found: GET /api/stats/system-status
2025-06-25T05:14:37.259Z [INFO] GET /api/notifications/recent
2025-06-25T05:14:37.259Z [WARN] Route not found: GET /api/notifications/recent
2025-06-25T05:14:37.264Z [INFO] GET /api/stats/performance
2025-06-25T05:14:37.265Z [WARN] Route not found: GET /api/stats/performance
2025-06-25T05:14:53.619Z [INFO] OPTIONS /api/stats/dashboard
2025-06-25T05:14:53.646Z [INFO] OPTIONS /api/orders
2025-06-25T05:14:53.651Z [INFO] GET /api/orders
2025-06-25T05:14:53.663Z [INFO] OPTIONS /api/stats/system-status
2025-06-25T05:14:53.668Z [INFO] GET /api/stats/system-status
2025-06-25T05:14:53.670Z [WARN] Route not found: GET /api/stats/system-status
2025-06-25T05:14:53.676Z [INFO] OPTIONS /api/notifications/recent
2025-06-25T05:14:53.678Z [INFO] GET /api/notifications/recent
2025-06-25T05:14:53.680Z [WARN] Route not found: GET /api/notifications/recent
2025-06-25T05:14:53.687Z [INFO] OPTIONS /api/stats/performance
2025-06-25T05:14:53.691Z [INFO] GET /api/stats/performance
2025-06-25T05:14:53.693Z [WARN] Route not found: GET /api/stats/performance
2025-06-25T05:15:00.230Z [INFO] Scheduler: Running job 'expandRecurrences'
2025-06-25T05:15:00.233Z [INFO] ExpandRecurrences: Starting job
2025-06-25T05:15:00.251Z [INFO] ExpandRecurrences: Job completed, created 0 new recurring orders
2025-06-25T05:15:00.253Z [INFO] Scheduler: Job 'expandRecurrences' completed, next run: Wed Jun 25 2025 08:15:00 GMT+0300 (Eastern European Summer Time)
2025-06-25T05:15:03.867Z [INFO] OPTIONS /api/stats/dashboard
2025-06-25T05:15:03.871Z [INFO] GET /api/stats/dashboard
2025-06-25T05:15:03.873Z [ERROR] Error getting dashboard: Cannot read properties of undefined (reading 'locationId')
2025-06-25T05:15:03.880Z [INFO] OPTIONS /api/orders
2025-06-25T05:15:03.885Z [INFO] GET /api/orders
2025-06-25T05:15:03.896Z [INFO] OPTIONS /api/stats/system-status
2025-06-25T05:15:03.900Z [INFO] GET /api/stats/system-status
2025-06-25T05:15:03.902Z [WARN] Route not found: GET /api/stats/system-status
2025-06-25T05:15:03.910Z [INFO] OPTIONS /api/notifications/recent
2025-06-25T05:15:03.914Z [INFO] GET /api/notifications/recent
2025-06-25T05:15:03.916Z [WARN] Route not found: GET /api/notifications/recent
2025-06-25T05:15:03.924Z [INFO] OPTIONS /api/stats/performance
2025-06-25T05:15:03.929Z [INFO] GET /api/stats/performance
2025-06-25T05:15:03.930Z [WARN] Route not found: GET /api/stats/performance
2025-06-25T05:15:05.711Z [INFO] GET /api/stats/dashboard
2025-06-25T05:15:05.713Z [ERROR] Error getting dashboard: Cannot read properties of undefined (reading 'locationId')
2025-06-25T05:15:05.722Z [INFO] GET /api/orders
2025-06-25T05:15:05.732Z [INFO] GET /api/stats/system-status
2025-06-25T05:15:05.733Z [WARN] Route not found: GET /api/stats/system-status
2025-06-25T05:15:05.742Z [INFO] GET /api/notifications/recent
2025-06-25T05:15:05.744Z [WARN] Route not found: GET /api/notifications/recent
2025-06-25T05:15:05.753Z [INFO] GET /api/stats/performance
2025-06-25T05:15:05.754Z [WARN] Route not found: GET /api/stats/performance
2025-06-25T05:15:07.321Z [INFO] GET /api/stats/dashboard
2025-06-25T05:15:07.322Z [ERROR] Error getting dashboard: Cannot read properties of undefined (reading 'locationId')
2025-06-25T05:15:07.334Z [INFO] GET /api/orders
2025-06-25T05:15:07.345Z [INFO] GET /api/stats/system-status
2025-06-25T05:15:07.347Z [WARN] Route not found: GET /api/stats/system-status
2025-06-25T05:15:07.355Z [INFO] GET /api/notifications/recent
2025-06-25T05:15:07.357Z [WARN] Route not found: GET /api/notifications/recent
2025-06-25T05:15:07.364Z [INFO] GET /api/stats/performance
2025-06-25T05:15:07.365Z [WARN] Route not found: GET /api/stats/performance
2025-06-25T05:15:08.222Z [INFO] GET /api/stats/dashboard
2025-06-25T05:15:08.224Z [ERROR] Error getting dashboard: Cannot read properties of undefined (reading 'locationId')
2025-06-25T05:15:08.239Z [INFO] GET /api/orders
2025-06-25T05:15:08.252Z [INFO] GET /api/stats/system-status
2025-06-25T05:15:08.253Z [WARN] Route not found: GET /api/stats/system-status
2025-06-25T05:15:08.259Z [INFO] GET /api/notifications/recent
2025-06-25T05:15:08.261Z [WARN] Route not found: GET /api/notifications/recent
2025-06-25T05:15:08.268Z [INFO] GET /api/stats/performance
2025-06-25T05:15:08.270Z [WARN] Route not found: GET /api/stats/performance
2025-06-25T05:15:18.693Z [INFO] OPTIONS /api/stats/dashboard
2025-06-25T05:15:18.708Z [INFO] OPTIONS /api/orders
2025-06-25T05:15:18.713Z [INFO] GET /api/orders
2025-06-25T05:15:18.724Z [INFO] OPTIONS /api/stats/system-status
2025-06-25T05:15:18.729Z [INFO] GET /api/stats/system-status
2025-06-25T05:15:18.731Z [WARN] Route not found: GET /api/stats/system-status
2025-06-25T05:15:18.738Z [INFO] OPTIONS /api/notifications/recent
2025-06-25T05:15:18.740Z [INFO] GET /api/notifications/recent
2025-06-25T05:15:18.742Z [WARN] Route not found: GET /api/notifications/recent
2025-06-25T05:15:18.750Z [INFO] OPTIONS /api/stats/performance
2025-06-25T05:15:18.754Z [INFO] GET /api/stats/performance
2025-06-25T05:15:18.755Z [WARN] Route not found: GET /api/stats/performance
2025-06-25T05:16:00.233Z [INFO] Scheduler: Running job 'expandRecurrences'
2025-06-25T05:16:00.234Z [INFO] ExpandRecurrences: Starting job
2025-06-25T05:16:00.311Z [INFO] ExpandRecurrences: Job completed, created 0 new recurring orders
2025-06-25T05:16:00.312Z [INFO] Scheduler: Job 'expandRecurrences' completed, next run: Wed Jun 25 2025 08:20:00 GMT+0300 (Eastern European Summer Time)
2025-06-25T05:16:00.312Z [INFO] Scheduler: Running job 'checkEquipmentStatus'
2025-06-25T05:16:00.313Z [INFO] CheckEquipmentStatus: Starting equipment monitoring job
2025-06-25T05:16:00.313Z [INFO] Starting equipment status check...
2025-06-25T05:16:00.315Z [ERROR] SQL error after 2ms: column em.ended_at does not exist
2025-06-25T05:16:00.315Z [ERROR] Failed query: 
            SELECT 
                e.*,
                l.name as location_name,
                MAX(em.ended_at) as last_maintenance
            FROM equipment e
            JOIN locations l ON e.location_id = l.location_id
            LEFT JOIN equipment_maintenance em ON e.equipment_id = em.equipment_id 
                AND em.ended_at IS NOT NULL
            WHERE e.status = 'OPERATIVE'
            GROUP BY e.equipment_id, l.name
            HAVING MAX(em.ended_at) < NOW() - INTERVAL '90 days' OR MAX(em.ended_at) IS NULL
            ORDER BY last_maintenance ASC NULLS FIRST
        
2025-06-25T05:16:00.315Z [ERROR] Error checking equipment status:
2025-06-25T05:16:00.316Z [ERROR] CheckEquipmentStatus: Job failed
2025-06-25T05:16:00.316Z [INFO] Scheduler: Job 'checkEquipmentStatus' completed, next run: Wed Jun 25 2025 08:17:00 GMT+0300 (Eastern European Summer Time)
2025-06-25T05:16:00.316Z [INFO] Scheduler: Running job 'updateWeatherData'
2025-06-25T05:16:00.317Z [INFO] Starting weather data update job...
2025-06-25T05:16:00.318Z [INFO] Starting weather data update for all locations...
2025-06-25T05:16:00.386Z [ERROR] Error updating weather data:
2025-06-25T05:16:00.387Z [ERROR] Weather data update job failed:
2025-06-25T05:16:00.387Z [INFO] Scheduler: Job 'updateWeatherData' completed, next run: Wed Jun 25 2025 08:17:00 GMT+0300 (Eastern European Summer Time)
2025-06-25T05:16:00.387Z [INFO] Scheduler: Running job 'exceptionDetection'
2025-06-25T05:16:00.388Z [INFO] Starting automated exception detection...
2025-06-25T05:16:00.388Z [INFO] Running comprehensive exception detection...
2025-06-25T05:16:00.389Z [ERROR] SQL error after 1ms: column l.id does not exist
2025-06-25T05:16:00.390Z [ERROR] Failed query: 
        SELECT 
          l.id as location_id,
          l.name as location_name,
          COUNT(e.id) as total_employees,
          COUNT(CASE WHEN e.status = 'ACTIVE' THEN 1 END) as active_employees,
          COUNT(CASE WHEN e.status = 'SICK' THEN 1 END) as sick_employees,
          COUNT(CASE WHEN e.status = 'VACATION' THEN 1 END) as vacation_employees
        FROM locations l
        LEFT JOIN employees e ON l.id = e.location_id
       GROUP BY l.id, l.name
2025-06-25T05:16:00.390Z [ERROR] Error detecting staff unavailability: column l.id does not exist
2025-06-25T05:16:00.489Z [ERROR] SQL error after 101ms: column l.id does not exist
2025-06-25T05:16:00.489Z [ERROR] Failed query: 
        SELECT 
          e.id,
          e.name,
          e.type,
          e.status,
          e.location_id,
          l.name as location_name,
          EXTRACT(days FROM (NOW() - e.updated_at)) as days_since_update,
          COUNT(em.id) as recent_maintenance
        FROM equipment e
        JOIN locations l ON e.location_id = l.id
        LEFT JOIN equipment_maintenance em ON e.id = em.equipment_id 
          AND em.created_at >= NOW() - INTERVAL '30 days'
      
        GROUP BY e.id, e.name, e.type, e.status, e.location_id, l.name, e.updated_at
        HAVING e.status = 'OUT_OF_SERVICE' 
          OR EXTRACT(days FROM (NOW() - e.updated_at)) > 7
        ORDER BY days_since_update DESC
      
2025-06-25T05:16:00.490Z [ERROR] Error detecting equipment failures: column l.id does not exist
2025-06-25T05:16:00.491Z [ERROR] SQL error after 103ms: column l.id does not exist
2025-06-25T05:16:00.491Z [ERROR] Failed query: 
        SELECT 
          l.id as location_id,
          l.name as location_name,
          COUNT(e.id) as total_equipment,
          COUNT(CASE WHEN e.status = 'OUT_OF_SERVICE' THEN 1 END) as out_of_service,
          COUNT(CASE WHEN e.updated_at < NOW() - INTERVAL '2 hours' THEN 1 END) as stale_equipment
        FROM locations l
        LEFT JOIN equipment e ON l.id = e.location_id
       GROUP BY l.id, l.name
2025-06-25T05:16:00.492Z [ERROR] Error detecting power outage: column l.id does not exist
2025-06-25T05:16:00.494Z [ERROR] SQL error after 106ms: column o.id does not exist
2025-06-25T05:16:00.494Z [ERROR] Failed query: 
        SELECT 
          t.id,
          t.status,
          t.location_id,
          l.name as location_name,
          o.id as order_id,
          EXTRACT(hours FROM (NOW() - t.created_at)) as hours_since_created,
          EXTRACT(hours FROM (NOW() - t.updated_at)) as hours_since_updated
        FROM transports t
        JOIN orders o ON t.order_id = o.id
        JOIN locations l ON t.location_id = l.id
        WHERE t.status IN ('PENDING', 'IN_PROGRESS')
       ORDER BY t.created_at ASC
2025-06-25T05:16:00.495Z [ERROR] Error detecting transport issues: column o.id does not exist
2025-06-25T05:16:00.495Z [INFO] Exception detection completed: 0 issues found
2025-06-25T05:16:00.496Z [INFO] Exception detection completed: 0 total issues found
2025-06-25T05:16:00.496Z [INFO] - Staff issues: 0
2025-06-25T05:16:00.496Z [INFO] - Power issues: 0
2025-06-25T05:16:00.496Z [INFO] - Equipment issues: 0
2025-06-25T05:16:00.497Z [INFO] - Transport issues: 0
2025-06-25T05:16:00.497Z [INFO] Creating notification: SYSTEM_STATUS_OK - LOW - All systems operational - no critical issues detected
2025-06-25T05:16:00.498Z [ERROR] Failed to send notification via websocket: WebSocket notification failed: broadcastToAllClients is not a function
2025-06-25T05:16:00.498Z [INFO] Exception detection completed successfully in 111ms
2025-06-25T05:16:00.499Z [INFO] Scheduler: Job 'exceptionDetection' completed, next run: Wed Jun 25 2025 08:17:00 GMT+0300 (Eastern European Summer Time)
2025-06-25T05:16:54.474Z [INFO] OPTIONS /api/stats/dashboard
2025-06-25T05:16:54.476Z [INFO] GET /api/stats/dashboard
2025-06-25T05:16:54.477Z [ERROR] Error getting dashboard: Cannot read properties of undefined (reading 'locationId')
2025-06-25T05:16:54.483Z [INFO] OPTIONS /api/orders
2025-06-25T05:16:54.485Z [INFO] GET /api/orders
2025-06-25T05:16:54.547Z [INFO] OPTIONS /api/stats/system-status
2025-06-25T05:16:54.549Z [INFO] GET /api/stats/system-status
2025-06-25T05:16:54.549Z [WARN] Route not found: GET /api/stats/system-status
2025-06-25T05:16:54.554Z [INFO] OPTIONS /api/notifications/recent
2025-06-25T05:16:54.557Z [INFO] GET /api/notifications/recent
2025-06-25T05:16:54.558Z [WARN] Route not found: GET /api/notifications/recent
2025-06-25T05:16:54.562Z [INFO] OPTIONS /api/stats/performance
2025-06-25T05:16:54.564Z [INFO] GET /api/stats/performance
2025-06-25T05:16:54.565Z [WARN] Route not found: GET /api/stats/performance
2025-06-25T05:16:56.714Z [INFO] GET /api/stats/dashboard
2025-06-25T05:16:56.715Z [ERROR] Error getting dashboard: Cannot read properties of undefined (reading 'locationId')
2025-06-25T05:16:56.723Z [INFO] GET /api/orders
2025-06-25T05:16:56.729Z [INFO] GET /api/stats/system-status
2025-06-25T05:16:56.730Z [WARN] Route not found: GET /api/stats/system-status
2025-06-25T05:16:56.735Z [INFO] GET /api/notifications/recent
2025-06-25T05:16:56.736Z [WARN] Route not found: GET /api/notifications/recent
2025-06-25T05:16:56.741Z [INFO] GET /api/stats/performance
2025-06-25T05:16:56.742Z [WARN] Route not found: GET /api/stats/performance
2025-06-25T05:16:59.169Z [INFO] GET /api/stats/dashboard
2025-06-25T05:16:59.169Z [ERROR] Error getting dashboard: Cannot read properties of undefined (reading 'locationId')
2025-06-25T05:16:59.177Z [INFO] GET /api/orders
2025-06-25T05:16:59.186Z [INFO] GET /api/stats/system-status
2025-06-25T05:16:59.186Z [WARN] Route not found: GET /api/stats/system-status
2025-06-25T05:16:59.192Z [INFO] GET /api/notifications/recent
2025-06-25T05:16:59.193Z [WARN] Route not found: GET /api/notifications/recent
2025-06-25T05:16:59.198Z [INFO] GET /api/stats/performance
2025-06-25T05:16:59.200Z [WARN] Route not found: GET /api/stats/performance
2025-06-25T05:17:00.421Z [INFO] OPTIONS /api/stats/dashboard
2025-06-25T05:17:00.423Z [INFO] GET /api/stats/dashboard
2025-06-25T05:17:00.424Z [ERROR] Error getting dashboard: Cannot read properties of undefined (reading 'locationId')
2025-06-25T05:17:00.431Z [INFO] OPTIONS /api/orders
2025-06-25T05:17:00.434Z [INFO] GET /api/orders
2025-06-25T05:17:00.440Z [INFO] OPTIONS /api/stats/system-status
2025-06-25T05:17:00.443Z [INFO] GET /api/stats/system-status
2025-06-25T05:17:00.444Z [WARN] Route not found: GET /api/stats/system-status
2025-06-25T05:17:00.450Z [INFO] OPTIONS /api/notifications/recent
2025-06-25T05:17:00.453Z [INFO] GET /api/notifications/recent
2025-06-25T05:17:00.453Z [WARN] Route not found: GET /api/notifications/recent
2025-06-25T05:17:00.460Z [INFO] OPTIONS /api/stats/performance
2025-06-25T05:17:00.462Z [INFO] GET /api/stats/performance
2025-06-25T05:17:00.463Z [WARN] Route not found: GET /api/stats/performance
2025-06-25T05:17:02.042Z [INFO] GET /api/stats/dashboard
2025-06-25T05:17:02.044Z [ERROR] Error getting dashboard: Cannot read properties of undefined (reading 'locationId')
2025-06-25T05:17:02.052Z [INFO] GET /api/orders
2025-06-25T05:17:02.059Z [INFO] GET /api/stats/system-status
2025-06-25T05:17:02.059Z [WARN] Route not found: GET /api/stats/system-status
2025-06-25T05:17:02.063Z [INFO] GET /api/notifications/recent
2025-06-25T05:17:02.064Z [WARN] Route not found: GET /api/notifications/recent
2025-06-25T05:17:02.069Z [INFO] GET /api/stats/performance
2025-06-25T05:17:02.070Z [WARN] Route not found: GET /api/stats/performance
2025-06-25T05:17:06.376Z [INFO] OPTIONS /api/stats/dashboard
2025-06-25T05:17:06.378Z [INFO] GET /api/stats/dashboard
2025-06-25T05:17:06.379Z [ERROR] Error getting dashboard: Cannot read properties of undefined (reading 'locationId')
2025-06-25T05:17:06.388Z [INFO] OPTIONS /api/orders
2025-06-25T05:17:06.392Z [INFO] GET /api/orders
2025-06-25T05:17:06.397Z [INFO] OPTIONS /api/stats/system-status
2025-06-25T05:17:06.399Z [INFO] GET /api/stats/system-status
2025-06-25T05:17:06.399Z [WARN] Route not found: GET /api/stats/system-status
2025-06-25T05:17:06.403Z [INFO] OPTIONS /api/notifications/recent
2025-06-25T05:17:06.406Z [INFO] GET /api/notifications/recent
2025-06-25T05:17:06.407Z [WARN] Route not found: GET /api/notifications/recent
2025-06-25T05:17:06.411Z [INFO] OPTIONS /api/stats/performance
2025-06-25T05:17:06.413Z [INFO] GET /api/stats/performance
2025-06-25T05:17:06.413Z [WARN] Route not found: GET /api/stats/performance
2025-06-25T05:17:11.394Z [INFO] OPTIONS /api/stats/dashboard
2025-06-25T05:17:11.396Z [INFO] GET /api/stats/dashboard
2025-06-25T05:17:11.397Z [ERROR] Error getting dashboard: Cannot read properties of undefined (reading 'locationId')
2025-06-25T05:17:11.404Z [INFO] OPTIONS /api/orders
2025-06-25T05:17:11.406Z [INFO] GET /api/orders
2025-06-25T05:17:11.413Z [INFO] OPTIONS /api/stats/system-status
2025-06-25T05:17:11.416Z [INFO] GET /api/stats/system-status
2025-06-25T05:17:11.416Z [WARN] Route not found: GET /api/stats/system-status
2025-06-25T05:17:11.421Z [INFO] OPTIONS /api/notifications/recent
2025-06-25T05:17:11.423Z [INFO] GET /api/notifications/recent
2025-06-25T05:17:11.424Z [WARN] Route not found: GET /api/notifications/recent
2025-06-25T05:17:11.429Z [INFO] OPTIONS /api/stats/performance
2025-06-25T05:17:11.431Z [INFO] GET /api/stats/performance
2025-06-25T05:17:11.431Z [WARN] Route not found: GET /api/stats/performance
2025-06-25T05:17:29.720Z [INFO] OPTIONS /api/stats/dashboard
2025-06-25T05:17:29.723Z [INFO] GET /api/stats/dashboard
2025-06-25T05:17:29.723Z [ERROR] Error getting dashboard: Cannot read properties of undefined (reading 'locationId')
2025-06-25T05:17:29.728Z [INFO] OPTIONS /api/orders
2025-06-25T05:17:29.732Z [INFO] GET /api/orders
2025-06-25T05:17:29.738Z [INFO] OPTIONS /api/stats/system-status
2025-06-25T05:17:29.743Z [INFO] GET /api/stats/system-status
2025-06-25T05:17:29.744Z [WARN] Route not found: GET /api/stats/system-status
2025-06-25T05:17:29.750Z [INFO] OPTIONS /api/notifications/recent
2025-06-25T05:17:29.753Z [INFO] GET /api/notifications/recent
2025-06-25T05:17:29.754Z [WARN] Route not found: GET /api/notifications/recent
2025-06-25T05:17:29.759Z [INFO] OPTIONS /api/stats/performance
2025-06-25T05:17:29.763Z [INFO] GET /api/stats/performance
2025-06-25T05:17:29.763Z [WARN] Route not found: GET /api/stats/performance
2025-06-25T05:17:30.422Z [INFO] GET /api/stats/dashboard
2025-06-25T05:17:30.422Z [ERROR] Error getting dashboard: Cannot read properties of undefined (reading 'locationId')
2025-06-25T05:17:30.428Z [INFO] GET /api/orders
2025-06-25T05:17:30.434Z [INFO] GET /api/stats/system-status
2025-06-25T05:17:30.434Z [WARN] Route not found: GET /api/stats/system-status
2025-06-25T05:17:30.442Z [INFO] GET /api/notifications/recent
2025-06-25T05:17:30.443Z [WARN] Route not found: GET /api/notifications/recent
2025-06-25T05:17:30.448Z [INFO] GET /api/stats/performance
2025-06-25T05:17:30.449Z [WARN] Route not found: GET /api/stats/performance
2025-06-25T05:17:31.102Z [INFO] GET /api/stats/dashboard
2025-06-25T05:17:31.103Z [ERROR] Error getting dashboard: Cannot read properties of undefined (reading 'locationId')
2025-06-25T05:17:31.110Z [INFO] GET /api/orders
2025-06-25T05:17:31.115Z [INFO] GET /api/stats/system-status
2025-06-25T05:17:31.116Z [WARN] Route not found: GET /api/stats/system-status
2025-06-25T05:17:31.119Z [INFO] GET /api/notifications/recent
2025-06-25T05:17:31.120Z [WARN] Route not found: GET /api/notifications/recent
2025-06-25T05:17:31.126Z [INFO] GET /api/stats/performance
2025-06-25T05:17:31.127Z [WARN] Route not found: GET /api/stats/performance
2025-06-25T05:18:57.861Z [INFO] Connecting to PostgreSQL: postgres@localhost:5432/twproject
2025-06-25T05:18:57.885Z [INFO] AlertService: SMTP client initialized
2025-06-25T05:18:57.893Z [INFO] Minimal server listening on port 8000
2025-06-25T05:18:57.896Z [INFO] Scheduler: Job 'expandRecurrences' added, next run: Wed Jun 25 2025 08:20:00 GMT+0300 (Eastern European Summer Time)
2025-06-25T05:18:57.897Z [INFO] Scheduler: Job 'checkInventory' added, next run: Wed Jun 25 2025 09:00:00 GMT+0300 (Eastern European Summer Time)
2025-06-25T05:18:57.897Z [INFO] Scheduler: Job 'checkEquipmentStatus' added, next run: Wed Jun 25 2025 08:19:57 GMT+0300 (Eastern European Summer Time)
2025-06-25T05:18:57.897Z [INFO] Scheduler: Job 'updateWeatherData' added, next run: Wed Jun 25 2025 08:19:57 GMT+0300 (Eastern European Summer Time)
2025-06-25T05:18:57.897Z [INFO] Scheduler: Job 'generateDailyStats' added, next run: Thu Jun 26 2025 00:00:00 GMT+0300 (Eastern European Summer Time)
2025-06-25T05:18:57.897Z [INFO] Scheduler: Job 'exceptionDetection' added, next run: Wed Jun 25 2025 08:19:57 GMT+0300 (Eastern European Summer Time)
2025-06-25T05:18:57.898Z [INFO] Scheduler: Starting...
2025-06-25T05:18:57.898Z [INFO] Scheduler: Started successfully
2025-06-25T05:18:57.898Z [INFO] Server and scheduler started successfully
2025-06-25T05:18:58.057Z [INFO] PostgreSQL connection successful. Server time: Wed Jun 25 2025 08:18:58 GMT+0300 (Eastern European Summer Time)
2025-06-25T05:19:00.592Z [INFO] OPTIONS /api/auth/login
2025-06-25T05:19:00.595Z [INFO] POST /api/auth/login
2025-06-25T05:19:00.596Z [INFO] POST /api/login or /api/auth/login
2025-06-25T05:19:00.685Z [INFO] AuthService: Successful login for test@gmail.com
2025-06-25T05:19:00.686Z [INFO] Login: Success for user test@gmail.com
2025-06-25T05:19:02.250Z [INFO] OPTIONS /api/stats/dashboard
2025-06-25T05:19:02.256Z [INFO] GET /api/stats/dashboard
2025-06-25T05:19:02.257Z [ERROR] Error getting dashboard: Cannot read properties of undefined (reading 'locationId')
2025-06-25T05:19:02.263Z [INFO] OPTIONS /api/orders
2025-06-25T05:19:02.266Z [INFO] GET /api/orders
2025-06-25T05:19:02.290Z [INFO] OPTIONS /api/stats/system-status
2025-06-25T05:19:02.293Z [INFO] GET /api/stats/system-status
2025-06-25T05:19:02.294Z [WARN] Route not found: GET /api/stats/system-status
2025-06-25T05:19:02.299Z [INFO] OPTIONS /api/notifications/recent
2025-06-25T05:19:02.302Z [INFO] GET /api/notifications/recent
2025-06-25T05:19:02.302Z [WARN] Route not found: GET /api/notifications/recent
2025-06-25T05:19:02.306Z [INFO] OPTIONS /api/stats/performance
2025-06-25T05:19:02.309Z [INFO] GET /api/stats/performance
2025-06-25T05:19:02.310Z [WARN] Route not found: GET /api/stats/performance
2025-06-25T05:19:05.220Z [INFO] GET /api/stats/system-status
2025-06-25T05:19:05.220Z [WARN] Route not found: GET /api/stats/system-status
2025-06-25T05:19:05.224Z [INFO] GET /api/notifications/recent
2025-06-25T05:19:05.225Z [WARN] Route not found: GET /api/notifications/recent
2025-06-25T05:19:05.228Z [INFO] GET /api/stats/performance
2025-06-25T05:19:05.229Z [WARN] Route not found: GET /api/stats/performance
2025-06-25T05:19:57.902Z [INFO] Scheduler: Running job 'checkEquipmentStatus'
2025-06-25T05:19:57.903Z [INFO] CheckEquipmentStatus: Starting equipment monitoring job
2025-06-25T05:19:57.903Z [INFO] Starting equipment status check...
2025-06-25T05:19:58.063Z [ERROR] SQL error after 159ms: column em.ended_at does not exist
2025-06-25T05:19:58.063Z [ERROR] Failed query: 
            SELECT 
                e.*,
                l.name as location_name,
                MAX(em.ended_at) as last_maintenance
            FROM equipment e
            JOIN locations l ON e.location_id = l.location_id
            LEFT JOIN equipment_maintenance em ON e.equipment_id = em.equipment_id 
                AND em.ended_at IS NOT NULL
            WHERE e.status = 'OPERATIVE'
            GROUP BY e.equipment_id, l.name
            HAVING MAX(em.ended_at) < NOW() - INTERVAL '90 days' OR MAX(em.ended_at) IS NULL
            ORDER BY last_maintenance ASC NULLS FIRST
        
2025-06-25T05:19:58.063Z [ERROR] Error checking equipment status:
2025-06-25T05:19:58.064Z [ERROR] CheckEquipmentStatus: Job failed
2025-06-25T05:19:58.064Z [INFO] Scheduler: Job 'checkEquipmentStatus' completed, next run: Wed Jun 25 2025 08:20:58 GMT+0300 (Eastern European Summer Time)
2025-06-25T05:19:58.064Z [INFO] Scheduler: Running job 'updateWeatherData'
2025-06-25T05:19:58.065Z [INFO] Starting weather data update job...
2025-06-25T05:19:58.065Z [INFO] Starting weather data update for all locations...
2025-06-25T05:19:58.109Z [ERROR] Error updating weather data:
2025-06-25T05:19:58.109Z [ERROR] Weather data update job failed:
2025-06-25T05:19:58.110Z [INFO] Scheduler: Job 'updateWeatherData' completed, next run: Wed Jun 25 2025 08:20:58 GMT+0300 (Eastern European Summer Time)
2025-06-25T05:19:58.110Z [INFO] Scheduler: Running job 'exceptionDetection'
2025-06-25T05:19:58.110Z [INFO] Starting automated exception detection...
2025-06-25T05:19:58.111Z [INFO] Running comprehensive exception detection...
2025-06-25T05:19:58.112Z [ERROR] SQL error after 1ms: column l.id does not exist
2025-06-25T05:19:58.113Z [ERROR] Failed query: 
        SELECT 
          l.id as location_id,
          l.name as location_name,
          COUNT(e.id) as total_employees,
          COUNT(CASE WHEN e.status = 'ACTIVE' THEN 1 END) as active_employees,
          COUNT(CASE WHEN e.status = 'SICK' THEN 1 END) as sick_employees,
          COUNT(CASE WHEN e.status = 'VACATION' THEN 1 END) as vacation_employees
        FROM locations l
        LEFT JOIN employees e ON l.id = e.location_id
       GROUP BY l.id, l.name
2025-06-25T05:19:58.113Z [ERROR] Error detecting staff unavailability: column l.id does not exist
2025-06-25T05:19:58.175Z [ERROR] SQL error after 64ms: column l.id does not exist
2025-06-25T05:19:58.175Z [ERROR] Failed query: 
        SELECT 
          l.id as location_id,
          l.name as location_name,
          COUNT(e.id) as total_equipment,
          COUNT(CASE WHEN e.status = 'OUT_OF_SERVICE' THEN 1 END) as out_of_service,
          COUNT(CASE WHEN e.updated_at < NOW() - INTERVAL '2 hours' THEN 1 END) as stale_equipment
        FROM locations l
        LEFT JOIN equipment e ON l.id = e.location_id
       GROUP BY l.id, l.name
2025-06-25T05:19:58.176Z [ERROR] Error detecting power outage: column l.id does not exist
2025-06-25T05:19:58.178Z [ERROR] SQL error after 66ms: column o.id does not exist
2025-06-25T05:19:58.178Z [ERROR] Failed query: 
        SELECT 
          t.id,
          t.status,
          t.location_id,
          l.name as location_name,
          o.id as order_id,
          EXTRACT(hours FROM (NOW() - t.created_at)) as hours_since_created,
          EXTRACT(hours FROM (NOW() - t.updated_at)) as hours_since_updated
        FROM transports t
        JOIN orders o ON t.order_id = o.id
        JOIN locations l ON t.location_id = l.id
        WHERE t.status IN ('PENDING', 'IN_PROGRESS')
       ORDER BY t.created_at ASC
2025-06-25T05:19:58.179Z [ERROR] Error detecting transport issues: column o.id does not exist
2025-06-25T05:19:58.179Z [ERROR] SQL error after 68ms: column l.id does not exist
2025-06-25T05:19:58.180Z [ERROR] Failed query: 
        SELECT 
          e.id,
          e.name,
          e.type,
          e.status,
          e.location_id,
          l.name as location_name,
          EXTRACT(days FROM (NOW() - e.updated_at)) as days_since_update,
          COUNT(em.id) as recent_maintenance
        FROM equipment e
        JOIN locations l ON e.location_id = l.id
        LEFT JOIN equipment_maintenance em ON e.id = em.equipment_id 
          AND em.created_at >= NOW() - INTERVAL '30 days'
      
        GROUP BY e.id, e.name, e.type, e.status, e.location_id, l.name, e.updated_at
        HAVING e.status = 'OUT_OF_SERVICE' 
          OR EXTRACT(days FROM (NOW() - e.updated_at)) > 7
        ORDER BY days_since_update DESC
      
2025-06-25T05:19:58.180Z [ERROR] Error detecting equipment failures: column l.id does not exist
2025-06-25T05:19:58.180Z [INFO] Exception detection completed: 0 issues found
2025-06-25T05:19:58.181Z [INFO] Exception detection completed: 0 total issues found
2025-06-25T05:19:58.181Z [INFO] - Staff issues: 0
2025-06-25T05:19:58.181Z [INFO] - Power issues: 0
2025-06-25T05:19:58.181Z [INFO] - Equipment issues: 0
2025-06-25T05:19:58.182Z [INFO] - Transport issues: 0
2025-06-25T05:19:58.182Z [INFO] Creating notification: SYSTEM_STATUS_OK - LOW - All systems operational - no critical issues detected
2025-06-25T05:19:58.183Z [ERROR] Failed to send notification via websocket: WebSocket notification failed: broadcastToAllClients is not a function
2025-06-25T05:19:58.184Z [INFO] Exception detection completed successfully in 74ms
2025-06-25T05:19:58.184Z [INFO] Scheduler: Job 'exceptionDetection' completed, next run: Wed Jun 25 2025 08:20:58 GMT+0300 (Eastern European Summer Time)
2025-06-25T05:20:25.369Z [INFO] OPTIONS /api/stats/dashboard
2025-06-25T05:20:25.372Z [INFO] GET /api/stats/dashboard
2025-06-25T05:20:25.373Z [ERROR] Error getting dashboard: Cannot read properties of undefined (reading 'locationId')
2025-06-25T05:20:25.382Z [INFO] OPTIONS /api/orders
2025-06-25T05:20:25.384Z [INFO] GET /api/orders
2025-06-25T05:20:25.443Z [INFO] OPTIONS /api/stats/system-status
2025-06-25T05:20:25.446Z [INFO] GET /api/stats/system-status
2025-06-25T05:20:25.447Z [WARN] Route not found: GET /api/stats/system-status
2025-06-25T05:20:25.452Z [INFO] OPTIONS /api/notifications/recent
2025-06-25T05:20:25.454Z [INFO] GET /api/notifications/recent
2025-06-25T05:20:25.455Z [WARN] Route not found: GET /api/notifications/recent
2025-06-25T05:20:25.459Z [INFO] OPTIONS /api/stats/performance
2025-06-25T05:20:25.463Z [INFO] GET /api/stats/performance
2025-06-25T05:20:25.463Z [WARN] Route not found: GET /api/stats/performance
2025-06-25T05:20:27.535Z [INFO] GET /api/stats/dashboard
2025-06-25T05:20:27.536Z [ERROR] Error getting dashboard: Cannot read properties of undefined (reading 'locationId')
2025-06-25T05:20:27.548Z [INFO] GET /api/orders
2025-06-25T05:20:27.556Z [INFO] GET /api/stats/system-status
2025-06-25T05:20:27.557Z [WARN] Route not found: GET /api/stats/system-status
2025-06-25T05:20:27.563Z [INFO] GET /api/notifications/recent
2025-06-25T05:20:27.564Z [WARN] Route not found: GET /api/notifications/recent
2025-06-25T05:20:27.568Z [INFO] GET /api/stats/performance
2025-06-25T05:20:27.569Z [WARN] Route not found: GET /api/stats/performance
2025-06-25T05:20:35.082Z [INFO] OPTIONS /api/stats/dashboard
2025-06-25T05:20:35.085Z [INFO] GET /api/stats/dashboard
2025-06-25T05:20:35.086Z [ERROR] Error getting dashboard: Cannot read properties of undefined (reading 'locationId')
2025-06-25T05:20:35.093Z [INFO] OPTIONS /api/orders
2025-06-25T05:20:35.096Z [INFO] GET /api/orders
2025-06-25T05:20:35.105Z [INFO] OPTIONS /api/stats/system-status
2025-06-25T05:20:35.107Z [INFO] GET /api/stats/system-status
2025-06-25T05:20:35.108Z [WARN] Route not found: GET /api/stats/system-status
2025-06-25T05:20:35.113Z [INFO] OPTIONS /api/notifications/recent
2025-06-25T05:20:35.115Z [INFO] GET /api/notifications/recent
2025-06-25T05:20:35.116Z [WARN] Route not found: GET /api/notifications/recent
2025-06-25T05:20:35.121Z [INFO] OPTIONS /api/stats/performance
2025-06-25T05:20:35.124Z [INFO] GET /api/stats/performance
2025-06-25T05:20:35.125Z [WARN] Route not found: GET /api/stats/performance
2025-06-25T05:20:46.551Z [INFO] OPTIONS /api/stats/dashboard
2025-06-25T05:20:46.554Z [INFO] GET /api/stats/dashboard
2025-06-25T05:20:46.555Z [ERROR] Error getting dashboard: Cannot read properties of undefined (reading 'locationId')
2025-06-25T05:20:46.561Z [INFO] OPTIONS /api/orders
2025-06-25T05:20:46.564Z [INFO] GET /api/orders
2025-06-25T05:20:46.571Z [INFO] OPTIONS /api/stats/system-status
2025-06-25T05:20:46.573Z [INFO] GET /api/stats/system-status
2025-06-25T05:20:46.574Z [WARN] Route not found: GET /api/stats/system-status
2025-06-25T05:20:46.578Z [INFO] OPTIONS /api/notifications/recent
2025-06-25T05:20:46.580Z [INFO] GET /api/notifications/recent
2025-06-25T05:20:46.581Z [WARN] Route not found: GET /api/notifications/recent
2025-06-25T05:20:46.585Z [INFO] OPTIONS /api/stats/performance
2025-06-25T05:20:46.588Z [INFO] GET /api/stats/performance
2025-06-25T05:20:46.588Z [WARN] Route not found: GET /api/stats/performance
2025-06-25T05:20:47.868Z [INFO] GET /api/stats/dashboard
2025-06-25T05:20:47.869Z [ERROR] Error getting dashboard: Cannot read properties of undefined (reading 'locationId')
2025-06-25T05:20:47.875Z [INFO] GET /api/orders
2025-06-25T05:20:47.881Z [INFO] GET /api/stats/system-status
2025-06-25T05:20:47.881Z [WARN] Route not found: GET /api/stats/system-status
2025-06-25T05:20:47.888Z [INFO] GET /api/notifications/recent
2025-06-25T05:20:47.889Z [WARN] Route not found: GET /api/notifications/recent
2025-06-25T05:20:47.893Z [INFO] GET /api/stats/performance
2025-06-25T05:20:47.894Z [WARN] Route not found: GET /api/stats/performance
2025-06-25T05:20:57.907Z [INFO] Scheduler: Running job 'expandRecurrences'
2025-06-25T05:20:57.908Z [INFO] ExpandRecurrences: Starting job
2025-06-25T05:20:57.910Z [INFO] ExpandRecurrences: Job completed, created 0 new recurring orders
2025-06-25T05:20:57.911Z [INFO] Scheduler: Job 'expandRecurrences' completed, next run: Wed Jun 25 2025 08:20:00 GMT+0300 (Eastern European Summer Time)
2025-06-25T05:21:02.683Z [INFO] OPTIONS /api/stats/dashboard
2025-06-25T05:21:02.685Z [INFO] GET /api/stats/dashboard
2025-06-25T05:21:02.686Z [ERROR] Error getting dashboard: Cannot read properties of undefined (reading 'locationId')
2025-06-25T05:21:02.694Z [INFO] OPTIONS /api/orders
2025-06-25T05:21:02.697Z [INFO] GET /api/orders
2025-06-25T05:21:02.702Z [INFO] OPTIONS /api/stats/system-status
2025-06-25T05:21:02.705Z [INFO] GET /api/stats/system-status
2025-06-25T05:21:02.705Z [WARN] Route not found: GET /api/stats/system-status
2025-06-25T05:21:02.709Z [INFO] OPTIONS /api/notifications/recent
2025-06-25T05:21:02.712Z [INFO] GET /api/notifications/recent
2025-06-25T05:21:02.712Z [WARN] Route not found: GET /api/notifications/recent
2025-06-25T05:21:02.716Z [INFO] OPTIONS /api/stats/performance
2025-06-25T05:21:02.719Z [INFO] GET /api/stats/performance
2025-06-25T05:21:02.719Z [WARN] Route not found: GET /api/stats/performance
2025-06-25T05:21:03.836Z [INFO] GET /api/stats/dashboard
2025-06-25T05:21:03.837Z [ERROR] Error getting dashboard: Cannot read properties of undefined (reading 'locationId')
2025-06-25T05:21:03.845Z [INFO] GET /api/orders
2025-06-25T05:21:03.853Z [INFO] GET /api/stats/system-status
2025-06-25T05:21:03.854Z [WARN] Route not found: GET /api/stats/system-status
2025-06-25T05:21:03.859Z [INFO] GET /api/notifications/recent
2025-06-25T05:21:03.860Z [WARN] Route not found: GET /api/notifications/recent
2025-06-25T05:21:03.867Z [INFO] GET /api/stats/performance
2025-06-25T05:21:03.867Z [WARN] Route not found: GET /api/stats/performance
2025-06-25T05:21:15.595Z [INFO] OPTIONS /api/stats/dashboard
2025-06-25T05:21:15.597Z [INFO] GET /api/stats/dashboard
2025-06-25T05:21:15.598Z [ERROR] Error getting dashboard: Cannot read properties of undefined (reading 'locationId')
2025-06-25T05:21:15.604Z [INFO] OPTIONS /api/orders
2025-06-25T05:21:15.608Z [INFO] GET /api/orders
2025-06-25T05:21:15.614Z [INFO] OPTIONS /api/stats/system-status
2025-06-25T05:21:15.618Z [INFO] GET /api/stats/system-status
2025-06-25T05:21:15.619Z [WARN] Route not found: GET /api/stats/system-status
2025-06-25T05:21:15.624Z [INFO] OPTIONS /api/notifications/recent
2025-06-25T05:21:15.627Z [INFO] GET /api/notifications/recent
2025-06-25T05:21:15.628Z [WARN] Route not found: GET /api/notifications/recent
2025-06-25T05:21:15.633Z [INFO] OPTIONS /api/stats/performance
2025-06-25T05:21:15.635Z [INFO] GET /api/stats/performance
2025-06-25T05:21:15.635Z [WARN] Route not found: GET /api/stats/performance
2025-06-25T05:21:17.236Z [INFO] GET /api/stats/dashboard
2025-06-25T05:21:17.237Z [ERROR] Error getting dashboard: Cannot read properties of undefined (reading 'locationId')
2025-06-25T05:21:17.247Z [INFO] GET /api/orders
2025-06-25T05:21:17.254Z [INFO] GET /api/stats/system-status
2025-06-25T05:21:17.255Z [WARN] Route not found: GET /api/stats/system-status
2025-06-25T05:21:17.259Z [INFO] GET /api/notifications/recent
2025-06-25T05:21:17.260Z [WARN] Route not found: GET /api/notifications/recent
2025-06-25T05:21:17.265Z [INFO] GET /api/stats/performance
2025-06-25T05:21:17.266Z [WARN] Route not found: GET /api/stats/performance
2025-06-25T05:21:43.129Z [INFO] OPTIONS /api/stats/dashboard
2025-06-25T05:21:43.132Z [INFO] GET /api/stats/dashboard
2025-06-25T05:21:43.133Z [ERROR] Error getting dashboard: Cannot read properties of undefined (reading 'locationId')
2025-06-25T05:21:43.141Z [INFO] OPTIONS /api/orders
2025-06-25T05:21:43.144Z [INFO] GET /api/orders
2025-06-25T05:21:43.151Z [INFO] OPTIONS /api/stats/system-status
2025-06-25T05:21:43.153Z [INFO] GET /api/stats/system-status
2025-06-25T05:21:43.153Z [WARN] Route not found: GET /api/stats/system-status
2025-06-25T05:21:43.158Z [INFO] OPTIONS /api/notifications/recent
2025-06-25T05:21:43.160Z [INFO] GET /api/notifications/recent
2025-06-25T05:21:43.161Z [WARN] Route not found: GET /api/notifications/recent
2025-06-25T05:21:43.165Z [INFO] OPTIONS /api/stats/performance
2025-06-25T05:21:43.167Z [INFO] GET /api/stats/performance
2025-06-25T05:21:43.168Z [WARN] Route not found: GET /api/stats/performance
2025-06-25T05:21:43.853Z [INFO] GET /api/stats/dashboard
2025-06-25T05:21:43.853Z [ERROR] Error getting dashboard: Cannot read properties of undefined (reading 'locationId')
2025-06-25T05:21:43.863Z [INFO] GET /api/orders
2025-06-25T05:21:43.871Z [INFO] GET /api/stats/system-status
2025-06-25T05:21:43.872Z [WARN] Route not found: GET /api/stats/system-status
2025-06-25T05:21:43.876Z [INFO] GET /api/notifications/recent
2025-06-25T05:21:43.877Z [WARN] Route not found: GET /api/notifications/recent
2025-06-25T05:21:43.882Z [INFO] GET /api/stats/performance
2025-06-25T05:21:43.883Z [WARN] Route not found: GET /api/stats/performance
2025-06-25T05:21:56.098Z [INFO] OPTIONS /api/stats/dashboard
2025-06-25T05:21:56.101Z [INFO] GET /api/stats/dashboard
2025-06-25T05:21:56.102Z [ERROR] Error getting dashboard: Cannot read properties of undefined (reading 'locationId')
2025-06-25T05:21:56.109Z [INFO] OPTIONS /api/orders
2025-06-25T05:21:56.112Z [INFO] GET /api/orders
2025-06-25T05:21:56.120Z [INFO] OPTIONS /api/stats/system-status
2025-06-25T05:21:56.122Z [INFO] GET /api/stats/system-status
2025-06-25T05:21:56.123Z [WARN] Route not found: GET /api/stats/system-status
2025-06-25T05:21:56.128Z [INFO] OPTIONS /api/notifications/recent
2025-06-25T05:21:56.131Z [INFO] GET /api/notifications/recent
2025-06-25T05:21:56.131Z [WARN] Route not found: GET /api/notifications/recent
2025-06-25T05:21:56.136Z [INFO] OPTIONS /api/stats/performance
2025-06-25T05:21:56.138Z [INFO] GET /api/stats/performance
2025-06-25T05:21:56.138Z [WARN] Route not found: GET /api/stats/performance
2025-06-25T05:21:57.911Z [INFO] Scheduler: Running job 'expandRecurrences'
2025-06-25T05:21:57.912Z [INFO] ExpandRecurrences: Starting job
2025-06-25T05:21:57.912Z [INFO] ExpandRecurrences: Job completed, created 0 new recurring orders
2025-06-25T05:21:57.913Z [INFO] Scheduler: Job 'expandRecurrences' completed, next run: Wed Jun 25 2025 08:25:00 GMT+0300 (Eastern European Summer Time)
2025-06-25T05:21:57.913Z [INFO] Scheduler: Running job 'checkEquipmentStatus'
2025-06-25T05:21:57.913Z [INFO] CheckEquipmentStatus: Starting equipment monitoring job
2025-06-25T05:21:57.913Z [INFO] Starting equipment status check...
2025-06-25T05:21:57.915Z [ERROR] SQL error after 1ms: column em.ended_at does not exist
2025-06-25T05:21:57.915Z [ERROR] Failed query: 
            SELECT 
                e.*,
                l.name as location_name,
                MAX(em.ended_at) as last_maintenance
            FROM equipment e
            JOIN locations l ON e.location_id = l.location_id
            LEFT JOIN equipment_maintenance em ON e.equipment_id = em.equipment_id 
                AND em.ended_at IS NOT NULL
            WHERE e.status = 'OPERATIVE'
            GROUP BY e.equipment_id, l.name
            HAVING MAX(em.ended_at) < NOW() - INTERVAL '90 days' OR MAX(em.ended_at) IS NULL
            ORDER BY last_maintenance ASC NULLS FIRST
        
2025-06-25T05:21:57.915Z [ERROR] Error checking equipment status:
2025-06-25T05:21:57.915Z [ERROR] CheckEquipmentStatus: Job failed
2025-06-25T05:21:57.916Z [INFO] Scheduler: Job 'checkEquipmentStatus' completed, next run: Wed Jun 25 2025 08:22:57 GMT+0300 (Eastern European Summer Time)
2025-06-25T05:21:57.916Z [INFO] Scheduler: Running job 'updateWeatherData'
2025-06-25T05:21:57.916Z [INFO] Starting weather data update job...
2025-06-25T05:21:57.916Z [INFO] Starting weather data update for all locations...
2025-06-25T05:21:57.963Z [ERROR] Error updating weather data:
2025-06-25T05:21:57.964Z [ERROR] Weather data update job failed:
2025-06-25T05:21:57.964Z [INFO] Scheduler: Job 'updateWeatherData' completed, next run: Wed Jun 25 2025 08:22:57 GMT+0300 (Eastern European Summer Time)
2025-06-25T05:21:57.965Z [INFO] Scheduler: Running job 'exceptionDetection'
2025-06-25T05:21:57.965Z [INFO] Starting automated exception detection...
2025-06-25T05:21:57.965Z [INFO] Running comprehensive exception detection...
2025-06-25T05:21:57.967Z [ERROR] SQL error after 2ms: column l.id does not exist
2025-06-25T05:21:57.967Z [ERROR] Failed query: 
        SELECT 
          l.id as location_id,
          l.name as location_name,
          COUNT(e.id) as total_employees,
          COUNT(CASE WHEN e.status = 'ACTIVE' THEN 1 END) as active_employees,
          COUNT(CASE WHEN e.status = 'SICK' THEN 1 END) as sick_employees,
          COUNT(CASE WHEN e.status = 'VACATION' THEN 1 END) as vacation_employees
        FROM locations l
        LEFT JOIN employees e ON l.id = e.location_id
       GROUP BY l.id, l.name
2025-06-25T05:21:57.967Z [ERROR] Error detecting staff unavailability: column l.id does not exist
2025-06-25T05:21:58.026Z [ERROR] SQL error after 61ms: column l.id does not exist
2025-06-25T05:21:58.027Z [ERROR] Failed query: 
        SELECT 
          l.id as location_id,
          l.name as location_name,
          COUNT(e.id) as total_equipment,
          COUNT(CASE WHEN e.status = 'OUT_OF_SERVICE' THEN 1 END) as out_of_service,
          COUNT(CASE WHEN e.updated_at < NOW() - INTERVAL '2 hours' THEN 1 END) as stale_equipment
        FROM locations l
        LEFT JOIN equipment e ON l.id = e.location_id
       GROUP BY l.id, l.name
2025-06-25T05:21:58.027Z [ERROR] Error detecting power outage: column l.id does not exist
2025-06-25T05:21:58.034Z [ERROR] SQL error after 69ms: column l.id does not exist
2025-06-25T05:21:58.035Z [ERROR] Failed query: 
        SELECT 
          e.id,
          e.name,
          e.type,
          e.status,
          e.location_id,
          l.name as location_name,
          EXTRACT(days FROM (NOW() - e.updated_at)) as days_since_update,
          COUNT(em.id) as recent_maintenance
        FROM equipment e
        JOIN locations l ON e.location_id = l.id
        LEFT JOIN equipment_maintenance em ON e.id = em.equipment_id 
          AND em.created_at >= NOW() - INTERVAL '30 days'
      
        GROUP BY e.id, e.name, e.type, e.status, e.location_id, l.name, e.updated_at
        HAVING e.status = 'OUT_OF_SERVICE' 
          OR EXTRACT(days FROM (NOW() - e.updated_at)) > 7
        ORDER BY days_since_update DESC
      
2025-06-25T05:21:58.035Z [ERROR] Error detecting equipment failures: column l.id does not exist
2025-06-25T05:21:58.036Z [ERROR] SQL error after 71ms: column o.id does not exist
2025-06-25T05:21:58.036Z [ERROR] Failed query: 
        SELECT 
          t.id,
          t.status,
          t.location_id,
          l.name as location_name,
          o.id as order_id,
          EXTRACT(hours FROM (NOW() - t.created_at)) as hours_since_created,
          EXTRACT(hours FROM (NOW() - t.updated_at)) as hours_since_updated
        FROM transports t
        JOIN orders o ON t.order_id = o.id
        JOIN locations l ON t.location_id = l.id
        WHERE t.status IN ('PENDING', 'IN_PROGRESS')
       ORDER BY t.created_at ASC
2025-06-25T05:21:58.037Z [ERROR] Error detecting transport issues: column o.id does not exist
2025-06-25T05:21:58.037Z [INFO] Exception detection completed: 0 issues found
2025-06-25T05:21:58.038Z [INFO] Exception detection completed: 0 total issues found
2025-06-25T05:21:58.038Z [INFO] - Staff issues: 0
2025-06-25T05:21:58.039Z [INFO] - Power issues: 0
2025-06-25T05:21:58.039Z [INFO] - Equipment issues: 0
2025-06-25T05:21:58.039Z [INFO] - Transport issues: 0
2025-06-25T05:21:58.039Z [INFO] Creating notification: SYSTEM_STATUS_OK - LOW - All systems operational - no critical issues detected
2025-06-25T05:21:58.040Z [ERROR] Failed to send notification via websocket: WebSocket notification failed: broadcastToAllClients is not a function
2025-06-25T05:21:58.040Z [INFO] Exception detection completed successfully in 75ms
2025-06-25T05:21:58.041Z [INFO] Scheduler: Job 'exceptionDetection' completed, next run: Wed Jun 25 2025 08:22:58 GMT+0300 (Eastern European Summer Time)
2025-06-25T05:22:08.275Z [INFO] OPTIONS /api/stats/dashboard
2025-06-25T05:22:08.278Z [INFO] GET /api/stats/dashboard
2025-06-25T05:22:08.279Z [ERROR] Error getting dashboard: Cannot read properties of undefined (reading 'locationId')
2025-06-25T05:22:08.285Z [INFO] OPTIONS /api/orders
2025-06-25T05:22:08.287Z [INFO] GET /api/orders
2025-06-25T05:22:08.438Z [INFO] OPTIONS /api/stats/system-status
2025-06-25T05:22:08.440Z [INFO] GET /api/stats/system-status
2025-06-25T05:22:08.440Z [WARN] Route not found: GET /api/stats/system-status
2025-06-25T05:22:08.442Z [INFO] OPTIONS /api/notifications/recent
2025-06-25T05:22:08.443Z [INFO] GET /api/notifications/recent
2025-06-25T05:22:08.443Z [WARN] Route not found: GET /api/notifications/recent
2025-06-25T05:22:08.445Z [INFO] OPTIONS /api/stats/performance
2025-06-25T05:22:08.447Z [INFO] GET /api/stats/performance
2025-06-25T05:22:08.447Z [WARN] Route not found: GET /api/stats/performance
2025-06-25T05:22:20.567Z [INFO] OPTIONS /api/stats/dashboard
2025-06-25T05:22:20.569Z [INFO] GET /api/stats/dashboard
2025-06-25T05:22:20.570Z [ERROR] Error getting dashboard: Cannot read properties of undefined (reading 'locationId')
2025-06-25T05:22:20.577Z [INFO] OPTIONS /api/orders
2025-06-25T05:22:20.581Z [INFO] GET /api/orders
2025-06-25T05:22:20.587Z [INFO] OPTIONS /api/stats/system-status
2025-06-25T05:22:20.590Z [INFO] GET /api/stats/system-status
2025-06-25T05:22:20.591Z [WARN] Route not found: GET /api/stats/system-status
2025-06-25T05:22:20.595Z [INFO] OPTIONS /api/notifications/recent
2025-06-25T05:22:20.598Z [INFO] GET /api/notifications/recent
2025-06-25T05:22:20.599Z [WARN] Route not found: GET /api/notifications/recent
2025-06-25T05:22:20.604Z [INFO] OPTIONS /api/stats/performance
2025-06-25T05:22:20.606Z [INFO] GET /api/stats/performance
2025-06-25T05:22:20.606Z [WARN] Route not found: GET /api/stats/performance
2025-06-25T05:22:21.779Z [INFO] GET /api/stats/dashboard
2025-06-25T05:22:21.780Z [ERROR] Error getting dashboard: Cannot read properties of undefined (reading 'locationId')
2025-06-25T05:22:21.789Z [INFO] GET /api/orders
2025-06-25T05:22:21.796Z [INFO] GET /api/stats/system-status
2025-06-25T05:22:21.797Z [WARN] Route not found: GET /api/stats/system-status
2025-06-25T05:22:21.801Z [INFO] GET /api/notifications/recent
2025-06-25T05:22:21.802Z [WARN] Route not found: GET /api/notifications/recent
2025-06-25T05:22:21.806Z [INFO] GET /api/stats/performance
2025-06-25T05:22:21.807Z [WARN] Route not found: GET /api/stats/performance
2025-06-25T05:22:34.772Z [INFO] OPTIONS /api/stats/dashboard
2025-06-25T05:22:34.775Z [INFO] GET /api/stats/dashboard
2025-06-25T05:22:34.776Z [ERROR] Error getting dashboard: Cannot read properties of undefined (reading 'locationId')
2025-06-25T05:22:34.782Z [INFO] OPTIONS /api/orders
2025-06-25T05:22:34.784Z [INFO] GET /api/orders
2025-06-25T05:22:34.792Z [INFO] OPTIONS /api/stats/system-status
2025-06-25T05:22:34.794Z [INFO] GET /api/stats/system-status
2025-06-25T05:22:34.795Z [WARN] Route not found: GET /api/stats/system-status
2025-06-25T05:22:34.798Z [INFO] OPTIONS /api/notifications/recent
2025-06-25T05:22:34.800Z [INFO] GET /api/notifications/recent
2025-06-25T05:22:34.801Z [WARN] Route not found: GET /api/notifications/recent
2025-06-25T05:22:34.804Z [INFO] OPTIONS /api/stats/performance
2025-06-25T05:22:34.806Z [INFO] GET /api/stats/performance
2025-06-25T05:22:34.807Z [WARN] Route not found: GET /api/stats/performance
2025-06-25T05:22:36.189Z [INFO] GET /api/stats/dashboard
2025-06-25T05:22:36.190Z [ERROR] Error getting dashboard: Cannot read properties of undefined (reading 'locationId')
2025-06-25T05:22:36.197Z [INFO] GET /api/orders
2025-06-25T05:22:36.205Z [INFO] GET /api/stats/system-status
2025-06-25T05:22:36.206Z [WARN] Route not found: GET /api/stats/system-status
2025-06-25T05:22:36.212Z [INFO] GET /api/notifications/recent
2025-06-25T05:22:36.212Z [WARN] Route not found: GET /api/notifications/recent
2025-06-25T05:22:36.216Z [INFO] GET /api/stats/performance
2025-06-25T05:22:36.217Z [WARN] Route not found: GET /api/stats/performance
2025-06-25T05:22:50.418Z [INFO] OPTIONS /api/stats/dashboard
2025-06-25T05:22:50.421Z [INFO] GET /api/stats/dashboard
2025-06-25T05:22:50.422Z [ERROR] Error getting dashboard: Cannot read properties of undefined (reading 'locationId')
2025-06-25T05:22:50.426Z [INFO] OPTIONS /api/orders
2025-06-25T05:22:50.428Z [INFO] GET /api/orders
2025-06-25T05:22:50.435Z [INFO] OPTIONS /api/stats/system-status
2025-06-25T05:22:50.437Z [INFO] GET /api/stats/system-status
2025-06-25T05:22:50.438Z [WARN] Route not found: GET /api/stats/system-status
2025-06-25T05:22:50.443Z [INFO] OPTIONS /api/notifications/recent
2025-06-25T05:22:50.445Z [INFO] GET /api/notifications/recent
2025-06-25T05:22:50.445Z [WARN] Route not found: GET /api/notifications/recent
2025-06-25T05:22:50.450Z [INFO] OPTIONS /api/stats/performance
2025-06-25T05:22:50.454Z [INFO] GET /api/stats/performance
2025-06-25T05:22:50.455Z [WARN] Route not found: GET /api/stats/performance
2025-06-25T05:22:51.063Z [INFO] GET /api/stats/dashboard
2025-06-25T05:22:51.064Z [ERROR] Error getting dashboard: Cannot read properties of undefined (reading 'locationId')
2025-06-25T05:22:51.071Z [INFO] GET /api/orders
2025-06-25T05:22:51.076Z [INFO] GET /api/stats/system-status
2025-06-25T05:22:51.077Z [WARN] Route not found: GET /api/stats/system-status
2025-06-25T05:22:51.085Z [INFO] GET /api/notifications/recent
2025-06-25T05:22:51.085Z [WARN] Route not found: GET /api/notifications/recent
2025-06-25T05:22:51.091Z [INFO] GET /api/stats/performance
2025-06-25T05:22:51.091Z [WARN] Route not found: GET /api/stats/performance
2025-06-25T05:22:57.924Z [INFO] Scheduler: Running job 'checkEquipmentStatus'
2025-06-25T05:22:57.927Z [INFO] CheckEquipmentStatus: Starting equipment monitoring job
2025-06-25T05:22:57.928Z [INFO] Starting equipment status check...
2025-06-25T05:22:57.931Z [ERROR] SQL error after 2ms: column em.ended_at does not exist
2025-06-25T05:22:57.931Z [ERROR] Failed query: 
            SELECT 
                e.*,
                l.name as location_name,
                MAX(em.ended_at) as last_maintenance
            FROM equipment e
            JOIN locations l ON e.location_id = l.location_id
            LEFT JOIN equipment_maintenance em ON e.equipment_id = em.equipment_id 
                AND em.ended_at IS NOT NULL
            WHERE e.status = 'OPERATIVE'
            GROUP BY e.equipment_id, l.name
            HAVING MAX(em.ended_at) < NOW() - INTERVAL '90 days' OR MAX(em.ended_at) IS NULL
            ORDER BY last_maintenance ASC NULLS FIRST
        
2025-06-25T05:22:57.932Z [ERROR] Error checking equipment status:
2025-06-25T05:22:57.932Z [ERROR] CheckEquipmentStatus: Job failed
2025-06-25T05:22:57.932Z [INFO] Scheduler: Job 'checkEquipmentStatus' completed, next run: Wed Jun 25 2025 08:23:57 GMT+0300 (Eastern European Summer Time)
2025-06-25T05:23:28.729Z [INFO] OPTIONS /api/auth/logout
2025-06-25T05:23:28.730Z [INFO] POST /api/auth/logout
2025-06-25T05:23:28.731Z [INFO] POST /api/auth/logout
2025-06-25T05:23:28.731Z [INFO] AuthService: Successful logout
2025-06-25T05:23:57.924Z [INFO] Scheduler: Running job 'updateWeatherData'
2025-06-25T05:23:57.924Z [INFO] Starting weather data update job...
2025-06-25T05:23:57.925Z [INFO] Starting weather data update for all locations...
2025-06-25T05:23:57.975Z [ERROR] Error updating weather data:
2025-06-25T05:23:57.976Z [ERROR] Weather data update job failed:
2025-06-25T05:23:57.977Z [INFO] Scheduler: Job 'updateWeatherData' completed, next run: Wed Jun 25 2025 08:24:57 GMT+0300 (Eastern European Summer Time)
2025-06-25T05:23:57.977Z [INFO] Scheduler: Running job 'exceptionDetection'
2025-06-25T05:23:57.977Z [INFO] Starting automated exception detection...
2025-06-25T05:23:57.978Z [INFO] Running comprehensive exception detection...
2025-06-25T05:23:57.980Z [ERROR] SQL error after 2ms: column l.id does not exist
2025-06-25T05:23:57.981Z [ERROR] Failed query: 
        SELECT 
          l.id as location_id,
          l.name as location_name,
          COUNT(e.id) as total_employees,
          COUNT(CASE WHEN e.status = 'ACTIVE' THEN 1 END) as active_employees,
          COUNT(CASE WHEN e.status = 'SICK' THEN 1 END) as sick_employees,
          COUNT(CASE WHEN e.status = 'VACATION' THEN 1 END) as vacation_employees
        FROM locations l
        LEFT JOIN employees e ON l.id = e.location_id
       GROUP BY l.id, l.name
2025-06-25T05:23:57.981Z [ERROR] Error detecting staff unavailability: column l.id does not exist
2025-06-25T05:23:58.045Z [ERROR] SQL error after 66ms: column l.id does not exist
2025-06-25T05:23:58.046Z [ERROR] Failed query: 
        SELECT 
          e.id,
          e.name,
          e.type,
          e.status,
          e.location_id,
          l.name as location_name,
          EXTRACT(days FROM (NOW() - e.updated_at)) as days_since_update,
          COUNT(em.id) as recent_maintenance
        FROM equipment e
        JOIN locations l ON e.location_id = l.id
        LEFT JOIN equipment_maintenance em ON e.id = em.equipment_id 
          AND em.created_at >= NOW() - INTERVAL '30 days'
      
        GROUP BY e.id, e.name, e.type, e.status, e.location_id, l.name, e.updated_at
        HAVING e.status = 'OUT_OF_SERVICE' 
          OR EXTRACT(days FROM (NOW() - e.updated_at)) > 7
        ORDER BY days_since_update DESC
      
2025-06-25T05:23:58.047Z [ERROR] Error detecting equipment failures: column l.id does not exist
2025-06-25T05:23:58.048Z [ERROR] SQL error after 69ms: column o.id does not exist
2025-06-25T05:23:58.049Z [ERROR] Failed query: 
        SELECT 
          t.id,
          t.status,
          t.location_id,
          l.name as location_name,
          o.id as order_id,
          EXTRACT(hours FROM (NOW() - t.created_at)) as hours_since_created,
          EXTRACT(hours FROM (NOW() - t.updated_at)) as hours_since_updated
        FROM transports t
        JOIN orders o ON t.order_id = o.id
        JOIN locations l ON t.location_id = l.id
        WHERE t.status IN ('PENDING', 'IN_PROGRESS')
       ORDER BY t.created_at ASC
2025-06-25T05:23:58.050Z [ERROR] Error detecting transport issues: column o.id does not exist
2025-06-25T05:23:58.051Z [ERROR] SQL error after 72ms: column l.id does not exist
2025-06-25T05:23:58.052Z [ERROR] Failed query: 
        SELECT 
          l.id as location_id,
          l.name as location_name,
          COUNT(e.id) as total_equipment,
          COUNT(CASE WHEN e.status = 'OUT_OF_SERVICE' THEN 1 END) as out_of_service,
          COUNT(CASE WHEN e.updated_at < NOW() - INTERVAL '2 hours' THEN 1 END) as stale_equipment
        FROM locations l
        LEFT JOIN equipment e ON l.id = e.location_id
       GROUP BY l.id, l.name
2025-06-25T05:23:58.052Z [ERROR] Error detecting power outage: column l.id does not exist
2025-06-25T05:23:58.053Z [INFO] Exception detection completed: 0 issues found
2025-06-25T05:23:58.053Z [INFO] Exception detection completed: 0 total issues found
2025-06-25T05:23:58.054Z [INFO] - Staff issues: 0
2025-06-25T05:23:58.054Z [INFO] - Power issues: 0
2025-06-25T05:23:58.054Z [INFO] - Equipment issues: 0
2025-06-25T05:23:58.054Z [INFO] - Transport issues: 0
2025-06-25T05:23:58.054Z [INFO] Creating notification: SYSTEM_STATUS_OK - LOW - All systems operational - no critical issues detected
2025-06-25T05:23:58.055Z [ERROR] Failed to send notification via websocket: WebSocket notification failed: broadcastToAllClients is not a function
2025-06-25T05:23:58.055Z [INFO] Exception detection completed successfully in 78ms
2025-06-25T05:23:58.056Z [INFO] Scheduler: Job 'exceptionDetection' completed, next run: Wed Jun 25 2025 08:24:58 GMT+0300 (Eastern European Summer Time)
2025-06-25T05:24:57.937Z [INFO] Scheduler: Running job 'checkEquipmentStatus'
2025-06-25T05:24:57.938Z [INFO] CheckEquipmentStatus: Starting equipment monitoring job
2025-06-25T05:24:57.938Z [INFO] Starting equipment status check...
2025-06-25T05:24:57.978Z [ERROR] SQL error after 40ms: column em.ended_at does not exist
2025-06-25T05:24:57.979Z [ERROR] Failed query: 
            SELECT 
                e.*,
                l.name as location_name,
                MAX(em.ended_at) as last_maintenance
            FROM equipment e
            JOIN locations l ON e.location_id = l.location_id
            LEFT JOIN equipment_maintenance em ON e.equipment_id = em.equipment_id 
                AND em.ended_at IS NOT NULL
            WHERE e.status = 'OPERATIVE'
            GROUP BY e.equipment_id, l.name
            HAVING MAX(em.ended_at) < NOW() - INTERVAL '90 days' OR MAX(em.ended_at) IS NULL
            ORDER BY last_maintenance ASC NULLS FIRST
        
2025-06-25T05:24:57.979Z [ERROR] Error checking equipment status:
2025-06-25T05:24:57.980Z [ERROR] CheckEquipmentStatus: Job failed
2025-06-25T05:24:57.980Z [INFO] Scheduler: Job 'checkEquipmentStatus' completed, next run: Wed Jun 25 2025 08:25:57 GMT+0300 (Eastern European Summer Time)
2025-06-25T05:25:45.741Z [INFO] OPTIONS /api/auth/login
2025-06-25T05:25:45.743Z [INFO] POST /api/auth/login
2025-06-25T05:25:45.744Z [INFO] POST /api/login or /api/auth/login
2025-06-25T05:25:45.970Z [INFO] AuthService: Successful login for test@gmail.com
2025-06-25T05:25:45.970Z [INFO] Login: Success for user test@gmail.com
2025-06-25T05:25:47.519Z [INFO] OPTIONS /api/stats/dashboard
2025-06-25T05:25:47.522Z [INFO] GET /api/stats/dashboard
2025-06-25T05:25:47.523Z [ERROR] Error getting dashboard: Cannot read properties of undefined (reading 'locationId')
2025-06-25T05:25:47.527Z [INFO] OPTIONS /api/orders
2025-06-25T05:25:47.529Z [INFO] GET /api/orders
2025-06-25T05:25:47.543Z [INFO] OPTIONS /api/stats/system-status
2025-06-25T05:25:47.545Z [INFO] GET /api/stats/system-status
2025-06-25T05:25:47.546Z [WARN] Route not found: GET /api/stats/system-status
2025-06-25T05:25:47.551Z [INFO] OPTIONS /api/notifications/recent
2025-06-25T05:25:47.554Z [INFO] GET /api/notifications/recent
2025-06-25T05:25:47.555Z [WARN] Route not found: GET /api/notifications/recent
2025-06-25T05:25:47.560Z [INFO] OPTIONS /api/stats/performance
2025-06-25T05:25:47.564Z [INFO] GET /api/stats/performance
2025-06-25T05:25:47.565Z [WARN] Route not found: GET /api/stats/performance
2025-06-25T05:25:57.951Z [INFO] Scheduler: Running job 'expandRecurrences'
2025-06-25T05:25:57.953Z [INFO] ExpandRecurrences: Starting job
2025-06-25T05:25:57.956Z [INFO] ExpandRecurrences: Job completed, created 0 new recurring orders
2025-06-25T05:25:57.957Z [INFO] Scheduler: Job 'expandRecurrences' completed, next run: Wed Jun 25 2025 08:25:00 GMT+0300 (Eastern European Summer Time)
2025-06-25T05:25:57.957Z [INFO] Scheduler: Running job 'updateWeatherData'
2025-06-25T05:25:57.958Z [INFO] Starting weather data update job...
2025-06-25T05:25:57.958Z [INFO] Starting weather data update for all locations...
2025-06-25T05:25:57.961Z [ERROR] Error updating weather data:
2025-06-25T05:25:57.962Z [ERROR] Weather data update job failed:
2025-06-25T05:25:57.962Z [INFO] Scheduler: Job 'updateWeatherData' completed, next run: Wed Jun 25 2025 08:26:57 GMT+0300 (Eastern European Summer Time)
2025-06-25T05:25:57.963Z [INFO] Scheduler: Running job 'exceptionDetection'
2025-06-25T05:25:57.964Z [INFO] Starting automated exception detection...
2025-06-25T05:25:57.964Z [INFO] Running comprehensive exception detection...
2025-06-25T05:25:57.969Z [ERROR] SQL error after 3ms: column l.id does not exist
2025-06-25T05:25:57.969Z [ERROR] Failed query: 
        SELECT 
          l.id as location_id,
          l.name as location_name,
          COUNT(e.id) as total_employees,
          COUNT(CASE WHEN e.status = 'ACTIVE' THEN 1 END) as active_employees,
          COUNT(CASE WHEN e.status = 'SICK' THEN 1 END) as sick_employees,
          COUNT(CASE WHEN e.status = 'VACATION' THEN 1 END) as vacation_employees
        FROM locations l
        LEFT JOIN employees e ON l.id = e.location_id
       GROUP BY l.id, l.name
2025-06-25T05:25:57.969Z [ERROR] Error detecting staff unavailability: column l.id does not exist
2025-06-25T05:25:58.030Z [ERROR] SQL error after 65ms: column l.id does not exist
2025-06-25T05:25:58.031Z [ERROR] Failed query: 
        SELECT 
          l.id as location_id,
          l.name as location_name,
          COUNT(e.id) as total_equipment,
          COUNT(CASE WHEN e.status = 'OUT_OF_SERVICE' THEN 1 END) as out_of_service,
          COUNT(CASE WHEN e.updated_at < NOW() - INTERVAL '2 hours' THEN 1 END) as stale_equipment
        FROM locations l
        LEFT JOIN equipment e ON l.id = e.location_id
       GROUP BY l.id, l.name
2025-06-25T05:25:58.032Z [ERROR] Error detecting power outage: column l.id does not exist
2025-06-25T05:25:58.033Z [ERROR] SQL error after 68ms: column l.id does not exist
2025-06-25T05:25:58.033Z [ERROR] Failed query: 
        SELECT 
          e.id,
          e.name,
          e.type,
          e.status,
          e.location_id,
          l.name as location_name,
          EXTRACT(days FROM (NOW() - e.updated_at)) as days_since_update,
          COUNT(em.id) as recent_maintenance
        FROM equipment e
        JOIN locations l ON e.location_id = l.id
        LEFT JOIN equipment_maintenance em ON e.id = em.equipment_id 
          AND em.created_at >= NOW() - INTERVAL '30 days'
      
        GROUP BY e.id, e.name, e.type, e.status, e.location_id, l.name, e.updated_at
        HAVING e.status = 'OUT_OF_SERVICE' 
          OR EXTRACT(days FROM (NOW() - e.updated_at)) > 7
        ORDER BY days_since_update DESC
      
2025-06-25T05:25:58.034Z [ERROR] Error detecting equipment failures: column l.id does not exist
2025-06-25T05:25:58.035Z [ERROR] SQL error after 70ms: column o.id does not exist
2025-06-25T05:25:58.035Z [ERROR] Failed query: 
        SELECT 
          t.id,
          t.status,
          t.location_id,
          l.name as location_name,
          o.id as order_id,
          EXTRACT(hours FROM (NOW() - t.created_at)) as hours_since_created,
          EXTRACT(hours FROM (NOW() - t.updated_at)) as hours_since_updated
        FROM transports t
        JOIN orders o ON t.order_id = o.id
        JOIN locations l ON t.location_id = l.id
        WHERE t.status IN ('PENDING', 'IN_PROGRESS')
       ORDER BY t.created_at ASC
2025-06-25T05:25:58.036Z [ERROR] Error detecting transport issues: column o.id does not exist
2025-06-25T05:25:58.036Z [INFO] Exception detection completed: 0 issues found
2025-06-25T05:25:58.036Z [INFO] Exception detection completed: 0 total issues found
2025-06-25T05:25:58.037Z [INFO] - Staff issues: 0
2025-06-25T05:25:58.037Z [INFO] - Power issues: 0
2025-06-25T05:25:58.038Z [INFO] - Equipment issues: 0
2025-06-25T05:25:58.038Z [INFO] - Transport issues: 0
2025-06-25T05:25:58.039Z [INFO] Creating notification: SYSTEM_STATUS_OK - LOW - All systems operational - no critical issues detected
2025-06-25T05:25:58.039Z [ERROR] Failed to send notification via websocket: WebSocket notification failed: broadcastToAllClients is not a function
2025-06-25T05:25:58.040Z [INFO] Exception detection completed successfully in 76ms
2025-06-25T05:25:58.040Z [INFO] Scheduler: Job 'exceptionDetection' completed, next run: Wed Jun 25 2025 08:26:58 GMT+0300 (Eastern European Summer Time)
2025-06-25T05:26:02.329Z [INFO] OPTIONS /api/stats/dashboard
2025-06-25T05:26:02.337Z [INFO] OPTIONS /api/orders
2025-06-25T05:26:02.339Z [INFO] GET /api/orders
2025-06-25T05:26:02.401Z [INFO] OPTIONS /api/stats/system-status
2025-06-25T05:26:02.403Z [INFO] GET /api/stats/system-status
2025-06-25T05:26:02.403Z [WARN] Route not found: GET /api/stats/system-status
2025-06-25T05:26:02.407Z [INFO] OPTIONS /api/notifications/recent
2025-06-25T05:26:02.409Z [INFO] GET /api/notifications/recent
2025-06-25T05:26:02.411Z [WARN] Route not found: GET /api/notifications/recent
2025-06-25T05:26:02.414Z [INFO] OPTIONS /api/stats/performance
2025-06-25T05:26:02.416Z [INFO] GET /api/stats/performance
2025-06-25T05:26:02.417Z [WARN] Route not found: GET /api/stats/performance
2025-06-25T05:26:06.931Z [INFO] GET /api/orders
2025-06-25T05:26:06.938Z [INFO] GET /api/stats/system-status
2025-06-25T05:26:06.938Z [WARN] Route not found: GET /api/stats/system-status
2025-06-25T05:26:06.942Z [INFO] GET /api/notifications/recent
2025-06-25T05:26:06.943Z [WARN] Route not found: GET /api/notifications/recent
2025-06-25T05:26:06.949Z [INFO] GET /api/stats/performance
2025-06-25T05:26:06.950Z [WARN] Route not found: GET /api/stats/performance
2025-06-25T05:26:21.705Z [INFO] OPTIONS /api/orders
2025-06-25T05:26:21.707Z [INFO] GET /api/orders
2025-06-25T05:26:33.843Z [INFO] OPTIONS /api/stats/dashboard
2025-06-25T05:26:33.846Z [INFO] GET /api/stats/dashboard
2025-06-25T05:26:33.847Z [ERROR] Error getting dashboard: Cannot read properties of undefined (reading 'locationId')
2025-06-25T05:26:33.850Z [INFO] OPTIONS /api/orders
2025-06-25T05:26:33.853Z [INFO] GET /api/orders
2025-06-25T05:26:33.858Z [INFO] OPTIONS /api/stats/system-status
2025-06-25T05:26:33.863Z [INFO] GET /api/stats/system-status
2025-06-25T05:26:33.863Z [WARN] Route not found: GET /api/stats/system-status
2025-06-25T05:26:33.867Z [INFO] OPTIONS /api/notifications/recent
2025-06-25T05:26:33.870Z [INFO] GET /api/notifications/recent
2025-06-25T05:26:33.870Z [WARN] Route not found: GET /api/notifications/recent
2025-06-25T05:26:33.876Z [INFO] OPTIONS /api/stats/performance
2025-06-25T05:26:33.880Z [INFO] GET /api/stats/performance
2025-06-25T05:26:33.881Z [WARN] Route not found: GET /api/stats/performance
2025-06-25T05:26:36.016Z [INFO] OPTIONS /api/auth/logout
2025-06-25T05:26:36.017Z [INFO] POST /api/auth/logout
2025-06-25T05:26:36.018Z [INFO] POST /api/auth/logout
2025-06-25T05:26:36.018Z [INFO] AuthService: Successful logout
2025-06-25T05:26:57.963Z [INFO] Scheduler: Running job 'expandRecurrences'
2025-06-25T05:26:57.963Z [INFO] ExpandRecurrences: Starting job
2025-06-25T05:26:57.966Z [INFO] ExpandRecurrences: Job completed, created 0 new recurring orders
2025-06-25T05:26:57.967Z [INFO] Scheduler: Job 'expandRecurrences' completed, next run: Wed Jun 25 2025 08:30:00 GMT+0300 (Eastern European Summer Time)
2025-06-25T05:26:57.967Z [INFO] Scheduler: Running job 'checkEquipmentStatus'
2025-06-25T05:26:57.968Z [INFO] CheckEquipmentStatus: Starting equipment monitoring job
2025-06-25T05:26:57.969Z [INFO] Starting equipment status check...
2025-06-25T05:26:57.971Z [ERROR] SQL error after 2ms: column em.ended_at does not exist
2025-06-25T05:26:57.972Z [ERROR] Failed query: 
            SELECT 
                e.*,
                l.name as location_name,
                MAX(em.ended_at) as last_maintenance
            FROM equipment e
            JOIN locations l ON e.location_id = l.location_id
            LEFT JOIN equipment_maintenance em ON e.equipment_id = em.equipment_id 
                AND em.ended_at IS NOT NULL
            WHERE e.status = 'OPERATIVE'
            GROUP BY e.equipment_id, l.name
            HAVING MAX(em.ended_at) < NOW() - INTERVAL '90 days' OR MAX(em.ended_at) IS NULL
            ORDER BY last_maintenance ASC NULLS FIRST
        
2025-06-25T05:26:57.972Z [ERROR] Error checking equipment status:
2025-06-25T05:26:57.972Z [ERROR] CheckEquipmentStatus: Job failed
2025-06-25T05:26:57.973Z [INFO] Scheduler: Job 'checkEquipmentStatus' completed, next run: Wed Jun 25 2025 08:27:57 GMT+0300 (Eastern European Summer Time)
2025-06-25T05:26:57.973Z [INFO] Scheduler: Running job 'updateWeatherData'
2025-06-25T05:26:57.973Z [INFO] Starting weather data update job...
2025-06-25T05:26:57.974Z [INFO] Starting weather data update for all locations...
2025-06-25T05:26:58.027Z [ERROR] Error updating weather data:
2025-06-25T05:26:58.028Z [ERROR] Weather data update job failed:
2025-06-25T05:26:58.028Z [INFO] Scheduler: Job 'updateWeatherData' completed, next run: Wed Jun 25 2025 08:27:58 GMT+0300 (Eastern European Summer Time)
2025-06-25T05:27:57.971Z [INFO] Scheduler: Running job 'exceptionDetection'
2025-06-25T05:27:57.972Z [INFO] Starting automated exception detection...
2025-06-25T05:27:57.973Z [INFO] Running comprehensive exception detection...
2025-06-25T05:27:58.047Z [ERROR] SQL error after 72ms: column l.id does not exist
2025-06-25T05:27:58.048Z [ERROR] Failed query: 
        SELECT 
          l.id as location_id,
          l.name as location_name,
          COUNT(e.id) as total_equipment,
          COUNT(CASE WHEN e.status = 'OUT_OF_SERVICE' THEN 1 END) as out_of_service,
          COUNT(CASE WHEN e.updated_at < NOW() - INTERVAL '2 hours' THEN 1 END) as stale_equipment
        FROM locations l
        LEFT JOIN equipment e ON l.id = e.location_id
       GROUP BY l.id, l.name
2025-06-25T05:27:58.049Z [ERROR] Error detecting power outage: column l.id does not exist
2025-06-25T05:27:58.050Z [ERROR] SQL error after 76ms: column l.id does not exist
2025-06-25T05:27:58.050Z [ERROR] Failed query: 
        SELECT 
          l.id as location_id,
          l.name as location_name,
          COUNT(e.id) as total_employees,
          COUNT(CASE WHEN e.status = 'ACTIVE' THEN 1 END) as active_employees,
          COUNT(CASE WHEN e.status = 'SICK' THEN 1 END) as sick_employees,
          COUNT(CASE WHEN e.status = 'VACATION' THEN 1 END) as vacation_employees
        FROM locations l
        LEFT JOIN employees e ON l.id = e.location_id
       GROUP BY l.id, l.name
2025-06-25T05:27:58.051Z [ERROR] Error detecting staff unavailability: column l.id does not exist
2025-06-25T05:27:58.053Z [ERROR] SQL error after 78ms: column l.id does not exist
2025-06-25T05:27:58.053Z [ERROR] Failed query: 
        SELECT 
          e.id,
          e.name,
          e.type,
          e.status,
          e.location_id,
          l.name as location_name,
          EXTRACT(days FROM (NOW() - e.updated_at)) as days_since_update,
          COUNT(em.id) as recent_maintenance
        FROM equipment e
        JOIN locations l ON e.location_id = l.id
        LEFT JOIN equipment_maintenance em ON e.id = em.equipment_id 
          AND em.created_at >= NOW() - INTERVAL '30 days'
      
        GROUP BY e.id, e.name, e.type, e.status, e.location_id, l.name, e.updated_at
        HAVING e.status = 'OUT_OF_SERVICE' 
          OR EXTRACT(days FROM (NOW() - e.updated_at)) > 7
        ORDER BY days_since_update DESC
      
2025-06-25T05:27:58.054Z [ERROR] Error detecting equipment failures: column l.id does not exist
2025-06-25T05:27:58.060Z [ERROR] SQL error after 85ms: column o.id does not exist
2025-06-25T05:27:58.061Z [ERROR] Failed query: 
        SELECT 
          t.id,
          t.status,
          t.location_id,
          l.name as location_name,
          o.id as order_id,
          EXTRACT(hours FROM (NOW() - t.created_at)) as hours_since_created,
          EXTRACT(hours FROM (NOW() - t.updated_at)) as hours_since_updated
        FROM transports t
        JOIN orders o ON t.order_id = o.id
        JOIN locations l ON t.location_id = l.id
        WHERE t.status IN ('PENDING', 'IN_PROGRESS')
       ORDER BY t.created_at ASC
2025-06-25T05:27:58.062Z [ERROR] Error detecting transport issues: column o.id does not exist
2025-06-25T05:27:58.062Z [INFO] Exception detection completed: 0 issues found
2025-06-25T05:27:58.062Z [INFO] Exception detection completed: 0 total issues found
2025-06-25T05:27:58.063Z [INFO] - Staff issues: 0
2025-06-25T05:27:58.063Z [INFO] - Power issues: 0
2025-06-25T05:27:58.063Z [INFO] - Equipment issues: 0
2025-06-25T05:27:58.063Z [INFO] - Transport issues: 0
2025-06-25T05:27:58.064Z [INFO] Creating notification: SYSTEM_STATUS_OK - LOW - All systems operational - no critical issues detected
2025-06-25T05:27:58.064Z [ERROR] Failed to send notification via websocket: WebSocket notification failed: broadcastToAllClients is not a function
2025-06-25T05:27:58.064Z [INFO] Exception detection completed successfully in 92ms
2025-06-25T05:27:58.065Z [INFO] Scheduler: Job 'exceptionDetection' completed, next run: Wed Jun 25 2025 08:28:58 GMT+0300 (Eastern European Summer Time)
2025-06-25T05:28:57.976Z [INFO] Scheduler: Running job 'checkEquipmentStatus'
2025-06-25T05:28:57.977Z [INFO] CheckEquipmentStatus: Starting equipment monitoring job
2025-06-25T05:28:57.978Z [INFO] Starting equipment status check...
2025-06-25T05:28:58.025Z [ERROR] SQL error after 46ms: column em.ended_at does not exist
2025-06-25T05:28:58.025Z [ERROR] Failed query: 
            SELECT 
                e.*,
                l.name as location_name,
                MAX(em.ended_at) as last_maintenance
            FROM equipment e
            JOIN locations l ON e.location_id = l.location_id
            LEFT JOIN equipment_maintenance em ON e.equipment_id = em.equipment_id 
                AND em.ended_at IS NOT NULL
            WHERE e.status = 'OPERATIVE'
            GROUP BY e.equipment_id, l.name
            HAVING MAX(em.ended_at) < NOW() - INTERVAL '90 days' OR MAX(em.ended_at) IS NULL
            ORDER BY last_maintenance ASC NULLS FIRST
        
2025-06-25T05:28:58.026Z [ERROR] Error checking equipment status:
2025-06-25T05:28:58.026Z [ERROR] CheckEquipmentStatus: Job failed
2025-06-25T05:28:58.026Z [INFO] Scheduler: Job 'checkEquipmentStatus' completed, next run: Wed Jun 25 2025 08:29:58 GMT+0300 (Eastern European Summer Time)
2025-06-25T05:28:58.026Z [INFO] Scheduler: Running job 'updateWeatherData'
2025-06-25T05:28:58.027Z [INFO] Starting weather data update job...
2025-06-25T05:28:58.027Z [INFO] Starting weather data update for all locations...
2025-06-25T05:28:58.075Z [ERROR] Error updating weather data:
2025-06-25T05:28:58.076Z [ERROR] Weather data update job failed:
2025-06-25T05:28:58.076Z [INFO] Scheduler: Job 'updateWeatherData' completed, next run: Wed Jun 25 2025 08:29:58 GMT+0300 (Eastern European Summer Time)
2025-06-25T05:29:30.156Z [INFO] OPTIONS /api/auth/login
2025-06-25T05:29:30.159Z [INFO] POST /api/auth/login
2025-06-25T05:29:30.159Z [INFO] POST /api/login or /api/auth/login
2025-06-25T05:29:30.393Z [INFO] AuthService: Successful login for test@gmail.com
2025-06-25T05:29:30.394Z [INFO] Login: Success for user test@gmail.com
2025-06-25T05:29:31.939Z [INFO] OPTIONS /api/stats/dashboard
2025-06-25T05:29:31.943Z [INFO] GET /api/stats/dashboard
2025-06-25T05:29:31.944Z [ERROR] Error getting dashboard: Cannot read properties of undefined (reading 'locationId')
2025-06-25T05:29:31.949Z [INFO] OPTIONS /api/orders
2025-06-25T05:29:31.951Z [INFO] GET /api/orders
2025-06-25T05:29:31.961Z [INFO] OPTIONS /api/stats/system-status
2025-06-25T05:29:31.963Z [INFO] GET /api/stats/system-status
2025-06-25T05:29:31.964Z [WARN] Route not found: GET /api/stats/system-status
2025-06-25T05:29:31.967Z [INFO] OPTIONS /api/notifications/recent
2025-06-25T05:29:31.969Z [INFO] GET /api/notifications/recent
2025-06-25T05:29:31.970Z [WARN] Route not found: GET /api/notifications/recent
2025-06-25T05:29:31.975Z [INFO] OPTIONS /api/stats/performance
2025-06-25T05:29:31.977Z [INFO] GET /api/stats/performance
2025-06-25T05:29:31.977Z [WARN] Route not found: GET /api/stats/performance
2025-06-25T05:29:57.991Z [INFO] Scheduler: Running job 'exceptionDetection'
2025-06-25T05:29:57.993Z [INFO] Starting automated exception detection...
2025-06-25T05:29:57.993Z [INFO] Running comprehensive exception detection...
2025-06-25T05:29:57.998Z [ERROR] SQL error after 4ms: column l.id does not exist
2025-06-25T05:29:57.998Z [ERROR] Failed query: 
        SELECT 
          l.id as location_id,
          l.name as location_name,
          COUNT(e.id) as total_employees,
          COUNT(CASE WHEN e.status = 'ACTIVE' THEN 1 END) as active_employees,
          COUNT(CASE WHEN e.status = 'SICK' THEN 1 END) as sick_employees,
          COUNT(CASE WHEN e.status = 'VACATION' THEN 1 END) as vacation_employees
        FROM locations l
        LEFT JOIN employees e ON l.id = e.location_id
       GROUP BY l.id, l.name
2025-06-25T05:29:57.999Z [ERROR] Error detecting staff unavailability: column l.id does not exist
2025-06-25T05:29:58.061Z [ERROR] SQL error after 67ms: column l.id does not exist
2025-06-25T05:29:58.061Z [ERROR] Failed query: 
        SELECT 
          l.id as location_id,
          l.name as location_name,
          COUNT(e.id) as total_equipment,
          COUNT(CASE WHEN e.status = 'OUT_OF_SERVICE' THEN 1 END) as out_of_service,
          COUNT(CASE WHEN e.updated_at < NOW() - INTERVAL '2 hours' THEN 1 END) as stale_equipment
        FROM locations l
        LEFT JOIN equipment e ON l.id = e.location_id
       GROUP BY l.id, l.name
2025-06-25T05:29:58.062Z [ERROR] Error detecting power outage: column l.id does not exist
2025-06-25T05:29:58.070Z [ERROR] SQL error after 76ms: column l.id does not exist
2025-06-25T05:29:58.070Z [ERROR] Failed query: 
        SELECT 
          e.id,
          e.name,
          e.type,
          e.status,
          e.location_id,
          l.name as location_name,
          EXTRACT(days FROM (NOW() - e.updated_at)) as days_since_update,
          COUNT(em.id) as recent_maintenance
        FROM equipment e
        JOIN locations l ON e.location_id = l.id
        LEFT JOIN equipment_maintenance em ON e.id = em.equipment_id 
          AND em.created_at >= NOW() - INTERVAL '30 days'
      
        GROUP BY e.id, e.name, e.type, e.status, e.location_id, l.name, e.updated_at
        HAVING e.status = 'OUT_OF_SERVICE' 
          OR EXTRACT(days FROM (NOW() - e.updated_at)) > 7
        ORDER BY days_since_update DESC
      
2025-06-25T05:29:58.071Z [ERROR] Error detecting equipment failures: column l.id does not exist
2025-06-25T05:29:58.071Z [ERROR] SQL error after 77ms: column o.id does not exist
2025-06-25T05:29:58.072Z [ERROR] Failed query: 
        SELECT 
          t.id,
          t.status,
          t.location_id,
          l.name as location_name,
          o.id as order_id,
          EXTRACT(hours FROM (NOW() - t.created_at)) as hours_since_created,
          EXTRACT(hours FROM (NOW() - t.updated_at)) as hours_since_updated
        FROM transports t
        JOIN orders o ON t.order_id = o.id
        JOIN locations l ON t.location_id = l.id
        WHERE t.status IN ('PENDING', 'IN_PROGRESS')
       ORDER BY t.created_at ASC
2025-06-25T05:29:58.072Z [ERROR] Error detecting transport issues: column o.id does not exist
2025-06-25T05:29:58.073Z [INFO] Exception detection completed: 0 issues found
2025-06-25T05:29:58.073Z [INFO] Exception detection completed: 0 total issues found
2025-06-25T05:29:58.073Z [INFO] - Staff issues: 0
2025-06-25T05:29:58.073Z [INFO] - Power issues: 0
2025-06-25T05:29:58.073Z [INFO] - Equipment issues: 0
2025-06-25T05:29:58.074Z [INFO] - Transport issues: 0
2025-06-25T05:29:58.074Z [INFO] Creating notification: SYSTEM_STATUS_OK - LOW - All systems operational - no critical issues detected
2025-06-25T05:29:58.074Z [ERROR] Failed to send notification via websocket: WebSocket notification failed: broadcastToAllClients is not a function
2025-06-25T05:29:58.074Z [INFO] Exception detection completed successfully in 81ms
2025-06-25T05:29:58.074Z [INFO] Scheduler: Job 'exceptionDetection' completed, next run: Wed Jun 25 2025 08:30:58 GMT+0300 (Eastern European Summer Time)
2025-06-25T05:30:07.008Z [INFO] OPTIONS /api/auth/login
2025-06-25T05:30:07.009Z [INFO] POST /api/auth/login
2025-06-25T05:30:07.010Z [INFO] POST /api/login or /api/auth/login
2025-06-25T05:30:07.253Z [INFO] AuthService: Successful login for test@gmail.com
2025-06-25T05:30:07.254Z [INFO] Login: Success for user test@gmail.com
2025-06-25T05:30:08.803Z [INFO] OPTIONS /api/stats/dashboard
2025-06-25T05:30:08.806Z [INFO] GET /api/stats/dashboard
2025-06-25T05:30:08.807Z [ERROR] Error getting dashboard: Cannot read properties of undefined (reading 'locationId')
2025-06-25T05:30:08.811Z [INFO] OPTIONS /api/orders
2025-06-25T05:30:08.813Z [INFO] GET /api/orders
2025-06-25T05:30:08.822Z [INFO] OPTIONS /api/stats/system-status
2025-06-25T05:30:08.824Z [INFO] GET /api/stats/system-status
2025-06-25T05:30:08.824Z [WARN] Route not found: GET /api/stats/system-status
2025-06-25T05:30:08.827Z [INFO] OPTIONS /api/notifications/recent
2025-06-25T05:30:08.829Z [INFO] GET /api/notifications/recent
2025-06-25T05:30:08.830Z [WARN] Route not found: GET /api/notifications/recent
2025-06-25T05:30:08.833Z [INFO] OPTIONS /api/stats/performance
2025-06-25T05:30:08.834Z [INFO] GET /api/stats/performance
2025-06-25T05:30:08.835Z [WARN] Route not found: GET /api/stats/performance
2025-06-25T05:30:11.260Z [INFO] GET /api/stats/dashboard
2025-06-25T05:30:11.261Z [ERROR] Error getting dashboard: Cannot read properties of undefined (reading 'locationId')
2025-06-25T05:30:11.267Z [INFO] GET /api/orders
2025-06-25T05:30:11.272Z [INFO] GET /api/stats/system-status
2025-06-25T05:30:11.272Z [WARN] Route not found: GET /api/stats/system-status
2025-06-25T05:30:11.275Z [INFO] GET /api/notifications/recent
2025-06-25T05:30:11.276Z [WARN] Route not found: GET /api/notifications/recent
2025-06-25T05:30:11.280Z [INFO] GET /api/stats/performance
2025-06-25T05:30:11.282Z [WARN] Route not found: GET /api/stats/performance
2025-06-25T05:30:12.198Z [INFO] GET /api/stats/dashboard
2025-06-25T05:30:12.199Z [ERROR] Error getting dashboard: Cannot read properties of undefined (reading 'locationId')
2025-06-25T05:30:12.204Z [INFO] GET /api/orders
2025-06-25T05:30:12.211Z [INFO] GET /api/stats/system-status
2025-06-25T05:30:12.211Z [WARN] Route not found: GET /api/stats/system-status
2025-06-25T05:30:12.214Z [INFO] GET /api/notifications/recent
2025-06-25T05:30:12.215Z [WARN] Route not found: GET /api/notifications/recent
2025-06-25T05:30:12.219Z [INFO] GET /api/stats/performance
2025-06-25T05:30:12.220Z [WARN] Route not found: GET /api/stats/performance
2025-06-25T05:30:29.382Z [INFO] OPTIONS /api/auth/login
2025-06-25T05:30:29.383Z [INFO] POST /api/auth/login
2025-06-25T05:30:29.384Z [INFO] POST /api/login or /api/auth/login
2025-06-25T05:30:29.576Z [INFO] AuthService: Successful login for test@gmail.com
2025-06-25T05:30:29.576Z [INFO] Login: Success for user test@gmail.com
2025-06-25T05:30:31.117Z [INFO] OPTIONS /api/stats/dashboard
2025-06-25T05:30:31.118Z [INFO] GET /api/stats/dashboard
2025-06-25T05:30:31.118Z [ERROR] Error getting dashboard: Cannot read properties of undefined (reading 'locationId')
2025-06-25T05:30:31.122Z [INFO] OPTIONS /api/orders
2025-06-25T05:30:31.124Z [INFO] GET /api/orders
2025-06-25T05:30:31.129Z [INFO] OPTIONS /api/stats/system-status
2025-06-25T05:30:31.132Z [INFO] GET /api/stats/system-status
2025-06-25T05:30:31.133Z [WARN] Route not found: GET /api/stats/system-status
2025-06-25T05:30:31.136Z [INFO] OPTIONS /api/notifications/recent
2025-06-25T05:30:31.138Z [INFO] GET /api/notifications/recent
2025-06-25T05:30:31.138Z [WARN] Route not found: GET /api/notifications/recent
2025-06-25T05:30:31.142Z [INFO] OPTIONS /api/stats/performance
2025-06-25T05:30:31.143Z [INFO] GET /api/stats/performance
2025-06-25T05:30:31.144Z [WARN] Route not found: GET /api/stats/performance
2025-06-25T05:30:39.027Z [INFO] OPTIONS /api/stats/dashboard
2025-06-25T05:30:39.032Z [INFO] OPTIONS /api/orders
2025-06-25T05:30:39.034Z [INFO] GET /api/orders
2025-06-25T05:30:39.040Z [INFO] OPTIONS /api/stats/system-status
2025-06-25T05:30:39.042Z [INFO] GET /api/stats/system-status
2025-06-25T05:30:39.043Z [WARN] Route not found: GET /api/stats/system-status
2025-06-25T05:30:39.046Z [INFO] OPTIONS /api/notifications/recent
2025-06-25T05:30:39.047Z [INFO] GET /api/notifications/recent
2025-06-25T05:30:39.048Z [WARN] Route not found: GET /api/notifications/recent
2025-06-25T05:30:39.050Z [INFO] OPTIONS /api/stats/performance
2025-06-25T05:30:39.051Z [INFO] GET /api/stats/performance
2025-06-25T05:30:39.052Z [WARN] Route not found: GET /api/stats/performance
2025-06-25T05:30:45.919Z [INFO] OPTIONS /api/auth/logout
2025-06-25T05:30:45.920Z [INFO] POST /api/auth/logout
2025-06-25T05:30:45.921Z [INFO] POST /api/auth/logout
2025-06-25T05:30:45.921Z [INFO] AuthService: Successful logout
2025-06-25T05:30:57.991Z [INFO] Scheduler: Running job 'expandRecurrences'
2025-06-25T05:30:57.993Z [INFO] ExpandRecurrences: Starting job
2025-06-25T05:30:57.995Z [INFO] ExpandRecurrences: Job completed, created 0 new recurring orders
2025-06-25T05:30:57.995Z [INFO] Scheduler: Job 'expandRecurrences' completed, next run: Wed Jun 25 2025 08:30:00 GMT+0300 (Eastern European Summer Time)
2025-06-25T05:30:57.996Z [INFO] Scheduler: Running job 'checkEquipmentStatus'
2025-06-25T05:30:57.996Z [INFO] CheckEquipmentStatus: Starting equipment monitoring job
2025-06-25T05:30:57.997Z [INFO] Starting equipment status check...
2025-06-25T05:30:57.999Z [ERROR] SQL error after 2ms: column em.ended_at does not exist
2025-06-25T05:30:58.000Z [ERROR] Failed query: 
            SELECT 
                e.*,
                l.name as location_name,
                MAX(em.ended_at) as last_maintenance
            FROM equipment e
            JOIN locations l ON e.location_id = l.location_id
            LEFT JOIN equipment_maintenance em ON e.equipment_id = em.equipment_id 
                AND em.ended_at IS NOT NULL
            WHERE e.status = 'OPERATIVE'
            GROUP BY e.equipment_id, l.name
            HAVING MAX(em.ended_at) < NOW() - INTERVAL '90 days' OR MAX(em.ended_at) IS NULL
            ORDER BY last_maintenance ASC NULLS FIRST
        
2025-06-25T05:30:58.000Z [ERROR] Error checking equipment status:
2025-06-25T05:30:58.001Z [ERROR] CheckEquipmentStatus: Job failed
2025-06-25T05:30:58.001Z [INFO] Scheduler: Job 'checkEquipmentStatus' completed, next run: Wed Jun 25 2025 08:31:58 GMT+0300 (Eastern European Summer Time)
2025-06-25T05:30:58.002Z [INFO] Scheduler: Running job 'updateWeatherData'
2025-06-25T05:30:58.002Z [INFO] Starting weather data update job...
2025-06-25T05:30:58.002Z [INFO] Starting weather data update for all locations...
2025-06-25T05:30:58.047Z [ERROR] Error updating weather data:
2025-06-25T05:30:58.048Z [ERROR] Weather data update job failed:
2025-06-25T05:30:58.048Z [INFO] Scheduler: Job 'updateWeatherData' completed, next run: Wed Jun 25 2025 08:31:58 GMT+0300 (Eastern European Summer Time)
2025-06-25T05:31:41.954Z [INFO] OPTIONS /api/stats/dashboard
2025-06-25T05:31:41.956Z [INFO] GET /api/stats/dashboard
2025-06-25T05:31:41.957Z [ERROR] Error getting dashboard: Cannot read properties of undefined (reading 'locationId')
2025-06-25T05:31:41.966Z [INFO] OPTIONS /api/stats/dashboard
2025-06-25T05:31:41.968Z [INFO] OPTIONS /api/orders
2025-06-25T05:31:41.971Z [INFO] GET /api/orders
2025-06-25T05:31:41.973Z [INFO] GET /api/stats/dashboard
2025-06-25T05:31:41.973Z [ERROR] Error getting dashboard: Cannot read properties of undefined (reading 'locationId')
2025-06-25T05:31:41.977Z [INFO] OPTIONS /api/orders
2025-06-25T05:31:41.980Z [INFO] GET /api/orders
2025-06-25T05:31:42.046Z [INFO] OPTIONS /api/stats/system-status
2025-06-25T05:31:42.048Z [INFO] GET /api/stats/system-status
2025-06-25T05:31:42.050Z [WARN] Route not found: GET /api/stats/system-status
2025-06-25T05:31:42.051Z [INFO] OPTIONS /api/stats/system-status
2025-06-25T05:31:42.052Z [INFO] GET /api/stats/system-status
2025-06-25T05:31:42.053Z [WARN] Route not found: GET /api/stats/system-status
2025-06-25T05:31:42.053Z [INFO] OPTIONS /api/notifications/recent
2025-06-25T05:31:42.055Z [INFO] GET /api/notifications/recent
2025-06-25T05:31:42.055Z [WARN] Route not found: GET /api/notifications/recent
2025-06-25T05:31:42.056Z [INFO] OPTIONS /api/notifications/recent
2025-06-25T05:31:42.058Z [INFO] OPTIONS /api/stats/performance
2025-06-25T05:31:42.058Z [INFO] GET /api/notifications/recent
2025-06-25T05:31:42.058Z [WARN] Route not found: GET /api/notifications/recent
2025-06-25T05:31:42.059Z [INFO] GET /api/stats/performance
2025-06-25T05:31:42.059Z [WARN] Route not found: GET /api/stats/performance
2025-06-25T05:31:42.061Z [INFO] OPTIONS /api/stats/performance
2025-06-25T05:31:42.063Z [INFO] GET /api/stats/performance
2025-06-25T05:31:42.064Z [WARN] Route not found: GET /api/stats/performance
2025-06-25T05:31:58.005Z [INFO] Scheduler: Running job 'expandRecurrences'
2025-06-25T05:31:58.006Z [INFO] ExpandRecurrences: Starting job
2025-06-25T05:31:58.008Z [INFO] ExpandRecurrences: Job completed, created 0 new recurring orders
2025-06-25T05:31:58.009Z [INFO] Scheduler: Job 'expandRecurrences' completed, next run: Wed Jun 25 2025 08:35:00 GMT+0300 (Eastern European Summer Time)
2025-06-25T05:31:58.009Z [INFO] Scheduler: Running job 'checkEquipmentStatus'
2025-06-25T05:31:58.010Z [INFO] CheckEquipmentStatus: Starting equipment monitoring job
2025-06-25T05:31:58.010Z [INFO] Starting equipment status check...
2025-06-25T05:31:58.012Z [ERROR] SQL error after 2ms: column em.ended_at does not exist
2025-06-25T05:31:58.012Z [ERROR] Failed query: 
            SELECT 
                e.*,
                l.name as location_name,
                MAX(em.ended_at) as last_maintenance
            FROM equipment e
            JOIN locations l ON e.location_id = l.location_id
            LEFT JOIN equipment_maintenance em ON e.equipment_id = em.equipment_id 
                AND em.ended_at IS NOT NULL
            WHERE e.status = 'OPERATIVE'
            GROUP BY e.equipment_id, l.name
            HAVING MAX(em.ended_at) < NOW() - INTERVAL '90 days' OR MAX(em.ended_at) IS NULL
            ORDER BY last_maintenance ASC NULLS FIRST
        
2025-06-25T05:31:58.013Z [ERROR] Error checking equipment status:
2025-06-25T05:31:58.013Z [ERROR] CheckEquipmentStatus: Job failed
2025-06-25T05:31:58.013Z [INFO] Scheduler: Job 'checkEquipmentStatus' completed, next run: Wed Jun 25 2025 08:32:58 GMT+0300 (Eastern European Summer Time)
2025-06-25T05:31:58.014Z [INFO] Scheduler: Running job 'exceptionDetection'
2025-06-25T05:31:58.014Z [INFO] Starting automated exception detection...
2025-06-25T05:31:58.014Z [INFO] Running comprehensive exception detection...
2025-06-25T05:31:58.018Z [ERROR] SQL error after 4ms: column l.id does not exist
2025-06-25T05:31:58.019Z [ERROR] Failed query: 
        SELECT 
          l.id as location_id,
          l.name as location_name,
          COUNT(e.id) as total_employees,
          COUNT(CASE WHEN e.status = 'ACTIVE' THEN 1 END) as active_employees,
          COUNT(CASE WHEN e.status = 'SICK' THEN 1 END) as sick_employees,
          COUNT(CASE WHEN e.status = 'VACATION' THEN 1 END) as vacation_employees
        FROM locations l
        LEFT JOIN employees e ON l.id = e.location_id
       GROUP BY l.id, l.name
2025-06-25T05:31:58.019Z [ERROR] Error detecting staff unavailability: column l.id does not exist
2025-06-25T05:31:58.082Z [ERROR] SQL error after 68ms: column l.id does not exist
2025-06-25T05:31:58.083Z [ERROR] Failed query: 
        SELECT 
          l.id as location_id,
          l.name as location_name,
          COUNT(e.id) as total_equipment,
          COUNT(CASE WHEN e.status = 'OUT_OF_SERVICE' THEN 1 END) as out_of_service,
          COUNT(CASE WHEN e.updated_at < NOW() - INTERVAL '2 hours' THEN 1 END) as stale_equipment
        FROM locations l
        LEFT JOIN equipment e ON l.id = e.location_id
       GROUP BY l.id, l.name
2025-06-25T05:31:58.083Z [ERROR] Error detecting power outage: column l.id does not exist
2025-06-25T05:31:58.085Z [ERROR] SQL error after 70ms: column o.id does not exist
2025-06-25T05:31:58.085Z [ERROR] Failed query: 
        SELECT 
          t.id,
          t.status,
          t.location_id,
          l.name as location_name,
          o.id as order_id,
          EXTRACT(hours FROM (NOW() - t.created_at)) as hours_since_created,
          EXTRACT(hours FROM (NOW() - t.updated_at)) as hours_since_updated
        FROM transports t
        JOIN orders o ON t.order_id = o.id
        JOIN locations l ON t.location_id = l.id
        WHERE t.status IN ('PENDING', 'IN_PROGRESS')
       ORDER BY t.created_at ASC
2025-06-25T05:31:58.086Z [ERROR] Error detecting transport issues: column o.id does not exist
2025-06-25T05:31:58.087Z [ERROR] SQL error after 72ms: column l.id does not exist
2025-06-25T05:31:58.087Z [ERROR] Failed query: 
        SELECT 
          e.id,
          e.name,
          e.type,
          e.status,
          e.location_id,
          l.name as location_name,
          EXTRACT(days FROM (NOW() - e.updated_at)) as days_since_update,
          COUNT(em.id) as recent_maintenance
        FROM equipment e
        JOIN locations l ON e.location_id = l.id
        LEFT JOIN equipment_maintenance em ON e.id = em.equipment_id 
          AND em.created_at >= NOW() - INTERVAL '30 days'
      
        GROUP BY e.id, e.name, e.type, e.status, e.location_id, l.name, e.updated_at
        HAVING e.status = 'OUT_OF_SERVICE' 
          OR EXTRACT(days FROM (NOW() - e.updated_at)) > 7
        ORDER BY days_since_update DESC
      
2025-06-25T05:31:58.087Z [ERROR] Error detecting equipment failures: column l.id does not exist
2025-06-25T05:31:58.088Z [INFO] Exception detection completed: 0 issues found
2025-06-25T05:31:58.088Z [INFO] Exception detection completed: 0 total issues found
2025-06-25T05:31:58.089Z [INFO] - Staff issues: 0
2025-06-25T05:31:58.089Z [INFO] - Power issues: 0
2025-06-25T05:31:58.090Z [INFO] - Equipment issues: 0
2025-06-25T05:31:58.090Z [INFO] - Transport issues: 0
2025-06-25T05:31:58.090Z [INFO] Creating notification: SYSTEM_STATUS_OK - LOW - All systems operational - no critical issues detected
2025-06-25T05:31:58.091Z [ERROR] Failed to send notification via websocket: WebSocket notification failed: broadcastToAllClients is not a function
2025-06-25T05:31:58.092Z [INFO] Exception detection completed successfully in 78ms
2025-06-25T05:31:58.092Z [INFO] Scheduler: Job 'exceptionDetection' completed, next run: Wed Jun 25 2025 08:32:58 GMT+0300 (Eastern European Summer Time)
2025-06-25T05:32:10.730Z [INFO] OPTIONS /api/auth/login
2025-06-25T05:32:10.732Z [INFO] POST /api/auth/login
2025-06-25T05:32:10.733Z [INFO] POST /api/login or /api/auth/login
2025-06-25T05:32:11.082Z [INFO] AuthService: Successful login for testtesttest@gmail.com
2025-06-25T05:32:11.083Z [INFO] Login: Success for user testtesttest@gmail.com
2025-06-25T05:32:12.632Z [INFO] OPTIONS /api/stats/dashboard
2025-06-25T05:32:12.635Z [INFO] GET /api/stats/dashboard
2025-06-25T05:32:12.636Z [ERROR] Error getting dashboard: Cannot read properties of undefined (reading 'locationId')
2025-06-25T05:32:12.641Z [INFO] OPTIONS /api/orders
2025-06-25T05:32:12.642Z [INFO] GET /api/orders
2025-06-25T05:32:12.652Z [INFO] OPTIONS /api/stats/system-status
2025-06-25T05:32:12.655Z [INFO] GET /api/stats/system-status
2025-06-25T05:32:12.655Z [WARN] Route not found: GET /api/stats/system-status
2025-06-25T05:32:12.658Z [INFO] OPTIONS /api/notifications/recent
2025-06-25T05:32:12.659Z [INFO] GET /api/notifications/recent
2025-06-25T05:32:12.660Z [WARN] Route not found: GET /api/notifications/recent
2025-06-25T05:32:12.662Z [INFO] OPTIONS /api/stats/performance
2025-06-25T05:32:12.664Z [INFO] GET /api/stats/performance
2025-06-25T05:32:12.665Z [WARN] Route not found: GET /api/stats/performance
2025-06-25T05:32:18.981Z [INFO] OPTIONS /api/auth/logout
2025-06-25T05:32:18.982Z [INFO] POST /api/auth/logout
2025-06-25T05:32:18.983Z [INFO] POST /api/auth/logout
2025-06-25T05:32:18.983Z [INFO] AuthService: Successful logout
2025-06-25T05:32:58.013Z [INFO] Scheduler: Running job 'checkEquipmentStatus'
2025-06-25T05:32:58.014Z [INFO] CheckEquipmentStatus: Starting equipment monitoring job
2025-06-25T05:32:58.014Z [INFO] Starting equipment status check...
2025-06-25T05:32:58.065Z [ERROR] SQL error after 51ms: column em.ended_at does not exist
2025-06-25T05:32:58.066Z [ERROR] Failed query: 
            SELECT 
                e.*,
                l.name as location_name,
                MAX(em.ended_at) as last_maintenance
            FROM equipment e
            JOIN locations l ON e.location_id = l.location_id
            LEFT JOIN equipment_maintenance em ON e.equipment_id = em.equipment_id 
                AND em.ended_at IS NOT NULL
            WHERE e.status = 'OPERATIVE'
            GROUP BY e.equipment_id, l.name
            HAVING MAX(em.ended_at) < NOW() - INTERVAL '90 days' OR MAX(em.ended_at) IS NULL
            ORDER BY last_maintenance ASC NULLS FIRST
        
2025-06-25T05:32:58.067Z [ERROR] Error checking equipment status:
2025-06-25T05:32:58.068Z [ERROR] CheckEquipmentStatus: Job failed
2025-06-25T05:32:58.068Z [INFO] Scheduler: Job 'checkEquipmentStatus' completed, next run: Wed Jun 25 2025 08:33:58 GMT+0300 (Eastern European Summer Time)
2025-06-25T05:32:58.069Z [INFO] Scheduler: Running job 'updateWeatherData'
2025-06-25T05:32:58.069Z [INFO] Starting weather data update job...
2025-06-25T05:32:58.070Z [INFO] Starting weather data update for all locations...
2025-06-25T05:32:58.127Z [ERROR] Error updating weather data:
2025-06-25T05:32:58.128Z [ERROR] Weather data update job failed:
2025-06-25T05:32:58.129Z [INFO] Scheduler: Job 'updateWeatherData' completed, next run: Wed Jun 25 2025 08:33:58 GMT+0300 (Eastern European Summer Time)
2025-06-25T05:33:17.477Z [INFO] OPTIONS /api/auth/register
2025-06-25T05:33:17.478Z [INFO] POST /api/auth/register
2025-06-25T05:33:17.478Z [INFO] POST /api/register or /api/auth/register
2025-06-25T05:33:17.666Z [ERROR] SQL error after 3ms: insert or update on table "employees" violates foreign key constraint "employees_location_id_fkey"
2025-06-25T05:33:17.666Z [ERROR] Failed query: 
        INSERT INTO employees (user_id, location_id, job_title, hire_date, is_active)
        VALUES ($1, $2, $3, CURRENT_DATE, true)
        RETURNING employee_id
      
2025-06-25T05:33:17.666Z [WARN] AuthService: Failed to create employee record for user testmanager@gmail.com: insert or update on table "employees" violates foreign key constraint "employees_location_id_fkey"
2025-06-25T05:33:17.667Z [INFO] AuthService: Successfully registered user testmanager@gmail.com with ID 6
2025-06-25T05:33:17.667Z [INFO] Register: Success for user testmanager@gmail.com
2025-06-25T05:33:28.242Z [INFO] OPTIONS /api/auth/login
2025-06-25T05:33:28.244Z [INFO] POST /api/auth/login
2025-06-25T05:33:28.245Z [INFO] POST /api/login or /api/auth/login
2025-06-25T05:33:28.500Z [INFO] AuthService: Successful login for testmanager@gmail.com
2025-06-25T05:33:28.501Z [INFO] Login: Success for user testmanager@gmail.com
2025-06-25T05:33:30.050Z [INFO] OPTIONS /api/stats/dashboard
2025-06-25T05:33:30.052Z [INFO] GET /api/stats/dashboard
2025-06-25T05:33:30.053Z [ERROR] Error getting dashboard: Cannot read properties of undefined (reading 'locationId')
2025-06-25T05:33:30.060Z [INFO] OPTIONS /api/orders
2025-06-25T05:33:30.062Z [INFO] GET /api/orders
2025-06-25T05:33:30.068Z [INFO] OPTIONS /api/stats/system-status
2025-06-25T05:33:30.071Z [INFO] GET /api/stats/system-status
2025-06-25T05:33:30.072Z [WARN] Route not found: GET /api/stats/system-status
2025-06-25T05:33:30.077Z [INFO] OPTIONS /api/notifications/recent
2025-06-25T05:33:30.078Z [INFO] GET /api/notifications/recent
2025-06-25T05:33:30.078Z [WARN] Route not found: GET /api/notifications/recent
2025-06-25T05:33:30.080Z [INFO] OPTIONS /api/stats/performance
2025-06-25T05:33:30.081Z [INFO] GET /api/stats/performance
2025-06-25T05:33:30.082Z [WARN] Route not found: GET /api/stats/performance
2025-06-25T05:33:48.366Z [INFO] OPTIONS /api/stats/dashboard
2025-06-25T05:33:48.372Z [INFO] OPTIONS /api/orders
2025-06-25T05:33:48.375Z [INFO] GET /api/orders
2025-06-25T05:33:48.380Z [INFO] OPTIONS /api/stats/system-status
2025-06-25T05:33:48.382Z [INFO] GET /api/stats/system-status
2025-06-25T05:33:48.383Z [WARN] Route not found: GET /api/stats/system-status
2025-06-25T05:33:48.388Z [INFO] OPTIONS /api/notifications/recent
2025-06-25T05:33:48.390Z [INFO] GET /api/notifications/recent
2025-06-25T05:33:48.391Z [WARN] Route not found: GET /api/notifications/recent
2025-06-25T05:33:48.395Z [INFO] OPTIONS /api/stats/performance
2025-06-25T05:33:48.397Z [INFO] GET /api/stats/performance
2025-06-25T05:33:48.397Z [WARN] Route not found: GET /api/stats/performance
2025-06-25T05:33:53.011Z [INFO] OPTIONS /api/auth/logout
2025-06-25T05:33:53.012Z [INFO] POST /api/auth/logout
2025-06-25T05:33:53.013Z [INFO] POST /api/auth/logout
2025-06-25T05:33:53.013Z [INFO] AuthService: Successful logout
2025-06-25T05:33:58.022Z [INFO] Scheduler: Running job 'exceptionDetection'
2025-06-25T05:33:58.023Z [INFO] Starting automated exception detection...
2025-06-25T05:33:58.024Z [INFO] Running comprehensive exception detection...
2025-06-25T05:33:58.026Z [ERROR] SQL error after 2ms: column l.id does not exist
2025-06-25T05:33:58.026Z [ERROR] Failed query: 
        SELECT 
          l.id as location_id,
          l.name as location_name,
          COUNT(e.id) as total_employees,
          COUNT(CASE WHEN e.status = 'ACTIVE' THEN 1 END) as active_employees,
          COUNT(CASE WHEN e.status = 'SICK' THEN 1 END) as sick_employees,
          COUNT(CASE WHEN e.status = 'VACATION' THEN 1 END) as vacation_employees
        FROM locations l
        LEFT JOIN employees e ON l.id = e.location_id
       GROUP BY l.id, l.name
2025-06-25T05:33:58.026Z [ERROR] Error detecting staff unavailability: column l.id does not exist
2025-06-25T05:33:58.104Z [ERROR] SQL error after 80ms: column o.id does not exist
2025-06-25T05:33:58.105Z [ERROR] Failed query: 
        SELECT 
          t.id,
          t.status,
          t.location_id,
          l.name as location_name,
          o.id as order_id,
          EXTRACT(hours FROM (NOW() - t.created_at)) as hours_since_created,
          EXTRACT(hours FROM (NOW() - t.updated_at)) as hours_since_updated
        FROM transports t
        JOIN orders o ON t.order_id = o.id
        JOIN locations l ON t.location_id = l.id
        WHERE t.status IN ('PENDING', 'IN_PROGRESS')
       ORDER BY t.created_at ASC
2025-06-25T05:33:58.105Z [ERROR] Error detecting transport issues: column o.id does not exist
2025-06-25T05:33:58.107Z [ERROR] SQL error after 83ms: column l.id does not exist
2025-06-25T05:33:58.108Z [ERROR] Failed query: 
        SELECT 
          e.id,
          e.name,
          e.type,
          e.status,
          e.location_id,
          l.name as location_name,
          EXTRACT(days FROM (NOW() - e.updated_at)) as days_since_update,
          COUNT(em.id) as recent_maintenance
        FROM equipment e
        JOIN locations l ON e.location_id = l.id
        LEFT JOIN equipment_maintenance em ON e.id = em.equipment_id 
          AND em.created_at >= NOW() - INTERVAL '30 days'
      
        GROUP BY e.id, e.name, e.type, e.status, e.location_id, l.name, e.updated_at
        HAVING e.status = 'OUT_OF_SERVICE' 
          OR EXTRACT(days FROM (NOW() - e.updated_at)) > 7
        ORDER BY days_since_update DESC
      
2025-06-25T05:33:58.108Z [ERROR] Error detecting equipment failures: column l.id does not exist
2025-06-25T05:33:58.110Z [ERROR] SQL error after 86ms: column l.id does not exist
2025-06-25T05:33:58.110Z [ERROR] Failed query: 
        SELECT 
          l.id as location_id,
          l.name as location_name,
          COUNT(e.id) as total_equipment,
          COUNT(CASE WHEN e.status = 'OUT_OF_SERVICE' THEN 1 END) as out_of_service,
          COUNT(CASE WHEN e.updated_at < NOW() - INTERVAL '2 hours' THEN 1 END) as stale_equipment
        FROM locations l
        LEFT JOIN equipment e ON l.id = e.location_id
       GROUP BY l.id, l.name
2025-06-25T05:33:58.111Z [ERROR] Error detecting power outage: column l.id does not exist
2025-06-25T05:33:58.113Z [INFO] Exception detection completed: 0 issues found
2025-06-25T05:33:58.113Z [INFO] Exception detection completed: 0 total issues found
2025-06-25T05:33:58.114Z [INFO] - Staff issues: 0
2025-06-25T05:33:58.115Z [INFO] - Power issues: 0
2025-06-25T05:33:58.115Z [INFO] - Equipment issues: 0
2025-06-25T05:33:58.116Z [INFO] - Transport issues: 0
2025-06-25T05:33:58.117Z [INFO] Creating notification: SYSTEM_STATUS_OK - LOW - All systems operational - no critical issues detected
2025-06-25T05:33:58.118Z [ERROR] Failed to send notification via websocket: WebSocket notification failed: broadcastToAllClients is not a function
2025-06-25T05:33:58.119Z [INFO] Exception detection completed successfully in 96ms
2025-06-25T05:33:58.120Z [INFO] Scheduler: Job 'exceptionDetection' completed, next run: Wed Jun 25 2025 08:34:58 GMT+0300 (Eastern European Summer Time)
2025-06-25T05:34:42.733Z [INFO] OPTIONS /api/stats/dashboard
2025-06-25T05:34:42.736Z [INFO] GET /api/stats/dashboard
2025-06-25T05:34:42.736Z [ERROR] Error getting dashboard: Cannot read properties of undefined (reading 'locationId')
2025-06-25T05:34:42.739Z [INFO] OPTIONS /api/stats/dashboard
2025-06-25T05:34:42.742Z [INFO] GET /api/stats/dashboard
2025-06-25T05:34:42.742Z [ERROR] Error getting dashboard: Cannot read properties of undefined (reading 'locationId')
2025-06-25T05:34:42.757Z [INFO] OPTIONS /api/orders
2025-06-25T05:34:42.759Z [INFO] OPTIONS /api/orders
2025-06-25T05:34:42.760Z [INFO] GET /api/orders
2025-06-25T05:34:42.762Z [INFO] GET /api/orders
2025-06-25T05:34:42.839Z [INFO] OPTIONS /api/stats/system-status
2025-06-25T05:34:42.841Z [INFO] OPTIONS /api/stats/system-status
2025-06-25T05:34:42.842Z [INFO] GET /api/stats/system-status
2025-06-25T05:34:42.842Z [WARN] Route not found: GET /api/stats/system-status
2025-06-25T05:34:42.843Z [INFO] GET /api/stats/system-status
2025-06-25T05:34:42.843Z [WARN] Route not found: GET /api/stats/system-status
2025-06-25T05:34:42.844Z [INFO] OPTIONS /api/notifications/recent
2025-06-25T05:34:42.846Z [INFO] GET /api/notifications/recent
2025-06-25T05:34:42.846Z [WARN] Route not found: GET /api/notifications/recent
2025-06-25T05:34:42.847Z [INFO] OPTIONS /api/notifications/recent
2025-06-25T05:34:42.849Z [INFO] GET /api/notifications/recent
2025-06-25T05:34:42.849Z [WARN] Route not found: GET /api/notifications/recent
2025-06-25T05:34:42.849Z [INFO] OPTIONS /api/stats/performance
2025-06-25T05:34:42.851Z [INFO] GET /api/stats/performance
2025-06-25T05:34:42.851Z [WARN] Route not found: GET /api/stats/performance
2025-06-25T05:34:42.853Z [INFO] OPTIONS /api/stats/performance
2025-06-25T05:34:42.854Z [INFO] GET /api/stats/performance
2025-06-25T05:34:42.855Z [WARN] Route not found: GET /api/stats/performance
2025-06-25T05:34:43.009Z [INFO] GET /api/stats/dashboard
2025-06-25T05:34:43.009Z [ERROR] Error getting dashboard: Cannot read properties of undefined (reading 'locationId')
2025-06-25T05:34:43.012Z [INFO] GET /api/stats/dashboard
2025-06-25T05:34:43.013Z [ERROR] Error getting dashboard: Cannot read properties of undefined (reading 'locationId')
2025-06-25T05:34:43.024Z [INFO] GET /api/orders
2025-06-25T05:34:43.025Z [INFO] GET /api/orders
2025-06-25T05:34:43.029Z [INFO] GET /api/stats/system-status
2025-06-25T05:34:43.029Z [WARN] Route not found: GET /api/stats/system-status
2025-06-25T05:34:43.030Z [INFO] GET /api/stats/system-status
2025-06-25T05:34:43.031Z [WARN] Route not found: GET /api/stats/system-status
2025-06-25T05:34:43.033Z [INFO] GET /api/notifications/recent
2025-06-25T05:34:43.034Z [WARN] Route not found: GET /api/notifications/recent
2025-06-25T05:34:43.036Z [INFO] GET /api/notifications/recent
2025-06-25T05:34:43.036Z [WARN] Route not found: GET /api/notifications/recent
2025-06-25T05:34:43.037Z [INFO] GET /api/stats/performance
2025-06-25T05:34:43.038Z [WARN] Route not found: GET /api/stats/performance
2025-06-25T05:34:43.042Z [INFO] GET /api/stats/performance
2025-06-25T05:34:43.043Z [WARN] Route not found: GET /api/stats/performance
2025-06-25T05:34:58.028Z [INFO] Scheduler: Running job 'checkEquipmentStatus'
2025-06-25T05:34:58.029Z [INFO] CheckEquipmentStatus: Starting equipment monitoring job
2025-06-25T05:34:58.030Z [INFO] Starting equipment status check...
2025-06-25T05:34:58.032Z [ERROR] SQL error after 2ms: column em.ended_at does not exist
2025-06-25T05:34:58.033Z [ERROR] Failed query: 
            SELECT 
                e.*,
                l.name as location_name,
                MAX(em.ended_at) as last_maintenance
            FROM equipment e
            JOIN locations l ON e.location_id = l.location_id
            LEFT JOIN equipment_maintenance em ON e.equipment_id = em.equipment_id 
                AND em.ended_at IS NOT NULL
            WHERE e.status = 'OPERATIVE'
            GROUP BY e.equipment_id, l.name
            HAVING MAX(em.ended_at) < NOW() - INTERVAL '90 days' OR MAX(em.ended_at) IS NULL
            ORDER BY last_maintenance ASC NULLS FIRST
        
2025-06-25T05:34:58.034Z [ERROR] Error checking equipment status:
2025-06-25T05:34:58.034Z [ERROR] CheckEquipmentStatus: Job failed
2025-06-25T05:34:58.035Z [INFO] Scheduler: Job 'checkEquipmentStatus' completed, next run: Wed Jun 25 2025 08:35:58 GMT+0300 (Eastern European Summer Time)
2025-06-25T05:34:58.035Z [INFO] Scheduler: Running job 'updateWeatherData'
2025-06-25T05:34:58.036Z [INFO] Starting weather data update job...
2025-06-25T05:34:58.036Z [INFO] Starting weather data update for all locations...
2025-06-25T05:34:58.039Z [ERROR] Error updating weather data:
2025-06-25T05:34:58.039Z [ERROR] Weather data update job failed:
2025-06-25T05:34:58.040Z [INFO] Scheduler: Job 'updateWeatherData' completed, next run: Wed Jun 25 2025 08:35:58 GMT+0300 (Eastern European Summer Time)
2025-06-25T05:35:10.523Z [INFO] OPTIONS /api/stats/dashboard
2025-06-25T05:35:10.524Z [INFO] GET /api/stats/dashboard
2025-06-25T05:35:10.525Z [ERROR] Error getting dashboard: Cannot read properties of undefined (reading 'locationId')
2025-06-25T05:35:10.530Z [INFO] OPTIONS /api/stats/dashboard
2025-06-25T05:35:10.533Z [INFO] GET /api/stats/dashboard
2025-06-25T05:35:10.534Z [ERROR] Error getting dashboard: Cannot read properties of undefined (reading 'locationId')
2025-06-25T05:35:10.534Z [INFO] OPTIONS /api/orders
2025-06-25T05:35:10.536Z [INFO] GET /api/orders
2025-06-25T05:35:10.540Z [INFO] OPTIONS /api/orders
2025-06-25T05:35:10.541Z [INFO] OPTIONS /api/stats/system-status
2025-06-25T05:35:10.542Z [INFO] GET /api/stats/system-status
2025-06-25T05:35:10.543Z [WARN] Route not found: GET /api/stats/system-status
2025-06-25T05:35:10.543Z [INFO] GET /api/orders
2025-06-25T05:35:10.549Z [INFO] OPTIONS /api/notifications/recent
2025-06-25T05:35:10.551Z [INFO] OPTIONS /api/stats/system-status
2025-06-25T05:35:10.552Z [INFO] GET /api/notifications/recent
2025-06-25T05:35:10.552Z [WARN] Route not found: GET /api/notifications/recent
2025-06-25T05:35:10.553Z [INFO] GET /api/stats/system-status
2025-06-25T05:35:10.554Z [WARN] Route not found: GET /api/stats/system-status
2025-06-25T05:35:10.555Z [INFO] OPTIONS /api/stats/performance
2025-06-25T05:35:10.557Z [INFO] GET /api/stats/performance
2025-06-25T05:35:10.557Z [WARN] Route not found: GET /api/stats/performance
2025-06-25T05:35:10.557Z [INFO] OPTIONS /api/notifications/recent
2025-06-25T05:35:10.559Z [INFO] GET /api/notifications/recent
2025-06-25T05:35:10.559Z [WARN] Route not found: GET /api/notifications/recent
2025-06-25T05:35:10.562Z [INFO] OPTIONS /api/stats/performance
2025-06-25T05:35:10.564Z [INFO] GET /api/stats/performance
2025-06-25T05:35:10.564Z [WARN] Route not found: GET /api/stats/performance
2025-06-25T05:35:14.726Z [INFO] GET /api/stats/dashboard
2025-06-25T05:35:14.727Z [ERROR] Error getting dashboard: Cannot read properties of undefined (reading 'locationId')
2025-06-25T05:35:14.729Z [INFO] GET /api/stats/dashboard
2025-06-25T05:35:14.730Z [ERROR] Error getting dashboard: Cannot read properties of undefined (reading 'locationId')
2025-06-25T05:35:14.733Z [INFO] GET /api/orders
2025-06-25T05:35:14.743Z [INFO] GET /api/orders
2025-06-25T05:35:14.744Z [INFO] GET /api/stats/system-status
2025-06-25T05:35:14.745Z [WARN] Route not found: GET /api/stats/system-status
2025-06-25T05:35:14.748Z [INFO] GET /api/notifications/recent
2025-06-25T05:35:14.749Z [WARN] Route not found: GET /api/notifications/recent
2025-06-25T05:35:14.750Z [INFO] GET /api/stats/system-status
2025-06-25T05:35:14.750Z [WARN] Route not found: GET /api/stats/system-status
2025-06-25T05:35:14.754Z [INFO] GET /api/stats/performance
2025-06-25T05:35:14.755Z [WARN] Route not found: GET /api/stats/performance
2025-06-25T05:35:14.757Z [INFO] GET /api/notifications/recent
2025-06-25T05:35:14.758Z [WARN] Route not found: GET /api/notifications/recent
2025-06-25T05:35:14.762Z [INFO] GET /api/stats/performance
2025-06-25T05:35:14.763Z [WARN] Route not found: GET /api/stats/performance
2025-06-25T05:35:15.678Z [INFO] OPTIONS /api/stats/dashboard
2025-06-25T05:35:15.682Z [INFO] GET /api/stats/dashboard
2025-06-25T05:35:15.682Z [ERROR] Error getting dashboard: Cannot read properties of undefined (reading 'locationId')
2025-06-25T05:35:15.692Z [INFO] OPTIONS /api/stats/dashboard
2025-06-25T05:35:15.694Z [INFO] GET /api/stats/dashboard
2025-06-25T05:35:15.695Z [ERROR] Error getting dashboard: Cannot read properties of undefined (reading 'locationId')
2025-06-25T05:35:15.699Z [INFO] OPTIONS /api/orders
2025-06-25T05:35:15.700Z [INFO] GET /api/orders
2025-06-25T05:35:15.709Z [INFO] OPTIONS /api/orders
2025-06-25T05:35:15.710Z [INFO] OPTIONS /api/stats/system-status
2025-06-25T05:35:15.712Z [INFO] GET /api/stats/system-status
2025-06-25T05:35:15.713Z [WARN] Route not found: GET /api/stats/system-status
2025-06-25T05:35:15.715Z [INFO] GET /api/orders
2025-06-25T05:35:15.723Z [INFO] OPTIONS /api/notifications/recent
2025-06-25T05:35:15.723Z [INFO] OPTIONS /api/stats/system-status
2025-06-25T05:35:15.725Z [INFO] GET /api/notifications/recent
2025-06-25T05:35:15.725Z [WARN] Route not found: GET /api/notifications/recent
2025-06-25T05:35:15.726Z [INFO] GET /api/stats/system-status
2025-06-25T05:35:15.726Z [WARN] Route not found: GET /api/stats/system-status
2025-06-25T05:35:15.728Z [INFO] OPTIONS /api/stats/performance
2025-06-25T05:35:15.729Z [INFO] OPTIONS /api/notifications/recent
2025-06-25T05:35:15.730Z [INFO] GET /api/stats/performance
2025-06-25T05:35:15.731Z [WARN] Route not found: GET /api/stats/performance
2025-06-25T05:35:15.732Z [INFO] GET /api/notifications/recent
2025-06-25T05:35:15.733Z [WARN] Route not found: GET /api/notifications/recent
2025-06-25T05:35:15.737Z [INFO] OPTIONS /api/stats/performance
2025-06-25T05:35:15.739Z [INFO] GET /api/stats/performance
2025-06-25T05:35:15.739Z [WARN] Route not found: GET /api/stats/performance
2025-06-25T05:35:58.040Z [INFO] Scheduler: Running job 'expandRecurrences'
2025-06-25T05:35:58.041Z [INFO] ExpandRecurrences: Starting job
2025-06-25T05:35:58.089Z [INFO] ExpandRecurrences: Job completed, created 0 new recurring orders
2025-06-25T05:35:58.089Z [INFO] Scheduler: Job 'expandRecurrences' completed, next run: Wed Jun 25 2025 08:35:00 GMT+0300 (Eastern European Summer Time)
2025-06-25T05:35:58.090Z [INFO] Scheduler: Running job 'checkEquipmentStatus'
2025-06-25T05:35:58.090Z [INFO] CheckEquipmentStatus: Starting equipment monitoring job
2025-06-25T05:35:58.090Z [INFO] Starting equipment status check...
2025-06-25T05:35:58.091Z [ERROR] SQL error after 1ms: column em.ended_at does not exist
2025-06-25T05:35:58.092Z [ERROR] Failed query: 
            SELECT 
                e.*,
                l.name as location_name,
                MAX(em.ended_at) as last_maintenance
            FROM equipment e
            JOIN locations l ON e.location_id = l.location_id
            LEFT JOIN equipment_maintenance em ON e.equipment_id = em.equipment_id 
                AND em.ended_at IS NOT NULL
            WHERE e.status = 'OPERATIVE'
            GROUP BY e.equipment_id, l.name
            HAVING MAX(em.ended_at) < NOW() - INTERVAL '90 days' OR MAX(em.ended_at) IS NULL
            ORDER BY last_maintenance ASC NULLS FIRST
        
2025-06-25T05:35:58.092Z [ERROR] Error checking equipment status:
2025-06-25T05:35:58.093Z [ERROR] CheckEquipmentStatus: Job failed
2025-06-25T05:35:58.093Z [INFO] Scheduler: Job 'checkEquipmentStatus' completed, next run: Wed Jun 25 2025 08:36:58 GMT+0300 (Eastern European Summer Time)
2025-06-25T05:35:58.093Z [INFO] Scheduler: Running job 'updateWeatherData'
2025-06-25T05:35:58.094Z [INFO] Starting weather data update job...
2025-06-25T05:35:58.094Z [INFO] Starting weather data update for all locations...
2025-06-25T05:35:58.136Z [ERROR] Error updating weather data:
2025-06-25T05:35:58.136Z [ERROR] Weather data update job failed:
2025-06-25T05:35:58.136Z [INFO] Scheduler: Job 'updateWeatherData' completed, next run: Wed Jun 25 2025 08:36:58 GMT+0300 (Eastern European Summer Time)
2025-06-25T05:35:58.137Z [INFO] Scheduler: Running job 'exceptionDetection'
2025-06-25T05:35:58.137Z [INFO] Starting automated exception detection...
2025-06-25T05:35:58.137Z [INFO] Running comprehensive exception detection...
2025-06-25T05:35:58.139Z [ERROR] SQL error after 1ms: column l.id does not exist
2025-06-25T05:35:58.139Z [ERROR] Failed query: 
        SELECT 
          l.id as location_id,
          l.name as location_name,
          COUNT(e.id) as total_employees,
          COUNT(CASE WHEN e.status = 'ACTIVE' THEN 1 END) as active_employees,
          COUNT(CASE WHEN e.status = 'SICK' THEN 1 END) as sick_employees,
          COUNT(CASE WHEN e.status = 'VACATION' THEN 1 END) as vacation_employees
        FROM locations l
        LEFT JOIN employees e ON l.id = e.location_id
       GROUP BY l.id, l.name
2025-06-25T05:35:58.140Z [ERROR] Error detecting staff unavailability: column l.id does not exist
2025-06-25T05:35:58.194Z [ERROR] SQL error after 56ms: column l.id does not exist
2025-06-25T05:35:58.195Z [ERROR] Failed query: 
        SELECT 
          e.id,
          e.name,
          e.type,
          e.status,
          e.location_id,
          l.name as location_name,
          EXTRACT(days FROM (NOW() - e.updated_at)) as days_since_update,
          COUNT(em.id) as recent_maintenance
        FROM equipment e
        JOIN locations l ON e.location_id = l.id
        LEFT JOIN equipment_maintenance em ON e.id = em.equipment_id 
          AND em.created_at >= NOW() - INTERVAL '30 days'
      
        GROUP BY e.id, e.name, e.type, e.status, e.location_id, l.name, e.updated_at
        HAVING e.status = 'OUT_OF_SERVICE' 
          OR EXTRACT(days FROM (NOW() - e.updated_at)) > 7
        ORDER BY days_since_update DESC
      
2025-06-25T05:35:58.196Z [ERROR] Error detecting equipment failures: column l.id does not exist
2025-06-25T05:35:58.197Z [ERROR] SQL error after 59ms: column o.id does not exist
2025-06-25T05:35:58.198Z [ERROR] Failed query: 
        SELECT 
          t.id,
          t.status,
          t.location_id,
          l.name as location_name,
          o.id as order_id,
          EXTRACT(hours FROM (NOW() - t.created_at)) as hours_since_created,
          EXTRACT(hours FROM (NOW() - t.updated_at)) as hours_since_updated
        FROM transports t
        JOIN orders o ON t.order_id = o.id
        JOIN locations l ON t.location_id = l.id
        WHERE t.status IN ('PENDING', 'IN_PROGRESS')
       ORDER BY t.created_at ASC
2025-06-25T05:35:58.198Z [ERROR] Error detecting transport issues: column o.id does not exist
2025-06-25T05:35:58.291Z [ERROR] SQL error after 152ms: column l.id does not exist
2025-06-25T05:35:58.291Z [ERROR] Failed query: 
        SELECT 
          l.id as location_id,
          l.name as location_name,
          COUNT(e.id) as total_equipment,
          COUNT(CASE WHEN e.status = 'OUT_OF_SERVICE' THEN 1 END) as out_of_service,
          COUNT(CASE WHEN e.updated_at < NOW() - INTERVAL '2 hours' THEN 1 END) as stale_equipment
        FROM locations l
        LEFT JOIN equipment e ON l.id = e.location_id
       GROUP BY l.id, l.name
2025-06-25T05:35:58.291Z [ERROR] Error detecting power outage: column l.id does not exist
2025-06-25T05:35:58.292Z [INFO] Exception detection completed: 0 issues found
2025-06-25T05:35:58.292Z [INFO] Exception detection completed: 0 total issues found
2025-06-25T05:35:58.292Z [INFO] - Staff issues: 0
2025-06-25T05:35:58.292Z [INFO] - Power issues: 0
2025-06-25T05:35:58.292Z [INFO] - Equipment issues: 0
2025-06-25T05:35:58.292Z [INFO] - Transport issues: 0
2025-06-25T05:35:58.293Z [INFO] Creating notification: SYSTEM_STATUS_OK - LOW - All systems operational - no critical issues detected
2025-06-25T05:35:58.293Z [ERROR] Failed to send notification via websocket: WebSocket notification failed: broadcastToAllClients is not a function
2025-06-25T05:35:58.293Z [INFO] Exception detection completed successfully in 156ms
2025-06-25T05:35:58.293Z [INFO] Scheduler: Job 'exceptionDetection' completed, next run: Wed Jun 25 2025 08:36:58 GMT+0300 (Eastern European Summer Time)
2025-06-25T05:36:22.046Z [INFO] OPTIONS /api/stats/dashboard
2025-06-25T05:36:22.048Z [INFO] OPTIONS /api/stats/dashboard
2025-06-25T05:36:22.049Z [INFO] GET /api/stats/dashboard
2025-06-25T05:36:22.053Z [ERROR] Error getting dashboard: Cannot read properties of undefined (reading 'locationId')
2025-06-25T05:36:22.055Z [INFO] GET /api/stats/dashboard
2025-06-25T05:36:22.056Z [ERROR] Error getting dashboard: Cannot read properties of undefined (reading 'locationId')
2025-06-25T05:36:22.062Z [INFO] OPTIONS /api/orders
2025-06-25T05:36:22.063Z [INFO] OPTIONS /api/orders
2025-06-25T05:36:22.064Z [INFO] GET /api/orders
2025-06-25T05:36:22.066Z [INFO] GET /api/orders
2025-06-25T05:36:22.132Z [INFO] OPTIONS /api/stats/system-status
2025-06-25T05:36:22.133Z [INFO] OPTIONS /api/stats/system-status
2025-06-25T05:36:22.134Z [INFO] GET /api/stats/system-status
2025-06-25T05:36:22.134Z [WARN] Route not found: GET /api/stats/system-status
2025-06-25T05:36:22.135Z [INFO] GET /api/stats/system-status
2025-06-25T05:36:22.135Z [WARN] Route not found: GET /api/stats/system-status
2025-06-25T05:36:22.137Z [INFO] OPTIONS /api/notifications/recent
2025-06-25T05:36:22.138Z [INFO] OPTIONS /api/notifications/recent
2025-06-25T05:36:22.138Z [INFO] GET /api/notifications/recent
2025-06-25T05:36:22.139Z [WARN] Route not found: GET /api/notifications/recent
2025-06-25T05:36:22.139Z [INFO] GET /api/notifications/recent
2025-06-25T05:36:22.140Z [WARN] Route not found: GET /api/notifications/recent
2025-06-25T05:36:22.141Z [INFO] OPTIONS /api/stats/performance
2025-06-25T05:36:22.142Z [INFO] OPTIONS /api/stats/performance
2025-06-25T05:36:22.143Z [INFO] GET /api/stats/performance
2025-06-25T05:36:22.143Z [WARN] Route not found: GET /api/stats/performance
2025-06-25T05:36:22.144Z [INFO] GET /api/stats/performance
2025-06-25T05:36:22.144Z [WARN] Route not found: GET /api/stats/performance
2025-06-25T05:36:58.051Z [INFO] Scheduler: Running job 'expandRecurrences'
2025-06-25T05:36:58.052Z [INFO] ExpandRecurrences: Starting job
2025-06-25T05:36:58.084Z [INFO] OPTIONS /api/stats/dashboard
2025-06-25T05:36:58.091Z [INFO] GET /api/stats/dashboard
2025-06-25T05:36:58.091Z [ERROR] Error getting dashboard: Cannot read properties of undefined (reading 'locationId')
2025-06-25T05:36:58.092Z [INFO] OPTIONS /api/stats/dashboard
2025-06-25T05:36:58.094Z [INFO] GET /api/stats/dashboard
2025-06-25T05:36:58.094Z [ERROR] Error getting dashboard: Cannot read properties of undefined (reading 'locationId')
2025-06-25T05:36:58.095Z [INFO] OPTIONS /api/orders
2025-06-25T05:36:58.097Z [INFO] GET /api/orders
2025-06-25T05:36:58.107Z [INFO] OPTIONS /api/orders
2025-06-25T05:36:58.110Z [INFO] GET /api/orders
2025-06-25T05:36:58.141Z [INFO] ExpandRecurrences: Job completed, created 0 new recurring orders
2025-06-25T05:36:58.142Z [INFO] Scheduler: Job 'expandRecurrences' completed, next run: Wed Jun 25 2025 08:40:00 GMT+0300 (Eastern European Summer Time)
2025-06-25T05:36:58.157Z [INFO] OPTIONS /api/stats/system-status
2025-06-25T05:36:58.158Z [INFO] GET /api/stats/system-status
2025-06-25T05:36:58.159Z [WARN] Route not found: GET /api/stats/system-status
2025-06-25T05:36:58.161Z [INFO] OPTIONS /api/notifications/recent
2025-06-25T05:36:58.162Z [INFO] GET /api/notifications/recent
2025-06-25T05:36:58.163Z [WARN] Route not found: GET /api/notifications/recent
2025-06-25T05:36:58.166Z [INFO] OPTIONS /api/stats/performance
2025-06-25T05:36:58.167Z [INFO] GET /api/stats/performance
2025-06-25T05:36:58.167Z [WARN] Route not found: GET /api/stats/performance
2025-06-25T05:36:58.275Z [INFO] OPTIONS /api/stats/system-status
2025-06-25T05:36:58.276Z [INFO] GET /api/stats/system-status
2025-06-25T05:36:58.276Z [WARN] Route not found: GET /api/stats/system-status
2025-06-25T05:36:58.278Z [INFO] OPTIONS /api/notifications/recent
2025-06-25T05:36:58.279Z [INFO] GET /api/notifications/recent
2025-06-25T05:36:58.279Z [WARN] Route not found: GET /api/notifications/recent
2025-06-25T05:36:58.281Z [INFO] OPTIONS /api/stats/performance
2025-06-25T05:36:58.282Z [INFO] GET /api/stats/performance
2025-06-25T05:36:58.282Z [WARN] Route not found: GET /api/stats/performance
2025-06-25T05:37:58.063Z [INFO] Scheduler: Running job 'checkEquipmentStatus'
2025-06-25T05:37:58.063Z [INFO] CheckEquipmentStatus: Starting equipment monitoring job
2025-06-25T05:37:58.064Z [INFO] Starting equipment status check...
2025-06-25T05:37:58.105Z [ERROR] SQL error after 41ms: column em.ended_at does not exist
2025-06-25T05:37:58.106Z [ERROR] Failed query: 
            SELECT 
                e.*,
                l.name as location_name,
                MAX(em.ended_at) as last_maintenance
            FROM equipment e
            JOIN locations l ON e.location_id = l.location_id
            LEFT JOIN equipment_maintenance em ON e.equipment_id = em.equipment_id 
                AND em.ended_at IS NOT NULL
            WHERE e.status = 'OPERATIVE'
            GROUP BY e.equipment_id, l.name
            HAVING MAX(em.ended_at) < NOW() - INTERVAL '90 days' OR MAX(em.ended_at) IS NULL
            ORDER BY last_maintenance ASC NULLS FIRST
        
2025-06-25T05:37:58.106Z [ERROR] Error checking equipment status:
2025-06-25T05:37:58.106Z [ERROR] CheckEquipmentStatus: Job failed
2025-06-25T05:37:58.106Z [INFO] Scheduler: Job 'checkEquipmentStatus' completed, next run: Wed Jun 25 2025 08:38:58 GMT+0300 (Eastern European Summer Time)
2025-06-25T05:37:58.106Z [INFO] Scheduler: Running job 'updateWeatherData'
2025-06-25T05:37:58.106Z [INFO] Starting weather data update job...
2025-06-25T05:37:58.107Z [INFO] Starting weather data update for all locations...
2025-06-25T05:37:58.144Z [ERROR] Error updating weather data:
2025-06-25T05:37:58.145Z [ERROR] Weather data update job failed:
2025-06-25T05:37:58.145Z [INFO] Scheduler: Job 'updateWeatherData' completed, next run: Wed Jun 25 2025 08:38:58 GMT+0300 (Eastern European Summer Time)
2025-06-25T05:37:58.145Z [INFO] Scheduler: Running job 'exceptionDetection'
2025-06-25T05:37:58.146Z [INFO] Starting automated exception detection...
2025-06-25T05:37:58.146Z [INFO] Running comprehensive exception detection...
2025-06-25T05:37:58.147Z [ERROR] SQL error after 1ms: column l.id does not exist
2025-06-25T05:37:58.148Z [ERROR] Failed query: 
        SELECT 
          l.id as location_id,
          l.name as location_name,
          COUNT(e.id) as total_employees,
          COUNT(CASE WHEN e.status = 'ACTIVE' THEN 1 END) as active_employees,
          COUNT(CASE WHEN e.status = 'SICK' THEN 1 END) as sick_employees,
          COUNT(CASE WHEN e.status = 'VACATION' THEN 1 END) as vacation_employees
        FROM locations l
        LEFT JOIN employees e ON l.id = e.location_id
       GROUP BY l.id, l.name
2025-06-25T05:37:58.148Z [ERROR] Error detecting staff unavailability: column l.id does not exist
2025-06-25T05:37:58.196Z [ERROR] SQL error after 49ms: column o.id does not exist
2025-06-25T05:37:58.197Z [ERROR] Failed query: 
        SELECT 
          t.id,
          t.status,
          t.location_id,
          l.name as location_name,
          o.id as order_id,
          EXTRACT(hours FROM (NOW() - t.created_at)) as hours_since_created,
          EXTRACT(hours FROM (NOW() - t.updated_at)) as hours_since_updated
        FROM transports t
        JOIN orders o ON t.order_id = o.id
        JOIN locations l ON t.location_id = l.id
        WHERE t.status IN ('PENDING', 'IN_PROGRESS')
       ORDER BY t.created_at ASC
2025-06-25T05:37:58.197Z [ERROR] Error detecting transport issues: column o.id does not exist
2025-06-25T05:37:58.202Z [ERROR] SQL error after 56ms: column l.id does not exist
2025-06-25T05:37:58.202Z [ERROR] Failed query: 
        SELECT 
          l.id as location_id,
          l.name as location_name,
          COUNT(e.id) as total_equipment,
          COUNT(CASE WHEN e.status = 'OUT_OF_SERVICE' THEN 1 END) as out_of_service,
          COUNT(CASE WHEN e.updated_at < NOW() - INTERVAL '2 hours' THEN 1 END) as stale_equipment
        FROM locations l
        LEFT JOIN equipment e ON l.id = e.location_id
       GROUP BY l.id, l.name
2025-06-25T05:37:58.203Z [ERROR] Error detecting power outage: column l.id does not exist
2025-06-25T05:37:58.205Z [ERROR] SQL error after 59ms: column l.id does not exist
2025-06-25T05:37:58.206Z [ERROR] Failed query: 
        SELECT 
          e.id,
          e.name,
          e.type,
          e.status,
          e.location_id,
          l.name as location_name,
          EXTRACT(days FROM (NOW() - e.updated_at)) as days_since_update,
          COUNT(em.id) as recent_maintenance
        FROM equipment e
        JOIN locations l ON e.location_id = l.id
        LEFT JOIN equipment_maintenance em ON e.id = em.equipment_id 
          AND em.created_at >= NOW() - INTERVAL '30 days'
      
        GROUP BY e.id, e.name, e.type, e.status, e.location_id, l.name, e.updated_at
        HAVING e.status = 'OUT_OF_SERVICE' 
          OR EXTRACT(days FROM (NOW() - e.updated_at)) > 7
        ORDER BY days_since_update DESC
      
2025-06-25T05:37:58.206Z [ERROR] Error detecting equipment failures: column l.id does not exist
2025-06-25T05:37:58.206Z [INFO] Exception detection completed: 0 issues found
2025-06-25T05:37:58.207Z [INFO] Exception detection completed: 0 total issues found
2025-06-25T05:37:58.207Z [INFO] - Staff issues: 0
2025-06-25T05:37:58.207Z [INFO] - Power issues: 0
2025-06-25T05:37:58.208Z [INFO] - Equipment issues: 0
2025-06-25T05:37:58.208Z [INFO] - Transport issues: 0
2025-06-25T05:37:58.208Z [INFO] Creating notification: SYSTEM_STATUS_OK - LOW - All systems operational - no critical issues detected
2025-06-25T05:37:58.208Z [ERROR] Failed to send notification via websocket: WebSocket notification failed: broadcastToAllClients is not a function
2025-06-25T05:37:58.209Z [INFO] Exception detection completed successfully in 63ms
2025-06-25T05:37:58.209Z [INFO] Scheduler: Job 'exceptionDetection' completed, next run: Wed Jun 25 2025 08:38:58 GMT+0300 (Eastern European Summer Time)
2025-06-25T05:38:13.729Z [INFO] OPTIONS /api/stats/dashboard
2025-06-25T05:38:13.730Z [INFO] OPTIONS /api/stats/dashboard
2025-06-25T05:38:13.736Z [INFO] GET /api/stats/dashboard
2025-06-25T05:38:13.737Z [ERROR] Error getting dashboard: Cannot read properties of undefined (reading 'locationId')
2025-06-25T05:38:13.738Z [INFO] GET /api/stats/dashboard
2025-06-25T05:38:13.739Z [ERROR] Error getting dashboard: Cannot read properties of undefined (reading 'locationId')
2025-06-25T05:38:13.742Z [INFO] OPTIONS /api/orders
2025-06-25T05:38:13.743Z [INFO] OPTIONS /api/orders
2025-06-25T05:38:13.746Z [INFO] GET /api/orders
2025-06-25T05:38:13.748Z [INFO] GET /api/orders
2025-06-25T05:38:13.810Z [INFO] OPTIONS /api/stats/system-status
2025-06-25T05:38:13.813Z [INFO] OPTIONS /api/stats/system-status
2025-06-25T05:38:13.814Z [INFO] GET /api/stats/system-status
2025-06-25T05:38:13.814Z [WARN] Route not found: GET /api/stats/system-status
2025-06-25T05:38:13.816Z [INFO] GET /api/stats/system-status
2025-06-25T05:38:13.817Z [WARN] Route not found: GET /api/stats/system-status
2025-06-25T05:38:13.818Z [INFO] OPTIONS /api/notifications/recent
2025-06-25T05:38:13.819Z [INFO] GET /api/notifications/recent
2025-06-25T05:38:13.820Z [WARN] Route not found: GET /api/notifications/recent
2025-06-25T05:38:13.821Z [INFO] OPTIONS /api/notifications/recent
2025-06-25T05:38:13.822Z [INFO] OPTIONS /api/stats/performance
2025-06-25T05:38:13.823Z [INFO] GET /api/notifications/recent
2025-06-25T05:38:13.823Z [WARN] Route not found: GET /api/notifications/recent
2025-06-25T05:38:13.824Z [INFO] GET /api/stats/performance
2025-06-25T05:38:13.824Z [WARN] Route not found: GET /api/stats/performance
2025-06-25T05:38:13.826Z [INFO] OPTIONS /api/stats/performance
2025-06-25T05:38:13.829Z [INFO] GET /api/stats/performance
2025-06-25T05:38:13.830Z [WARN] Route not found: GET /api/stats/performance
2025-06-25T05:38:15.377Z [INFO] GET /api/stats/dashboard
2025-06-25T05:38:15.378Z [ERROR] Error getting dashboard: Cannot read properties of undefined (reading 'locationId')
2025-06-25T05:38:15.381Z [INFO] GET /api/stats/dashboard
2025-06-25T05:38:15.382Z [ERROR] Error getting dashboard: Cannot read properties of undefined (reading 'locationId')
2025-06-25T05:38:15.388Z [INFO] GET /api/orders
2025-06-25T05:38:15.390Z [INFO] GET /api/orders
2025-06-25T05:38:15.398Z [INFO] GET /api/stats/system-status
2025-06-25T05:38:15.399Z [WARN] Route not found: GET /api/stats/system-status
2025-06-25T05:38:15.400Z [INFO] GET /api/stats/system-status
2025-06-25T05:38:15.401Z [WARN] Route not found: GET /api/stats/system-status
2025-06-25T05:38:15.403Z [INFO] GET /api/notifications/recent
2025-06-25T05:38:15.404Z [WARN] Route not found: GET /api/notifications/recent
2025-06-25T05:38:15.407Z [INFO] GET /api/notifications/recent
2025-06-25T05:38:15.408Z [WARN] Route not found: GET /api/notifications/recent
2025-06-25T05:38:15.409Z [INFO] GET /api/stats/performance
2025-06-25T05:38:15.409Z [WARN] Route not found: GET /api/stats/performance
2025-06-25T05:38:15.413Z [INFO] GET /api/stats/performance
2025-06-25T05:38:15.413Z [WARN] Route not found: GET /api/stats/performance
2025-06-25T05:39:58.084Z [INFO] Scheduler: Running job 'checkEquipmentStatus'
2025-06-25T05:39:58.085Z [INFO] CheckEquipmentStatus: Starting equipment monitoring job
2025-06-25T05:39:58.085Z [INFO] Starting equipment status check...
2025-06-25T05:39:58.123Z [ERROR] SQL error after 37ms: column em.ended_at does not exist
2025-06-25T05:39:58.123Z [ERROR] Failed query: 
            SELECT 
                e.*,
                l.name as location_name,
                MAX(em.ended_at) as last_maintenance
            FROM equipment e
            JOIN locations l ON e.location_id = l.location_id
            LEFT JOIN equipment_maintenance em ON e.equipment_id = em.equipment_id 
                AND em.ended_at IS NOT NULL
            WHERE e.status = 'OPERATIVE'
            GROUP BY e.equipment_id, l.name
            HAVING MAX(em.ended_at) < NOW() - INTERVAL '90 days' OR MAX(em.ended_at) IS NULL
            ORDER BY last_maintenance ASC NULLS FIRST
        
2025-06-25T05:39:58.124Z [ERROR] Error checking equipment status:
2025-06-25T05:39:58.124Z [ERROR] CheckEquipmentStatus: Job failed
2025-06-25T05:39:58.125Z [INFO] Scheduler: Job 'checkEquipmentStatus' completed, next run: Wed Jun 25 2025 08:40:58 GMT+0300 (Eastern European Summer Time)
2025-06-25T05:39:58.125Z [INFO] Scheduler: Running job 'updateWeatherData'
2025-06-25T05:39:58.126Z [INFO] Starting weather data update job...
2025-06-25T05:39:58.126Z [INFO] Starting weather data update for all locations...
2025-06-25T05:39:58.162Z [ERROR] Error updating weather data:
2025-06-25T05:39:58.162Z [ERROR] Weather data update job failed:
2025-06-25T05:39:58.163Z [INFO] Scheduler: Job 'updateWeatherData' completed, next run: Wed Jun 25 2025 08:40:58 GMT+0300 (Eastern European Summer Time)
2025-06-25T05:39:58.163Z [INFO] Scheduler: Running job 'exceptionDetection'
2025-06-25T05:39:58.163Z [INFO] Starting automated exception detection...
2025-06-25T05:39:58.163Z [INFO] Running comprehensive exception detection...
2025-06-25T05:39:58.165Z [ERROR] SQL error after 1ms: column l.id does not exist
2025-06-25T05:39:58.165Z [ERROR] Failed query: 
        SELECT 
          l.id as location_id,
          l.name as location_name,
          COUNT(e.id) as total_employees,
          COUNT(CASE WHEN e.status = 'ACTIVE' THEN 1 END) as active_employees,
          COUNT(CASE WHEN e.status = 'SICK' THEN 1 END) as sick_employees,
          COUNT(CASE WHEN e.status = 'VACATION' THEN 1 END) as vacation_employees
        FROM locations l
        LEFT JOIN employees e ON l.id = e.location_id
       GROUP BY l.id, l.name
2025-06-25T05:39:58.165Z [ERROR] Error detecting staff unavailability: column l.id does not exist
2025-06-25T05:39:58.214Z [ERROR] SQL error after 50ms: column l.id does not exist
2025-06-25T05:39:58.214Z [ERROR] Failed query: 
        SELECT 
          l.id as location_id,
          l.name as location_name,
          COUNT(e.id) as total_equipment,
          COUNT(CASE WHEN e.status = 'OUT_OF_SERVICE' THEN 1 END) as out_of_service,
          COUNT(CASE WHEN e.updated_at < NOW() - INTERVAL '2 hours' THEN 1 END) as stale_equipment
        FROM locations l
        LEFT JOIN equipment e ON l.id = e.location_id
       GROUP BY l.id, l.name
2025-06-25T05:39:58.215Z [ERROR] Error detecting power outage: column l.id does not exist
2025-06-25T05:39:58.220Z [ERROR] SQL error after 56ms: column l.id does not exist
2025-06-25T05:39:58.221Z [ERROR] Failed query: 
        SELECT 
          e.id,
          e.name,
          e.type,
          e.status,
          e.location_id,
          l.name as location_name,
          EXTRACT(days FROM (NOW() - e.updated_at)) as days_since_update,
          COUNT(em.id) as recent_maintenance
        FROM equipment e
        JOIN locations l ON e.location_id = l.id
        LEFT JOIN equipment_maintenance em ON e.id = em.equipment_id 
          AND em.created_at >= NOW() - INTERVAL '30 days'
      
        GROUP BY e.id, e.name, e.type, e.status, e.location_id, l.name, e.updated_at
        HAVING e.status = 'OUT_OF_SERVICE' 
          OR EXTRACT(days FROM (NOW() - e.updated_at)) > 7
        ORDER BY days_since_update DESC
      
2025-06-25T05:39:58.221Z [ERROR] Error detecting equipment failures: column l.id does not exist
2025-06-25T05:39:58.223Z [ERROR] SQL error after 59ms: column o.id does not exist
2025-06-25T05:39:58.223Z [ERROR] Failed query: 
        SELECT 
          t.id,
          t.status,
          t.location_id,
          l.name as location_name,
          o.id as order_id,
          EXTRACT(hours FROM (NOW() - t.created_at)) as hours_since_created,
          EXTRACT(hours FROM (NOW() - t.updated_at)) as hours_since_updated
        FROM transports t
        JOIN orders o ON t.order_id = o.id
        JOIN locations l ON t.location_id = l.id
        WHERE t.status IN ('PENDING', 'IN_PROGRESS')
       ORDER BY t.created_at ASC
2025-06-25T05:39:58.224Z [ERROR] Error detecting transport issues: column o.id does not exist
2025-06-25T05:39:58.224Z [INFO] Exception detection completed: 0 issues found
2025-06-25T05:39:58.225Z [INFO] Exception detection completed: 0 total issues found
2025-06-25T05:39:58.225Z [INFO] - Staff issues: 0
2025-06-25T05:39:58.225Z [INFO] - Power issues: 0
2025-06-25T05:39:58.225Z [INFO] - Equipment issues: 0
2025-06-25T05:39:58.226Z [INFO] - Transport issues: 0
2025-06-25T05:39:58.226Z [INFO] Creating notification: SYSTEM_STATUS_OK - LOW - All systems operational - no critical issues detected
2025-06-25T05:39:58.226Z [ERROR] Failed to send notification via websocket: WebSocket notification failed: broadcastToAllClients is not a function
2025-06-25T05:39:58.227Z [INFO] Exception detection completed successfully in 64ms
2025-06-25T05:39:58.227Z [INFO] Scheduler: Job 'exceptionDetection' completed, next run: Wed Jun 25 2025 08:40:58 GMT+0300 (Eastern European Summer Time)
2025-06-25T05:40:58.084Z [INFO] Scheduler: Running job 'expandRecurrences'
2025-06-25T05:40:58.086Z [INFO] ExpandRecurrences: Starting job
2025-06-25T05:40:58.130Z [INFO] ExpandRecurrences: Job completed, created 0 new recurring orders
2025-06-25T05:40:58.130Z [INFO] Scheduler: Job 'expandRecurrences' completed, next run: Wed Jun 25 2025 08:40:00 GMT+0300 (Eastern European Summer Time)
2025-06-25T05:41:58.087Z [INFO] Scheduler: Running job 'expandRecurrences'
2025-06-25T05:41:58.089Z [INFO] ExpandRecurrences: Starting job
2025-06-25T05:41:58.139Z [INFO] ExpandRecurrences: Job completed, created 0 new recurring orders
2025-06-25T05:41:58.140Z [INFO] Scheduler: Job 'expandRecurrences' completed, next run: Wed Jun 25 2025 08:45:00 GMT+0300 (Eastern European Summer Time)
2025-06-25T05:41:58.140Z [INFO] Scheduler: Running job 'checkEquipmentStatus'
2025-06-25T05:41:58.140Z [INFO] CheckEquipmentStatus: Starting equipment monitoring job
2025-06-25T05:41:58.140Z [INFO] Starting equipment status check...
2025-06-25T05:41:58.141Z [ERROR] SQL error after 1ms: column em.ended_at does not exist
2025-06-25T05:41:58.141Z [ERROR] Failed query: 
            SELECT 
                e.*,
                l.name as location_name,
                MAX(em.ended_at) as last_maintenance
            FROM equipment e
            JOIN locations l ON e.location_id = l.location_id
            LEFT JOIN equipment_maintenance em ON e.equipment_id = em.equipment_id 
                AND em.ended_at IS NOT NULL
            WHERE e.status = 'OPERATIVE'
            GROUP BY e.equipment_id, l.name
            HAVING MAX(em.ended_at) < NOW() - INTERVAL '90 days' OR MAX(em.ended_at) IS NULL
            ORDER BY last_maintenance ASC NULLS FIRST
        
2025-06-25T05:41:58.142Z [ERROR] Error checking equipment status:
2025-06-25T05:41:58.142Z [ERROR] CheckEquipmentStatus: Job failed
2025-06-25T05:41:58.142Z [INFO] Scheduler: Job 'checkEquipmentStatus' completed, next run: Wed Jun 25 2025 08:42:58 GMT+0300 (Eastern European Summer Time)
2025-06-25T05:41:58.142Z [INFO] Scheduler: Running job 'updateWeatherData'
2025-06-25T05:41:58.143Z [INFO] Starting weather data update job...
2025-06-25T05:41:58.143Z [INFO] Starting weather data update for all locations...
2025-06-25T05:41:58.180Z [ERROR] Error updating weather data:
2025-06-25T05:41:58.180Z [ERROR] Weather data update job failed:
2025-06-25T05:41:58.181Z [INFO] Scheduler: Job 'updateWeatherData' completed, next run: Wed Jun 25 2025 08:42:58 GMT+0300 (Eastern European Summer Time)
2025-06-25T05:41:58.181Z [INFO] Scheduler: Running job 'exceptionDetection'
2025-06-25T05:41:58.181Z [INFO] Starting automated exception detection...
2025-06-25T05:41:58.182Z [INFO] Running comprehensive exception detection...
2025-06-25T05:41:58.183Z [ERROR] SQL error after 1ms: column l.id does not exist
2025-06-25T05:41:58.184Z [ERROR] Failed query: 
        SELECT 
          l.id as location_id,
          l.name as location_name,
          COUNT(e.id) as total_employees,
          COUNT(CASE WHEN e.status = 'ACTIVE' THEN 1 END) as active_employees,
          COUNT(CASE WHEN e.status = 'SICK' THEN 1 END) as sick_employees,
          COUNT(CASE WHEN e.status = 'VACATION' THEN 1 END) as vacation_employees
        FROM locations l
        LEFT JOIN employees e ON l.id = e.location_id
       GROUP BY l.id, l.name
2025-06-25T05:41:58.184Z [ERROR] Error detecting staff unavailability: column l.id does not exist
2025-06-25T05:41:58.236Z [ERROR] SQL error after 54ms: column l.id does not exist
2025-06-25T05:41:58.236Z [ERROR] Failed query: 
        SELECT 
          l.id as location_id,
          l.name as location_name,
          COUNT(e.id) as total_equipment,
          COUNT(CASE WHEN e.status = 'OUT_OF_SERVICE' THEN 1 END) as out_of_service,
          COUNT(CASE WHEN e.updated_at < NOW() - INTERVAL '2 hours' THEN 1 END) as stale_equipment
        FROM locations l
        LEFT JOIN equipment e ON l.id = e.location_id
       GROUP BY l.id, l.name
2025-06-25T05:41:58.237Z [ERROR] Error detecting power outage: column l.id does not exist
2025-06-25T05:41:58.238Z [ERROR] SQL error after 56ms: column o.id does not exist
2025-06-25T05:41:58.239Z [ERROR] Failed query: 
        SELECT 
          t.id,
          t.status,
          t.location_id,
          l.name as location_name,
          o.id as order_id,
          EXTRACT(hours FROM (NOW() - t.created_at)) as hours_since_created,
          EXTRACT(hours FROM (NOW() - t.updated_at)) as hours_since_updated
        FROM transports t
        JOIN orders o ON t.order_id = o.id
        JOIN locations l ON t.location_id = l.id
        WHERE t.status IN ('PENDING', 'IN_PROGRESS')
       ORDER BY t.created_at ASC
2025-06-25T05:41:58.239Z [ERROR] Error detecting transport issues: column o.id does not exist
2025-06-25T05:41:58.241Z [ERROR] SQL error after 59ms: column l.id does not exist
2025-06-25T05:41:58.242Z [ERROR] Failed query: 
        SELECT 
          e.id,
          e.name,
          e.type,
          e.status,
          e.location_id,
          l.name as location_name,
          EXTRACT(days FROM (NOW() - e.updated_at)) as days_since_update,
          COUNT(em.id) as recent_maintenance
        FROM equipment e
        JOIN locations l ON e.location_id = l.id
        LEFT JOIN equipment_maintenance em ON e.id = em.equipment_id 
          AND em.created_at >= NOW() - INTERVAL '30 days'
      
        GROUP BY e.id, e.name, e.type, e.status, e.location_id, l.name, e.updated_at
        HAVING e.status = 'OUT_OF_SERVICE' 
          OR EXTRACT(days FROM (NOW() - e.updated_at)) > 7
        ORDER BY days_since_update DESC
      
2025-06-25T05:41:58.242Z [ERROR] Error detecting equipment failures: column l.id does not exist
2025-06-25T05:41:58.242Z [INFO] Exception detection completed: 0 issues found
2025-06-25T05:41:58.243Z [INFO] Exception detection completed: 0 total issues found
2025-06-25T05:41:58.243Z [INFO] - Staff issues: 0
2025-06-25T05:41:58.243Z [INFO] - Power issues: 0
2025-06-25T05:41:58.243Z [INFO] - Equipment issues: 0
2025-06-25T05:41:58.243Z [INFO] - Transport issues: 0
2025-06-25T05:41:58.243Z [INFO] Creating notification: SYSTEM_STATUS_OK - LOW - All systems operational - no critical issues detected
2025-06-25T05:41:58.244Z [ERROR] Failed to send notification via websocket: WebSocket notification failed: broadcastToAllClients is not a function
2025-06-25T05:41:58.244Z [INFO] Exception detection completed successfully in 63ms
2025-06-25T05:41:58.244Z [INFO] Scheduler: Job 'exceptionDetection' completed, next run: Wed Jun 25 2025 08:42:58 GMT+0300 (Eastern European Summer Time)
2025-06-25T05:43:13.691Z [INFO] OPTIONS /api/stats/dashboard
2025-06-25T05:43:13.695Z [INFO] GET /api/stats/dashboard
2025-06-25T05:43:13.696Z [ERROR] Error getting dashboard: Cannot read properties of undefined (reading 'locationId')
2025-06-25T05:43:13.697Z [INFO] OPTIONS /api/stats/dashboard
2025-06-25T05:43:13.699Z [INFO] GET /api/stats/dashboard
2025-06-25T05:43:13.700Z [ERROR] Error getting dashboard: Cannot read properties of undefined (reading 'locationId')
2025-06-25T05:43:13.705Z [INFO] OPTIONS /api/orders
2025-06-25T05:43:13.707Z [INFO] GET /api/orders
2025-06-25T05:43:13.709Z [INFO] OPTIONS /api/orders
2025-06-25T05:43:13.711Z [INFO] GET /api/orders
2025-06-25T05:43:13.773Z [INFO] OPTIONS /api/stats/system-status
2025-06-25T05:43:13.774Z [INFO] GET /api/stats/system-status
2025-06-25T05:43:13.775Z [WARN] Route not found: GET /api/stats/system-status
2025-06-25T05:43:13.776Z [INFO] OPTIONS /api/stats/system-status
2025-06-25T05:43:13.777Z [INFO] GET /api/stats/system-status
2025-06-25T05:43:13.777Z [WARN] Route not found: GET /api/stats/system-status
2025-06-25T05:43:13.777Z [INFO] OPTIONS /api/notifications/recent
2025-06-25T05:43:13.779Z [INFO] GET /api/notifications/recent
2025-06-25T05:43:13.779Z [WARN] Route not found: GET /api/notifications/recent
2025-06-25T05:43:13.780Z [INFO] OPTIONS /api/notifications/recent
2025-06-25T05:43:13.782Z [INFO] OPTIONS /api/stats/performance
2025-06-25T05:43:13.782Z [INFO] GET /api/notifications/recent
2025-06-25T05:43:13.782Z [WARN] Route not found: GET /api/notifications/recent
2025-06-25T05:43:13.783Z [INFO] GET /api/stats/performance
2025-06-25T05:43:13.783Z [WARN] Route not found: GET /api/stats/performance
2025-06-25T05:43:13.785Z [INFO] OPTIONS /api/stats/performance
2025-06-25T05:43:13.787Z [INFO] GET /api/stats/performance
2025-06-25T05:43:13.787Z [WARN] Route not found: GET /api/stats/performance
2025-06-25T05:43:14.271Z [INFO] GET /api/stats/dashboard
2025-06-25T05:43:14.271Z [ERROR] Error getting dashboard: Cannot read properties of undefined (reading 'locationId')
2025-06-25T05:43:14.275Z [INFO] GET /api/stats/dashboard
2025-06-25T05:43:14.275Z [ERROR] Error getting dashboard: Cannot read properties of undefined (reading 'locationId')
2025-06-25T05:43:14.283Z [INFO] GET /api/orders
2025-06-25T05:43:14.284Z [INFO] GET /api/orders
2025-06-25T05:43:14.289Z [INFO] GET /api/stats/system-status
2025-06-25T05:43:14.290Z [WARN] Route not found: GET /api/stats/system-status
2025-06-25T05:43:14.291Z [INFO] GET /api/stats/system-status
2025-06-25T05:43:14.291Z [WARN] Route not found: GET /api/stats/system-status
2025-06-25T05:43:14.297Z [INFO] GET /api/notifications/recent
2025-06-25T05:43:14.298Z [WARN] Route not found: GET /api/notifications/recent
2025-06-25T05:43:14.298Z [INFO] GET /api/notifications/recent
2025-06-25T05:43:14.299Z [WARN] Route not found: GET /api/notifications/recent
2025-06-25T05:43:14.302Z [INFO] GET /api/stats/performance
2025-06-25T05:43:14.303Z [WARN] Route not found: GET /api/stats/performance
2025-06-25T05:43:14.306Z [INFO] GET /api/stats/performance
2025-06-25T05:43:14.306Z [WARN] Route not found: GET /api/stats/performance
2025-06-25T05:43:58.112Z [INFO] Scheduler: Running job 'checkEquipmentStatus'
2025-06-25T05:43:58.113Z [INFO] CheckEquipmentStatus: Starting equipment monitoring job
2025-06-25T05:43:58.113Z [INFO] Starting equipment status check...
2025-06-25T05:43:58.154Z [ERROR] SQL error after 39ms: column em.ended_at does not exist
2025-06-25T05:43:58.154Z [ERROR] Failed query: 
            SELECT 
                e.*,
                l.name as location_name,
                MAX(em.ended_at) as last_maintenance
            FROM equipment e
            JOIN locations l ON e.location_id = l.location_id
            LEFT JOIN equipment_maintenance em ON e.equipment_id = em.equipment_id 
                AND em.ended_at IS NOT NULL
            WHERE e.status = 'OPERATIVE'
            GROUP BY e.equipment_id, l.name
            HAVING MAX(em.ended_at) < NOW() - INTERVAL '90 days' OR MAX(em.ended_at) IS NULL
            ORDER BY last_maintenance ASC NULLS FIRST
        
2025-06-25T05:43:58.155Z [ERROR] Error checking equipment status:
2025-06-25T05:43:58.155Z [ERROR] CheckEquipmentStatus: Job failed
2025-06-25T05:43:58.155Z [INFO] Scheduler: Job 'checkEquipmentStatus' completed, next run: Wed Jun 25 2025 08:44:58 GMT+0300 (Eastern European Summer Time)
2025-06-25T05:43:58.156Z [INFO] Scheduler: Running job 'updateWeatherData'
2025-06-25T05:43:58.156Z [INFO] Starting weather data update job...
2025-06-25T05:43:58.157Z [INFO] Starting weather data update for all locations...
2025-06-25T05:43:58.201Z [ERROR] Error updating weather data:
2025-06-25T05:43:58.202Z [ERROR] Weather data update job failed:
2025-06-25T05:43:58.202Z [INFO] Scheduler: Job 'updateWeatherData' completed, next run: Wed Jun 25 2025 08:44:58 GMT+0300 (Eastern European Summer Time)
2025-06-25T05:43:58.202Z [INFO] Scheduler: Running job 'exceptionDetection'
2025-06-25T05:43:58.202Z [INFO] Starting automated exception detection...
2025-06-25T05:43:58.203Z [INFO] Running comprehensive exception detection...
2025-06-25T05:43:58.205Z [ERROR] SQL error after 2ms: column l.id does not exist
2025-06-25T05:43:58.205Z [ERROR] Failed query: 
        SELECT 
          l.id as location_id,
          l.name as location_name,
          COUNT(e.id) as total_employees,
          COUNT(CASE WHEN e.status = 'ACTIVE' THEN 1 END) as active_employees,
          COUNT(CASE WHEN e.status = 'SICK' THEN 1 END) as sick_employees,
          COUNT(CASE WHEN e.status = 'VACATION' THEN 1 END) as vacation_employees
        FROM locations l
        LEFT JOIN employees e ON l.id = e.location_id
       GROUP BY l.id, l.name
2025-06-25T05:43:58.206Z [ERROR] Error detecting staff unavailability: column l.id does not exist
2025-06-25T05:43:58.265Z [ERROR] SQL error after 62ms: column l.id does not exist
2025-06-25T05:43:58.265Z [ERROR] Failed query: 
        SELECT 
          l.id as location_id,
          l.name as location_name,
          COUNT(e.id) as total_equipment,
          COUNT(CASE WHEN e.status = 'OUT_OF_SERVICE' THEN 1 END) as out_of_service,
          COUNT(CASE WHEN e.updated_at < NOW() - INTERVAL '2 hours' THEN 1 END) as stale_equipment
        FROM locations l
        LEFT JOIN equipment e ON l.id = e.location_id
       GROUP BY l.id, l.name
2025-06-25T05:43:58.266Z [ERROR] Error detecting power outage: column l.id does not exist
2025-06-25T05:43:58.267Z [ERROR] SQL error after 64ms: column l.id does not exist
2025-06-25T05:43:58.267Z [ERROR] Failed query: 
        SELECT 
          e.id,
          e.name,
          e.type,
          e.status,
          e.location_id,
          l.name as location_name,
          EXTRACT(days FROM (NOW() - e.updated_at)) as days_since_update,
          COUNT(em.id) as recent_maintenance
        FROM equipment e
        JOIN locations l ON e.location_id = l.id
        LEFT JOIN equipment_maintenance em ON e.id = em.equipment_id 
          AND em.created_at >= NOW() - INTERVAL '30 days'
      
        GROUP BY e.id, e.name, e.type, e.status, e.location_id, l.name, e.updated_at
        HAVING e.status = 'OUT_OF_SERVICE' 
          OR EXTRACT(days FROM (NOW() - e.updated_at)) > 7
        ORDER BY days_since_update DESC
      
2025-06-25T05:43:58.268Z [ERROR] Error detecting equipment failures: column l.id does not exist
2025-06-25T05:43:58.275Z [ERROR] SQL error after 72ms: column o.id does not exist
2025-06-25T05:43:58.276Z [ERROR] Failed query: 
        SELECT 
          t.id,
          t.status,
          t.location_id,
          l.name as location_name,
          o.id as order_id,
          EXTRACT(hours FROM (NOW() - t.created_at)) as hours_since_created,
          EXTRACT(hours FROM (NOW() - t.updated_at)) as hours_since_updated
        FROM transports t
        JOIN orders o ON t.order_id = o.id
        JOIN locations l ON t.location_id = l.id
        WHERE t.status IN ('PENDING', 'IN_PROGRESS')
       ORDER BY t.created_at ASC
2025-06-25T05:43:58.276Z [ERROR] Error detecting transport issues: column o.id does not exist
2025-06-25T05:43:58.277Z [INFO] Exception detection completed: 0 issues found
2025-06-25T05:43:58.277Z [INFO] Exception detection completed: 0 total issues found
2025-06-25T05:43:58.278Z [INFO] - Staff issues: 0
2025-06-25T05:43:58.278Z [INFO] - Power issues: 0
2025-06-25T05:43:58.278Z [INFO] - Equipment issues: 0
2025-06-25T05:43:58.278Z [INFO] - Transport issues: 0
2025-06-25T05:43:58.279Z [INFO] Creating notification: SYSTEM_STATUS_OK - LOW - All systems operational - no critical issues detected
2025-06-25T05:43:58.279Z [ERROR] Failed to send notification via websocket: WebSocket notification failed: broadcastToAllClients is not a function
2025-06-25T05:43:58.280Z [INFO] Exception detection completed successfully in 78ms
2025-06-25T05:43:58.280Z [INFO] Scheduler: Job 'exceptionDetection' completed, next run: Wed Jun 25 2025 08:44:58 GMT+0300 (Eastern European Summer Time)
2025-06-25T05:45:58.127Z [INFO] Scheduler: Running job 'expandRecurrences'
2025-06-25T05:45:58.129Z [INFO] ExpandRecurrences: Starting job
2025-06-25T05:45:58.177Z [INFO] ExpandRecurrences: Job completed, created 0 new recurring orders
2025-06-25T05:45:58.178Z [INFO] Scheduler: Job 'expandRecurrences' completed, next run: Wed Jun 25 2025 08:45:00 GMT+0300 (Eastern European Summer Time)
2025-06-25T05:45:58.178Z [INFO] Scheduler: Running job 'checkEquipmentStatus'
2025-06-25T05:45:58.178Z [INFO] CheckEquipmentStatus: Starting equipment monitoring job
2025-06-25T05:45:58.179Z [INFO] Starting equipment status check...
2025-06-25T05:45:58.180Z [ERROR] SQL error after 1ms: column em.ended_at does not exist
2025-06-25T05:45:58.180Z [ERROR] Failed query: 
            SELECT 
                e.*,
                l.name as location_name,
                MAX(em.ended_at) as last_maintenance
            FROM equipment e
            JOIN locations l ON e.location_id = l.location_id
            LEFT JOIN equipment_maintenance em ON e.equipment_id = em.equipment_id 
                AND em.ended_at IS NOT NULL
            WHERE e.status = 'OPERATIVE'
            GROUP BY e.equipment_id, l.name
            HAVING MAX(em.ended_at) < NOW() - INTERVAL '90 days' OR MAX(em.ended_at) IS NULL
            ORDER BY last_maintenance ASC NULLS FIRST
        
2025-06-25T05:45:58.181Z [ERROR] Error checking equipment status:
2025-06-25T05:45:58.181Z [ERROR] CheckEquipmentStatus: Job failed
2025-06-25T05:45:58.181Z [INFO] Scheduler: Job 'checkEquipmentStatus' completed, next run: Wed Jun 25 2025 08:46:58 GMT+0300 (Eastern European Summer Time)
2025-06-25T05:45:58.181Z [INFO] Scheduler: Running job 'updateWeatherData'
2025-06-25T05:45:58.182Z [INFO] Starting weather data update job...
2025-06-25T05:45:58.182Z [INFO] Starting weather data update for all locations...
2025-06-25T05:45:58.222Z [ERROR] Error updating weather data:
2025-06-25T05:45:58.222Z [ERROR] Weather data update job failed:
2025-06-25T05:45:58.223Z [INFO] Scheduler: Job 'updateWeatherData' completed, next run: Wed Jun 25 2025 08:46:58 GMT+0300 (Eastern European Summer Time)
2025-06-25T05:45:58.223Z [INFO] Scheduler: Running job 'exceptionDetection'
2025-06-25T05:45:58.223Z [INFO] Starting automated exception detection...
2025-06-25T05:45:58.223Z [INFO] Running comprehensive exception detection...
2025-06-25T05:45:58.225Z [ERROR] SQL error after 1ms: column l.id does not exist
2025-06-25T05:45:58.225Z [ERROR] Failed query: 
        SELECT 
          l.id as location_id,
          l.name as location_name,
          COUNT(e.id) as total_employees,
          COUNT(CASE WHEN e.status = 'ACTIVE' THEN 1 END) as active_employees,
          COUNT(CASE WHEN e.status = 'SICK' THEN 1 END) as sick_employees,
          COUNT(CASE WHEN e.status = 'VACATION' THEN 1 END) as vacation_employees
        FROM locations l
        LEFT JOIN employees e ON l.id = e.location_id
       GROUP BY l.id, l.name
2025-06-25T05:45:58.225Z [ERROR] Error detecting staff unavailability: column l.id does not exist
2025-06-25T05:45:58.275Z [ERROR] SQL error after 51ms: column l.id does not exist
2025-06-25T05:45:58.276Z [ERROR] Failed query: 
        SELECT 
          l.id as location_id,
          l.name as location_name,
          COUNT(e.id) as total_equipment,
          COUNT(CASE WHEN e.status = 'OUT_OF_SERVICE' THEN 1 END) as out_of_service,
          COUNT(CASE WHEN e.updated_at < NOW() - INTERVAL '2 hours' THEN 1 END) as stale_equipment
        FROM locations l
        LEFT JOIN equipment e ON l.id = e.location_id
       GROUP BY l.id, l.name
2025-06-25T05:45:58.277Z [ERROR] Error detecting power outage: column l.id does not exist
2025-06-25T05:45:58.281Z [ERROR] SQL error after 57ms: column o.id does not exist
2025-06-25T05:45:58.281Z [ERROR] Failed query: 
        SELECT 
          t.id,
          t.status,
          t.location_id,
          l.name as location_name,
          o.id as order_id,
          EXTRACT(hours FROM (NOW() - t.created_at)) as hours_since_created,
          EXTRACT(hours FROM (NOW() - t.updated_at)) as hours_since_updated
        FROM transports t
        JOIN orders o ON t.order_id = o.id
        JOIN locations l ON t.location_id = l.id
        WHERE t.status IN ('PENDING', 'IN_PROGRESS')
       ORDER BY t.created_at ASC
2025-06-25T05:45:58.282Z [ERROR] Error detecting transport issues: column o.id does not exist
2025-06-25T05:45:58.284Z [ERROR] SQL error after 60ms: column l.id does not exist
2025-06-25T05:45:58.285Z [ERROR] Failed query: 
        SELECT 
          e.id,
          e.name,
          e.type,
          e.status,
          e.location_id,
          l.name as location_name,
          EXTRACT(days FROM (NOW() - e.updated_at)) as days_since_update,
          COUNT(em.id) as recent_maintenance
        FROM equipment e
        JOIN locations l ON e.location_id = l.id
        LEFT JOIN equipment_maintenance em ON e.id = em.equipment_id 
          AND em.created_at >= NOW() - INTERVAL '30 days'
      
        GROUP BY e.id, e.name, e.type, e.status, e.location_id, l.name, e.updated_at
        HAVING e.status = 'OUT_OF_SERVICE' 
          OR EXTRACT(days FROM (NOW() - e.updated_at)) > 7
        ORDER BY days_since_update DESC
      
2025-06-25T05:45:58.285Z [ERROR] Error detecting equipment failures: column l.id does not exist
2025-06-25T05:45:58.286Z [INFO] Exception detection completed: 0 issues found
2025-06-25T05:45:58.286Z [INFO] Exception detection completed: 0 total issues found
2025-06-25T05:45:58.286Z [INFO] - Staff issues: 0
2025-06-25T05:45:58.286Z [INFO] - Power issues: 0
2025-06-25T05:45:58.286Z [INFO] - Equipment issues: 0
2025-06-25T05:45:58.287Z [INFO] - Transport issues: 0
2025-06-25T05:45:58.287Z [INFO] Creating notification: SYSTEM_STATUS_OK - LOW - All systems operational - no critical issues detected
2025-06-25T05:45:58.287Z [ERROR] Failed to send notification via websocket: WebSocket notification failed: broadcastToAllClients is not a function
2025-06-25T05:45:58.287Z [INFO] Exception detection completed successfully in 64ms
2025-06-25T05:45:58.288Z [INFO] Scheduler: Job 'exceptionDetection' completed, next run: Wed Jun 25 2025 08:46:58 GMT+0300 (Eastern European Summer Time)
2025-06-25T05:46:58.135Z [INFO] Scheduler: Running job 'expandRecurrences'
2025-06-25T05:46:58.136Z [INFO] ExpandRecurrences: Starting job
2025-06-25T05:46:58.179Z [INFO] ExpandRecurrences: Job completed, created 0 new recurring orders
2025-06-25T05:46:58.180Z [INFO] Scheduler: Job 'expandRecurrences' completed, next run: Wed Jun 25 2025 08:50:00 GMT+0300 (Eastern European Summer Time)
2025-06-25T05:47:03.050Z [INFO] OPTIONS /api/stats/dashboard
2025-06-25T05:47:03.053Z [INFO] GET /api/stats/dashboard
2025-06-25T05:47:03.054Z [ERROR] Error getting dashboard: Cannot read properties of undefined (reading 'locationId')
2025-06-25T05:47:03.057Z [INFO] OPTIONS /api/stats/dashboard
2025-06-25T05:47:03.059Z [INFO] GET /api/stats/dashboard
2025-06-25T05:47:03.060Z [ERROR] Error getting dashboard: Cannot read properties of undefined (reading 'locationId')
2025-06-25T05:47:03.060Z [INFO] OPTIONS /api/orders
2025-06-25T05:47:03.062Z [INFO] GET /api/orders
2025-06-25T05:47:03.074Z [INFO] OPTIONS /api/orders
2025-06-25T05:47:03.076Z [INFO] GET /api/orders
2025-06-25T05:47:03.078Z [INFO] OPTIONS /api/stats/system-status
2025-06-25T05:47:03.080Z [INFO] GET /api/stats/system-status
2025-06-25T05:47:03.081Z [WARN] Route not found: GET /api/stats/system-status
2025-06-25T05:47:03.086Z [INFO] OPTIONS /api/stats/system-status
2025-06-25T05:47:03.087Z [INFO] OPTIONS /api/notifications/recent
2025-06-25T05:47:03.090Z [INFO] GET /api/notifications/recent
2025-06-25T05:47:03.091Z [WARN] Route not found: GET /api/notifications/recent
2025-06-25T05:47:03.093Z [INFO] GET /api/stats/system-status
2025-06-25T05:47:03.093Z [WARN] Route not found: GET /api/stats/system-status
2025-06-25T05:47:03.095Z [INFO] OPTIONS /api/stats/performance
2025-06-25T05:47:03.097Z [INFO] OPTIONS /api/notifications/recent
2025-06-25T05:47:03.098Z [INFO] GET /api/stats/performance
2025-06-25T05:47:03.098Z [WARN] Route not found: GET /api/stats/performance
2025-06-25T05:47:03.099Z [INFO] GET /api/notifications/recent
2025-06-25T05:47:03.099Z [WARN] Route not found: GET /api/notifications/recent
2025-06-25T05:47:03.104Z [INFO] OPTIONS /api/stats/performance
2025-06-25T05:47:03.107Z [INFO] GET /api/stats/performance
2025-06-25T05:47:03.108Z [WARN] Route not found: GET /api/stats/performance
2025-06-25T05:47:04.304Z [INFO] GET /api/stats/dashboard
2025-06-25T05:47:04.304Z [ERROR] Error getting dashboard: Cannot read properties of undefined (reading 'locationId')
2025-06-25T05:47:04.305Z [INFO] GET /api/stats/dashboard
2025-06-25T05:47:04.306Z [ERROR] Error getting dashboard: Cannot read properties of undefined (reading 'locationId')
2025-06-25T05:47:04.319Z [INFO] GET /api/orders
2025-06-25T05:47:04.320Z [INFO] GET /api/orders
2025-06-25T05:47:04.325Z [INFO] GET /api/stats/system-status
2025-06-25T05:47:04.327Z [WARN] Route not found: GET /api/stats/system-status
2025-06-25T05:47:04.334Z [INFO] GET /api/notifications/recent
2025-06-25T05:47:04.335Z [WARN] Route not found: GET /api/notifications/recent
2025-06-25T05:47:04.339Z [INFO] GET /api/stats/performance
2025-06-25T05:47:04.340Z [WARN] Route not found: GET /api/stats/performance
2025-06-25T05:47:04.397Z [INFO] GET /api/stats/system-status
2025-06-25T05:47:04.397Z [WARN] Route not found: GET /api/stats/system-status
2025-06-25T05:47:04.402Z [INFO] GET /api/notifications/recent
2025-06-25T05:47:04.402Z [WARN] Route not found: GET /api/notifications/recent
2025-06-25T05:47:04.405Z [INFO] GET /api/stats/performance
2025-06-25T05:47:04.406Z [WARN] Route not found: GET /api/stats/performance
2025-06-25T05:47:04.802Z [INFO] GET /api/stats/dashboard
2025-06-25T05:47:04.803Z [ERROR] Error getting dashboard: Cannot read properties of undefined (reading 'locationId')
2025-06-25T05:47:04.810Z [INFO] GET /api/stats/dashboard
2025-06-25T05:47:04.810Z [ERROR] Error getting dashboard: Cannot read properties of undefined (reading 'locationId')
2025-06-25T05:47:04.815Z [INFO] GET /api/orders
2025-06-25T05:47:04.824Z [INFO] GET /api/orders
2025-06-25T05:47:04.824Z [INFO] GET /api/stats/system-status
2025-06-25T05:47:04.825Z [WARN] Route not found: GET /api/stats/system-status
2025-06-25T05:47:04.828Z [INFO] GET /api/notifications/recent
2025-06-25T05:47:04.830Z [WARN] Route not found: GET /api/notifications/recent
2025-06-25T05:47:04.832Z [INFO] GET /api/stats/system-status
2025-06-25T05:47:04.833Z [WARN] Route not found: GET /api/stats/system-status
2025-06-25T05:47:04.836Z [INFO] GET /api/stats/performance
2025-06-25T05:47:04.836Z [WARN] Route not found: GET /api/stats/performance
2025-06-25T05:47:04.838Z [INFO] GET /api/notifications/recent
2025-06-25T05:47:04.839Z [WARN] Route not found: GET /api/notifications/recent
2025-06-25T05:47:04.842Z [INFO] GET /api/stats/performance
2025-06-25T05:47:04.843Z [WARN] Route not found: GET /api/stats/performance
2025-06-25T05:47:58.140Z [INFO] Scheduler: Running job 'checkEquipmentStatus'
2025-06-25T05:47:58.140Z [INFO] CheckEquipmentStatus: Starting equipment monitoring job
2025-06-25T05:47:58.141Z [INFO] Starting equipment status check...
2025-06-25T05:47:58.181Z [ERROR] SQL error after 40ms: column em.ended_at does not exist
2025-06-25T05:47:58.182Z [ERROR] Failed query: 
            SELECT 
                e.*,
                l.name as location_name,
                MAX(em.ended_at) as last_maintenance
            FROM equipment e
            JOIN locations l ON e.location_id = l.location_id
            LEFT JOIN equipment_maintenance em ON e.equipment_id = em.equipment_id 
                AND em.ended_at IS NOT NULL
            WHERE e.status = 'OPERATIVE'
            GROUP BY e.equipment_id, l.name
            HAVING MAX(em.ended_at) < NOW() - INTERVAL '90 days' OR MAX(em.ended_at) IS NULL
            ORDER BY last_maintenance ASC NULLS FIRST
        
2025-06-25T05:47:58.183Z [ERROR] Error checking equipment status:
2025-06-25T05:47:58.183Z [ERROR] CheckEquipmentStatus: Job failed
2025-06-25T05:47:58.183Z [INFO] Scheduler: Job 'checkEquipmentStatus' completed, next run: Wed Jun 25 2025 08:48:58 GMT+0300 (Eastern European Summer Time)
2025-06-25T05:47:58.184Z [INFO] Scheduler: Running job 'updateWeatherData'
2025-06-25T05:47:58.184Z [INFO] Starting weather data update job...
2025-06-25T05:47:58.185Z [INFO] Starting weather data update for all locations...
2025-06-25T05:47:58.230Z [ERROR] Error updating weather data:
2025-06-25T05:47:58.231Z [ERROR] Weather data update job failed:
2025-06-25T05:47:58.232Z [INFO] Scheduler: Job 'updateWeatherData' completed, next run: Wed Jun 25 2025 08:48:58 GMT+0300 (Eastern European Summer Time)
2025-06-25T05:47:58.232Z [INFO] Scheduler: Running job 'exceptionDetection'
2025-06-25T05:47:58.233Z [INFO] Starting automated exception detection...
2025-06-25T05:47:58.233Z [INFO] Running comprehensive exception detection...
2025-06-25T05:47:58.236Z [ERROR] SQL error after 1ms: column l.id does not exist
2025-06-25T05:47:58.236Z [ERROR] Failed query: 
        SELECT 
          l.id as location_id,
          l.name as location_name,
          COUNT(e.id) as total_employees,
          COUNT(CASE WHEN e.status = 'ACTIVE' THEN 1 END) as active_employees,
          COUNT(CASE WHEN e.status = 'SICK' THEN 1 END) as sick_employees,
          COUNT(CASE WHEN e.status = 'VACATION' THEN 1 END) as vacation_employees
        FROM locations l
        LEFT JOIN employees e ON l.id = e.location_id
       GROUP BY l.id, l.name
2025-06-25T05:47:58.237Z [ERROR] Error detecting staff unavailability: column l.id does not exist
2025-06-25T05:47:58.294Z [ERROR] SQL error after 60ms: column l.id does not exist
2025-06-25T05:47:58.295Z [ERROR] Failed query: 
        SELECT 
          e.id,
          e.name,
          e.type,
          e.status,
          e.location_id,
          l.name as location_name,
          EXTRACT(days FROM (NOW() - e.updated_at)) as days_since_update,
          COUNT(em.id) as recent_maintenance
        FROM equipment e
        JOIN locations l ON e.location_id = l.id
        LEFT JOIN equipment_maintenance em ON e.id = em.equipment_id 
          AND em.created_at >= NOW() - INTERVAL '30 days'
      
        GROUP BY e.id, e.name, e.type, e.status, e.location_id, l.name, e.updated_at
        HAVING e.status = 'OUT_OF_SERVICE' 
          OR EXTRACT(days FROM (NOW() - e.updated_at)) > 7
        ORDER BY days_since_update DESC
      
2025-06-25T05:47:58.295Z [ERROR] Error detecting equipment failures: column l.id does not exist
2025-06-25T05:47:58.297Z [ERROR] SQL error after 63ms: column o.id does not exist
2025-06-25T05:47:58.298Z [ERROR] Failed query: 
        SELECT 
          t.id,
          t.status,
          t.location_id,
          l.name as location_name,
          o.id as order_id,
          EXTRACT(hours FROM (NOW() - t.created_at)) as hours_since_created,
          EXTRACT(hours FROM (NOW() - t.updated_at)) as hours_since_updated
        FROM transports t
        JOIN orders o ON t.order_id = o.id
        JOIN locations l ON t.location_id = l.id
        WHERE t.status IN ('PENDING', 'IN_PROGRESS')
       ORDER BY t.created_at ASC
2025-06-25T05:47:58.298Z [ERROR] Error detecting transport issues: column o.id does not exist
2025-06-25T05:47:58.299Z [ERROR] SQL error after 65ms: column l.id does not exist
2025-06-25T05:47:58.299Z [ERROR] Failed query: 
        SELECT 
          l.id as location_id,
          l.name as location_name,
          COUNT(e.id) as total_equipment,
          COUNT(CASE WHEN e.status = 'OUT_OF_SERVICE' THEN 1 END) as out_of_service,
          COUNT(CASE WHEN e.updated_at < NOW() - INTERVAL '2 hours' THEN 1 END) as stale_equipment
        FROM locations l
        LEFT JOIN equipment e ON l.id = e.location_id
       GROUP BY l.id, l.name
2025-06-25T05:47:58.300Z [ERROR] Error detecting power outage: column l.id does not exist
2025-06-25T05:47:58.300Z [INFO] Exception detection completed: 0 issues found
2025-06-25T05:47:58.300Z [INFO] Exception detection completed: 0 total issues found
2025-06-25T05:47:58.300Z [INFO] - Staff issues: 0
2025-06-25T05:47:58.301Z [INFO] - Power issues: 0
2025-06-25T05:47:58.301Z [INFO] - Equipment issues: 0
2025-06-25T05:47:58.302Z [INFO] - Transport issues: 0
2025-06-25T05:47:58.302Z [INFO] Creating notification: SYSTEM_STATUS_OK - LOW - All systems operational - no critical issues detected
2025-06-25T05:47:58.303Z [ERROR] Failed to send notification via websocket: WebSocket notification failed: broadcastToAllClients is not a function
2025-06-25T05:47:58.303Z [INFO] Exception detection completed successfully in 70ms
2025-06-25T05:47:58.304Z [INFO] Scheduler: Job 'exceptionDetection' completed, next run: Wed Jun 25 2025 08:48:58 GMT+0300 (Eastern European Summer Time)
2025-06-25T05:48:13.718Z [INFO] OPTIONS /api/stats/dashboard
2025-06-25T05:48:13.720Z [INFO] OPTIONS /api/stats/dashboard
2025-06-25T05:48:13.722Z [INFO] GET /api/stats/dashboard
2025-06-25T05:48:13.722Z [ERROR] Error getting dashboard: Cannot read properties of undefined (reading 'locationId')
2025-06-25T05:48:13.723Z [INFO] GET /api/stats/dashboard
2025-06-25T05:48:13.724Z [ERROR] Error getting dashboard: Cannot read properties of undefined (reading 'locationId')
2025-06-25T05:48:13.735Z [INFO] OPTIONS /api/orders
2025-06-25T05:48:13.736Z [INFO] OPTIONS /api/orders
2025-06-25T05:48:13.738Z [INFO] GET /api/orders
2025-06-25T05:48:13.739Z [INFO] GET /api/orders
2025-06-25T05:48:13.801Z [INFO] OPTIONS /api/stats/system-status
2025-06-25T05:48:13.801Z [INFO] OPTIONS /api/stats/system-status
2025-06-25T05:48:13.803Z [INFO] GET /api/stats/system-status
2025-06-25T05:48:13.803Z [WARN] Route not found: GET /api/stats/system-status
2025-06-25T05:48:13.803Z [INFO] GET /api/stats/system-status
2025-06-25T05:48:13.804Z [WARN] Route not found: GET /api/stats/system-status
2025-06-25T05:48:13.806Z [INFO] OPTIONS /api/notifications/recent
2025-06-25T05:48:13.806Z [INFO] OPTIONS /api/notifications/recent
2025-06-25T05:48:13.809Z [INFO] GET /api/notifications/recent
2025-06-25T05:48:13.810Z [WARN] Route not found: GET /api/notifications/recent
2025-06-25T05:48:13.810Z [INFO] GET /api/notifications/recent
2025-06-25T05:48:13.811Z [WARN] Route not found: GET /api/notifications/recent
2025-06-25T05:48:13.813Z [INFO] OPTIONS /api/stats/performance
2025-06-25T05:48:13.814Z [INFO] OPTIONS /api/stats/performance
2025-06-25T05:48:13.814Z [INFO] GET /api/stats/performance
2025-06-25T05:48:13.815Z [WARN] Route not found: GET /api/stats/performance
2025-06-25T05:48:13.816Z [INFO] GET /api/stats/performance
2025-06-25T05:48:13.816Z [WARN] Route not found: GET /api/stats/performance
2025-06-25T05:48:14.321Z [INFO] GET /api/stats/dashboard
2025-06-25T05:48:14.322Z [ERROR] Error getting dashboard: Cannot read properties of undefined (reading 'locationId')
2025-06-25T05:48:14.323Z [INFO] GET /api/stats/dashboard
2025-06-25T05:48:14.324Z [ERROR] Error getting dashboard: Cannot read properties of undefined (reading 'locationId')
2025-06-25T05:48:14.335Z [INFO] GET /api/orders
2025-06-25T05:48:14.336Z [INFO] GET /api/orders
2025-06-25T05:48:14.346Z [INFO] GET /api/stats/system-status
2025-06-25T05:48:14.346Z [WARN] Route not found: GET /api/stats/system-status
2025-06-25T05:48:14.347Z [INFO] GET /api/stats/system-status
2025-06-25T05:48:14.348Z [WARN] Route not found: GET /api/stats/system-status
2025-06-25T05:48:14.351Z [INFO] GET /api/notifications/recent
2025-06-25T05:48:14.351Z [WARN] Route not found: GET /api/notifications/recent
2025-06-25T05:48:14.353Z [INFO] GET /api/notifications/recent
2025-06-25T05:48:14.353Z [WARN] Route not found: GET /api/notifications/recent
2025-06-25T05:48:14.355Z [INFO] GET /api/stats/performance
2025-06-25T05:48:14.356Z [WARN] Route not found: GET /api/stats/performance
2025-06-25T05:48:14.361Z [INFO] GET /api/stats/performance
2025-06-25T05:48:14.362Z [WARN] Route not found: GET /api/stats/performance
2025-06-25T05:48:15.420Z [INFO] GET /api/stats/dashboard
2025-06-25T05:48:15.421Z [ERROR] Error getting dashboard: Cannot read properties of undefined (reading 'locationId')
2025-06-25T05:48:15.448Z [INFO] GET /api/stats/dashboard
2025-06-25T05:48:15.449Z [ERROR] Error getting dashboard: Cannot read properties of undefined (reading 'locationId')
2025-06-25T05:48:15.462Z [INFO] GET /api/orders
2025-06-25T05:48:15.464Z [INFO] GET /api/orders
2025-06-25T05:48:15.465Z [INFO] GET /api/stats/system-status
2025-06-25T05:48:15.466Z [WARN] Route not found: GET /api/stats/system-status
2025-06-25T05:48:15.476Z [INFO] GET /api/notifications/recent
2025-06-25T05:48:15.477Z [WARN] Route not found: GET /api/notifications/recent
2025-06-25T05:48:15.477Z [INFO] GET /api/stats/system-status
2025-06-25T05:48:15.478Z [WARN] Route not found: GET /api/stats/system-status
2025-06-25T05:48:15.481Z [INFO] GET /api/stats/performance
2025-06-25T05:48:15.482Z [WARN] Route not found: GET /api/stats/performance
2025-06-25T05:48:15.482Z [INFO] GET /api/notifications/recent
2025-06-25T05:48:15.483Z [WARN] Route not found: GET /api/notifications/recent
2025-06-25T05:48:15.488Z [INFO] GET /api/stats/performance
2025-06-25T05:48:15.489Z [WARN] Route not found: GET /api/stats/performance
2025-06-25T05:48:15.705Z [INFO] GET /api/stats/dashboard
2025-06-25T05:48:15.707Z [ERROR] Error getting dashboard: Cannot read properties of undefined (reading 'locationId')
2025-06-25T05:48:15.710Z [INFO] GET /api/stats/dashboard
2025-06-25T05:48:15.711Z [ERROR] Error getting dashboard: Cannot read properties of undefined (reading 'locationId')
2025-06-25T05:48:15.716Z [INFO] GET /api/orders
2025-06-25T05:48:15.720Z [INFO] GET /api/orders
2025-06-25T05:48:15.727Z [INFO] GET /api/stats/system-status
2025-06-25T05:48:15.727Z [WARN] Route not found: GET /api/stats/system-status
2025-06-25T05:48:15.728Z [INFO] GET /api/stats/system-status
2025-06-25T05:48:15.728Z [WARN] Route not found: GET /api/stats/system-status
2025-06-25T05:48:15.730Z [INFO] GET /api/notifications/recent
2025-06-25T05:48:15.731Z [WARN] Route not found: GET /api/notifications/recent
2025-06-25T05:48:15.733Z [INFO] GET /api/notifications/recent
2025-06-25T05:48:15.733Z [WARN] Route not found: GET /api/notifications/recent
2025-06-25T05:48:15.735Z [INFO] GET /api/stats/performance
2025-06-25T05:48:15.736Z [WARN] Route not found: GET /api/stats/performance
2025-06-25T05:48:15.742Z [INFO] GET /api/stats/performance
2025-06-25T05:48:15.743Z [WARN] Route not found: GET /api/stats/performance
2025-06-25T05:48:17.456Z [INFO] GET /api/stats/dashboard
2025-06-25T05:48:17.457Z [ERROR] Error getting dashboard: Cannot read properties of undefined (reading 'locationId')
2025-06-25T05:48:17.461Z [INFO] GET /api/stats/dashboard
2025-06-25T05:48:17.462Z [ERROR] Error getting dashboard: Cannot read properties of undefined (reading 'locationId')
2025-06-25T05:48:17.469Z [INFO] GET /api/orders
2025-06-25T05:48:17.477Z [INFO] GET /api/orders
2025-06-25T05:48:17.479Z [INFO] GET /api/stats/system-status
2025-06-25T05:48:17.480Z [WARN] Route not found: GET /api/stats/system-status
2025-06-25T05:48:17.487Z [INFO] GET /api/notifications/recent
2025-06-25T05:48:17.488Z [WARN] Route not found: GET /api/notifications/recent
2025-06-25T05:48:17.489Z [INFO] GET /api/stats/system-status
2025-06-25T05:48:17.489Z [WARN] Route not found: GET /api/stats/system-status
2025-06-25T05:48:17.492Z [INFO] GET /api/stats/performance
2025-06-25T05:48:17.493Z [WARN] Route not found: GET /api/stats/performance
2025-06-25T05:48:17.494Z [INFO] GET /api/notifications/recent
2025-06-25T05:48:17.495Z [WARN] Route not found: GET /api/notifications/recent
2025-06-25T05:48:17.500Z [INFO] GET /api/stats/performance
2025-06-25T05:48:17.501Z [WARN] Route not found: GET /api/stats/performance
2025-06-25T05:49:42.474Z [INFO] OPTIONS /api/stats/dashboard
2025-06-25T05:49:42.476Z [INFO] GET /api/stats/dashboard
2025-06-25T05:49:42.477Z [ERROR] Error getting dashboard: Cannot read properties of undefined (reading 'locationId')
2025-06-25T05:49:42.485Z [INFO] OPTIONS /api/stats/dashboard
2025-06-25T05:49:42.489Z [INFO] GET /api/stats/dashboard
2025-06-25T05:49:42.490Z [ERROR] Error getting dashboard: Cannot read properties of undefined (reading 'locationId')
2025-06-25T05:49:42.491Z [INFO] OPTIONS /api/orders
2025-06-25T05:49:42.493Z [INFO] GET /api/orders
2025-06-25T05:49:42.495Z [INFO] OPTIONS /api/orders
2025-06-25T05:49:42.497Z [INFO] GET /api/orders
2025-06-25T05:49:42.557Z [INFO] OPTIONS /api/stats/system-status
2025-06-25T05:49:42.559Z [INFO] GET /api/stats/system-status
2025-06-25T05:49:42.559Z [WARN] Route not found: GET /api/stats/system-status
2025-06-25T05:49:42.560Z [INFO] OPTIONS /api/stats/system-status
2025-06-25T05:49:42.561Z [INFO] GET /api/stats/system-status
2025-06-25T05:49:42.561Z [WARN] Route not found: GET /api/stats/system-status
2025-06-25T05:49:42.562Z [INFO] OPTIONS /api/notifications/recent
2025-06-25T05:49:42.563Z [INFO] GET /api/notifications/recent
2025-06-25T05:49:42.563Z [WARN] Route not found: GET /api/notifications/recent
2025-06-25T05:49:42.566Z [INFO] OPTIONS /api/notifications/recent
2025-06-25T05:49:42.569Z [INFO] OPTIONS /api/stats/performance
2025-06-25T05:49:42.569Z [INFO] GET /api/notifications/recent
2025-06-25T05:49:42.570Z [WARN] Route not found: GET /api/notifications/recent
2025-06-25T05:49:42.570Z [INFO] GET /api/stats/performance
2025-06-25T05:49:42.570Z [WARN] Route not found: GET /api/stats/performance
2025-06-25T05:49:42.572Z [INFO] OPTIONS /api/stats/performance
2025-06-25T05:49:42.574Z [INFO] GET /api/stats/performance
2025-06-25T05:49:42.574Z [WARN] Route not found: GET /api/stats/performance
2025-06-25T05:49:43.720Z [INFO] GET /api/stats/dashboard
2025-06-25T05:49:43.721Z [ERROR] Error getting dashboard: Cannot read properties of undefined (reading 'locationId')
2025-06-25T05:49:43.727Z [INFO] GET /api/orders
2025-06-25T05:49:43.732Z [INFO] GET /api/stats/dashboard
2025-06-25T05:49:43.733Z [ERROR] Error getting dashboard: Cannot read properties of undefined (reading 'locationId')
2025-06-25T05:49:43.739Z [INFO] GET /api/stats/system-status
2025-06-25T05:49:43.740Z [WARN] Route not found: GET /api/stats/system-status
2025-06-25T05:49:43.741Z [INFO] GET /api/orders
2025-06-25T05:49:43.747Z [INFO] GET /api/notifications/recent
2025-06-25T05:49:43.748Z [WARN] Route not found: GET /api/notifications/recent
2025-06-25T05:49:43.752Z [INFO] GET /api/stats/system-status
2025-06-25T05:49:43.753Z [WARN] Route not found: GET /api/stats/system-status
2025-06-25T05:49:43.754Z [INFO] GET /api/stats/performance
2025-06-25T05:49:43.754Z [WARN] Route not found: GET /api/stats/performance
2025-06-25T05:49:43.757Z [INFO] GET /api/notifications/recent
2025-06-25T05:49:43.758Z [WARN] Route not found: GET /api/notifications/recent
2025-06-25T05:49:43.761Z [INFO] GET /api/stats/performance
2025-06-25T05:49:43.762Z [WARN] Route not found: GET /api/stats/performance
2025-06-25T05:49:44.301Z [INFO] GET /api/stats/dashboard
2025-06-25T05:49:44.302Z [ERROR] Error getting dashboard: Cannot read properties of undefined (reading 'locationId')
2025-06-25T05:49:44.314Z [INFO] GET /api/orders
2025-06-25T05:49:44.315Z [INFO] GET /api/stats/dashboard
2025-06-25T05:49:44.316Z [ERROR] Error getting dashboard: Cannot read properties of undefined (reading 'locationId')
2025-06-25T05:49:44.321Z [INFO] GET /api/stats/system-status
2025-06-25T05:49:44.322Z [WARN] Route not found: GET /api/stats/system-status
2025-06-25T05:49:44.323Z [INFO] GET /api/orders
2025-06-25T05:49:44.328Z [INFO] GET /api/notifications/recent
2025-06-25T05:49:44.329Z [WARN] Route not found: GET /api/notifications/recent
2025-06-25T05:49:44.332Z [INFO] GET /api/stats/system-status
2025-06-25T05:49:44.333Z [WARN] Route not found: GET /api/stats/system-status
2025-06-25T05:49:44.334Z [INFO] GET /api/stats/performance
2025-06-25T05:49:44.335Z [WARN] Route not found: GET /api/stats/performance
2025-06-25T05:49:44.337Z [INFO] GET /api/notifications/recent
2025-06-25T05:49:44.338Z [WARN] Route not found: GET /api/notifications/recent
2025-06-25T05:49:44.341Z [INFO] GET /api/stats/performance
2025-06-25T05:49:44.342Z [WARN] Route not found: GET /api/stats/performance
2025-06-25T05:49:58.158Z [INFO] Scheduler: Running job 'checkEquipmentStatus'
2025-06-25T05:49:58.159Z [INFO] CheckEquipmentStatus: Starting equipment monitoring job
2025-06-25T05:49:58.159Z [INFO] Starting equipment status check...
2025-06-25T05:49:58.161Z [ERROR] SQL error after 1ms: column em.ended_at does not exist
2025-06-25T05:49:58.162Z [ERROR] Failed query: 
            SELECT 
                e.*,
                l.name as location_name,
                MAX(em.ended_at) as last_maintenance
            FROM equipment e
            JOIN locations l ON e.location_id = l.location_id
            LEFT JOIN equipment_maintenance em ON e.equipment_id = em.equipment_id 
                AND em.ended_at IS NOT NULL
            WHERE e.status = 'OPERATIVE'
            GROUP BY e.equipment_id, l.name
            HAVING MAX(em.ended_at) < NOW() - INTERVAL '90 days' OR MAX(em.ended_at) IS NULL
            ORDER BY last_maintenance ASC NULLS FIRST
        
2025-06-25T05:49:58.162Z [ERROR] Error checking equipment status:
2025-06-25T05:49:58.163Z [ERROR] CheckEquipmentStatus: Job failed
2025-06-25T05:49:58.163Z [INFO] Scheduler: Job 'checkEquipmentStatus' completed, next run: Wed Jun 25 2025 08:50:58 GMT+0300 (Eastern European Summer Time)
2025-06-25T05:49:58.163Z [INFO] Scheduler: Running job 'updateWeatherData'
2025-06-25T05:49:58.163Z [INFO] Starting weather data update job...
2025-06-25T05:49:58.164Z [INFO] Starting weather data update for all locations...
2025-06-25T05:49:58.167Z [ERROR] Error updating weather data:
2025-06-25T05:49:58.168Z [ERROR] Weather data update job failed:
2025-06-25T05:49:58.168Z [INFO] Scheduler: Job 'updateWeatherData' completed, next run: Wed Jun 25 2025 08:50:58 GMT+0300 (Eastern European Summer Time)
2025-06-25T05:49:58.168Z [INFO] Scheduler: Running job 'exceptionDetection'
2025-06-25T05:49:58.168Z [INFO] Starting automated exception detection...
2025-06-25T05:49:58.169Z [INFO] Running comprehensive exception detection...
2025-06-25T05:49:58.170Z [ERROR] SQL error after 1ms: column l.id does not exist
2025-06-25T05:49:58.170Z [ERROR] Failed query: 
        SELECT 
          l.id as location_id,
          l.name as location_name,
          COUNT(e.id) as total_employees,
          COUNT(CASE WHEN e.status = 'ACTIVE' THEN 1 END) as active_employees,
          COUNT(CASE WHEN e.status = 'SICK' THEN 1 END) as sick_employees,
          COUNT(CASE WHEN e.status = 'VACATION' THEN 1 END) as vacation_employees
        FROM locations l
        LEFT JOIN employees e ON l.id = e.location_id
       GROUP BY l.id, l.name
2025-06-25T05:49:58.170Z [ERROR] Error detecting staff unavailability: column l.id does not exist
2025-06-25T05:49:58.229Z [ERROR] SQL error after 60ms: column l.id does not exist
2025-06-25T05:49:58.229Z [ERROR] Failed query: 
        SELECT 
          e.id,
          e.name,
          e.type,
          e.status,
          e.location_id,
          l.name as location_name,
          EXTRACT(days FROM (NOW() - e.updated_at)) as days_since_update,
          COUNT(em.id) as recent_maintenance
        FROM equipment e
        JOIN locations l ON e.location_id = l.id
        LEFT JOIN equipment_maintenance em ON e.id = em.equipment_id 
          AND em.created_at >= NOW() - INTERVAL '30 days'
      
        GROUP BY e.id, e.name, e.type, e.status, e.location_id, l.name, e.updated_at
        HAVING e.status = 'OUT_OF_SERVICE' 
          OR EXTRACT(days FROM (NOW() - e.updated_at)) > 7
        ORDER BY days_since_update DESC
      
2025-06-25T05:49:58.230Z [ERROR] Error detecting equipment failures: column l.id does not exist
2025-06-25T05:49:58.233Z [ERROR] SQL error after 64ms: column o.id does not exist
2025-06-25T05:49:58.233Z [ERROR] Failed query: 
        SELECT 
          t.id,
          t.status,
          t.location_id,
          l.name as location_name,
          o.id as order_id,
          EXTRACT(hours FROM (NOW() - t.created_at)) as hours_since_created,
          EXTRACT(hours FROM (NOW() - t.updated_at)) as hours_since_updated
        FROM transports t
        JOIN orders o ON t.order_id = o.id
        JOIN locations l ON t.location_id = l.id
        WHERE t.status IN ('PENDING', 'IN_PROGRESS')
       ORDER BY t.created_at ASC
2025-06-25T05:49:58.234Z [ERROR] Error detecting transport issues: column o.id does not exist
2025-06-25T05:49:58.236Z [ERROR] SQL error after 67ms: column l.id does not exist
2025-06-25T05:49:58.236Z [ERROR] Failed query: 
        SELECT 
          l.id as location_id,
          l.name as location_name,
          COUNT(e.id) as total_equipment,
          COUNT(CASE WHEN e.status = 'OUT_OF_SERVICE' THEN 1 END) as out_of_service,
          COUNT(CASE WHEN e.updated_at < NOW() - INTERVAL '2 hours' THEN 1 END) as stale_equipment
        FROM locations l
        LEFT JOIN equipment e ON l.id = e.location_id
       GROUP BY l.id, l.name
2025-06-25T05:49:58.236Z [ERROR] Error detecting power outage: column l.id does not exist
2025-06-25T05:49:58.237Z [INFO] Exception detection completed: 0 issues found
2025-06-25T05:49:58.237Z [INFO] Exception detection completed: 0 total issues found
2025-06-25T05:49:58.237Z [INFO] - Staff issues: 0
2025-06-25T05:49:58.237Z [INFO] - Power issues: 0
2025-06-25T05:49:58.238Z [INFO] - Equipment issues: 0
2025-06-25T05:49:58.238Z [INFO] - Transport issues: 0
2025-06-25T05:49:58.238Z [INFO] Creating notification: SYSTEM_STATUS_OK - LOW - All systems operational - no critical issues detected
2025-06-25T05:49:58.238Z [ERROR] Failed to send notification via websocket: WebSocket notification failed: broadcastToAllClients is not a function
2025-06-25T05:49:58.239Z [INFO] Exception detection completed successfully in 71ms
2025-06-25T05:49:58.239Z [INFO] Scheduler: Job 'exceptionDetection' completed, next run: Wed Jun 25 2025 08:50:58 GMT+0300 (Eastern European Summer Time)
2025-06-25T05:50:41.951Z [INFO] OPTIONS /api/stats/dashboard
2025-06-25T05:50:41.956Z [INFO] GET /api/stats/dashboard
2025-06-25T05:50:41.957Z [ERROR] Error getting dashboard: Cannot read properties of undefined (reading 'locationId')
2025-06-25T05:50:41.963Z [INFO] OPTIONS /api/orders
2025-06-25T05:50:41.966Z [INFO] GET /api/orders
2025-06-25T05:50:41.967Z [INFO] OPTIONS /api/stats/dashboard
2025-06-25T05:50:41.974Z [INFO] GET /api/stats/dashboard
2025-06-25T05:50:41.975Z [ERROR] Error getting dashboard: Cannot read properties of undefined (reading 'locationId')
2025-06-25T05:50:41.980Z [INFO] OPTIONS /api/orders
2025-06-25T05:50:41.982Z [INFO] GET /api/orders
2025-06-25T05:50:42.036Z [INFO] OPTIONS /api/stats/system-status
2025-06-25T05:50:42.039Z [INFO] GET /api/stats/system-status
2025-06-25T05:50:42.040Z [WARN] Route not found: GET /api/stats/system-status
2025-06-25T05:50:42.043Z [INFO] OPTIONS /api/notifications/recent
2025-06-25T05:50:42.044Z [INFO] GET /api/notifications/recent
2025-06-25T05:50:42.044Z [WARN] Route not found: GET /api/notifications/recent
2025-06-25T05:50:42.046Z [INFO] OPTIONS /api/stats/system-status
2025-06-25T05:50:42.047Z [INFO] OPTIONS /api/stats/performance
2025-06-25T05:50:42.047Z [INFO] GET /api/stats/system-status
2025-06-25T05:50:42.047Z [WARN] Route not found: GET /api/stats/system-status
2025-06-25T05:50:42.048Z [INFO] GET /api/stats/performance
2025-06-25T05:50:42.048Z [WARN] Route not found: GET /api/stats/performance
2025-06-25T05:50:42.050Z [INFO] OPTIONS /api/notifications/recent
2025-06-25T05:50:42.052Z [INFO] GET /api/notifications/recent
2025-06-25T05:50:42.053Z [WARN] Route not found: GET /api/notifications/recent
2025-06-25T05:50:42.058Z [INFO] OPTIONS /api/stats/performance
2025-06-25T05:50:42.059Z [INFO] GET /api/stats/performance
2025-06-25T05:50:42.060Z [WARN] Route not found: GET /api/stats/performance
2025-06-25T05:50:43.197Z [INFO] GET /api/stats/dashboard
2025-06-25T05:50:43.198Z [ERROR] Error getting dashboard: Cannot read properties of undefined (reading 'locationId')
2025-06-25T05:50:43.207Z [INFO] GET /api/stats/dashboard
2025-06-25T05:50:43.207Z [ERROR] Error getting dashboard: Cannot read properties of undefined (reading 'locationId')
2025-06-25T05:50:43.211Z [INFO] GET /api/orders
2025-06-25T05:50:43.216Z [INFO] GET /api/orders
2025-06-25T05:50:43.225Z [INFO] GET /api/stats/system-status
2025-06-25T05:50:43.225Z [WARN] Route not found: GET /api/stats/system-status
2025-06-25T05:50:43.228Z [INFO] GET /api/stats/system-status
2025-06-25T05:50:43.229Z [WARN] Route not found: GET /api/stats/system-status
2025-06-25T05:50:43.230Z [INFO] GET /api/notifications/recent
2025-06-25T05:50:43.230Z [WARN] Route not found: GET /api/notifications/recent
2025-06-25T05:50:43.242Z [INFO] GET /api/stats/performance
2025-06-25T05:50:43.243Z [WARN] Route not found: GET /api/stats/performance
2025-06-25T05:50:43.244Z [INFO] GET /api/notifications/recent
2025-06-25T05:50:43.244Z [WARN] Route not found: GET /api/notifications/recent
2025-06-25T05:50:43.248Z [INFO] GET /api/stats/performance
2025-06-25T05:50:43.249Z [WARN] Route not found: GET /api/stats/performance
2025-06-25T05:50:44.025Z [INFO] GET /api/stats/dashboard
2025-06-25T05:50:44.025Z [ERROR] Error getting dashboard: Cannot read properties of undefined (reading 'locationId')
2025-06-25T05:50:44.026Z [INFO] GET /api/stats/dashboard
2025-06-25T05:50:44.026Z [ERROR] Error getting dashboard: Cannot read properties of undefined (reading 'locationId')
2025-06-25T05:50:44.037Z [INFO] GET /api/orders
2025-06-25T05:50:44.038Z [INFO] GET /api/orders
2025-06-25T05:50:44.043Z [INFO] GET /api/stats/system-status
2025-06-25T05:50:44.043Z [WARN] Route not found: GET /api/stats/system-status
2025-06-25T05:50:44.044Z [INFO] GET /api/stats/system-status
2025-06-25T05:50:44.044Z [WARN] Route not found: GET /api/stats/system-status
2025-06-25T05:50:44.046Z [INFO] GET /api/notifications/recent
2025-06-25T05:50:44.047Z [WARN] Route not found: GET /api/notifications/recent
2025-06-25T05:50:44.048Z [INFO] GET /api/notifications/recent
2025-06-25T05:50:44.049Z [WARN] Route not found: GET /api/notifications/recent
2025-06-25T05:50:44.051Z [INFO] GET /api/stats/performance
2025-06-25T05:50:44.052Z [WARN] Route not found: GET /api/stats/performance
2025-06-25T05:50:44.054Z [INFO] GET /api/stats/performance
2025-06-25T05:50:44.054Z [WARN] Route not found: GET /api/stats/performance
2025-06-25T05:50:58.172Z [INFO] Scheduler: Running job 'expandRecurrences'
2025-06-25T05:50:58.172Z [INFO] ExpandRecurrences: Starting job
2025-06-25T05:50:58.174Z [INFO] ExpandRecurrences: Job completed, created 0 new recurring orders
2025-06-25T05:50:58.174Z [INFO] Scheduler: Job 'expandRecurrences' completed, next run: Wed Jun 25 2025 08:50:00 GMT+0300 (Eastern European Summer Time)
2025-06-25T05:50:58.174Z [INFO] Scheduler: Running job 'checkEquipmentStatus'
2025-06-25T05:50:58.175Z [INFO] CheckEquipmentStatus: Starting equipment monitoring job
2025-06-25T05:50:58.175Z [INFO] Starting equipment status check...
2025-06-25T05:50:58.176Z [ERROR] SQL error after 1ms: column em.ended_at does not exist
2025-06-25T05:50:58.176Z [ERROR] Failed query: 
            SELECT 
                e.*,
                l.name as location_name,
                MAX(em.ended_at) as last_maintenance
            FROM equipment e
            JOIN locations l ON e.location_id = l.location_id
            LEFT JOIN equipment_maintenance em ON e.equipment_id = em.equipment_id 
                AND em.ended_at IS NOT NULL
            WHERE e.status = 'OPERATIVE'
            GROUP BY e.equipment_id, l.name
            HAVING MAX(em.ended_at) < NOW() - INTERVAL '90 days' OR MAX(em.ended_at) IS NULL
            ORDER BY last_maintenance ASC NULLS FIRST
        
2025-06-25T05:50:58.177Z [ERROR] Error checking equipment status:
2025-06-25T05:50:58.177Z [ERROR] CheckEquipmentStatus: Job failed
2025-06-25T05:50:58.177Z [INFO] Scheduler: Job 'checkEquipmentStatus' completed, next run: Wed Jun 25 2025 08:51:58 GMT+0300 (Eastern European Summer Time)
2025-06-25T05:50:58.177Z [INFO] Scheduler: Running job 'updateWeatherData'
2025-06-25T05:50:58.178Z [INFO] Starting weather data update job...
2025-06-25T05:50:58.178Z [INFO] Starting weather data update for all locations...
2025-06-25T05:50:58.182Z [ERROR] Error updating weather data:
2025-06-25T05:50:58.182Z [ERROR] Weather data update job failed:
2025-06-25T05:50:58.182Z [INFO] Scheduler: Job 'updateWeatherData' completed, next run: Wed Jun 25 2025 08:51:58 GMT+0300 (Eastern European Summer Time)
2025-06-25T05:51:58.178Z [INFO] Scheduler: Running job 'expandRecurrences'
2025-06-25T05:51:58.179Z [INFO] ExpandRecurrences: Starting job
2025-06-25T05:51:58.226Z [INFO] ExpandRecurrences: Job completed, created 0 new recurring orders
2025-06-25T05:51:58.227Z [INFO] Scheduler: Job 'expandRecurrences' completed, next run: Wed Jun 25 2025 08:55:00 GMT+0300 (Eastern European Summer Time)
2025-06-25T05:51:58.227Z [INFO] Scheduler: Running job 'checkEquipmentStatus'
2025-06-25T05:51:58.227Z [INFO] CheckEquipmentStatus: Starting equipment monitoring job
2025-06-25T05:51:58.227Z [INFO] Starting equipment status check...
2025-06-25T05:51:58.229Z [ERROR] SQL error after 1ms: column em.ended_at does not exist
2025-06-25T05:51:58.230Z [ERROR] Failed query: 
            SELECT 
                e.*,
                l.name as location_name,
                MAX(em.ended_at) as last_maintenance
            FROM equipment e
            JOIN locations l ON e.location_id = l.location_id
            LEFT JOIN equipment_maintenance em ON e.equipment_id = em.equipment_id 
                AND em.ended_at IS NOT NULL
            WHERE e.status = 'OPERATIVE'
            GROUP BY e.equipment_id, l.name
            HAVING MAX(em.ended_at) < NOW() - INTERVAL '90 days' OR MAX(em.ended_at) IS NULL
            ORDER BY last_maintenance ASC NULLS FIRST
        
2025-06-25T05:51:58.231Z [ERROR] Error checking equipment status:
2025-06-25T05:51:58.231Z [ERROR] CheckEquipmentStatus: Job failed
2025-06-25T05:51:58.232Z [INFO] Scheduler: Job 'checkEquipmentStatus' completed, next run: Wed Jun 25 2025 08:52:58 GMT+0300 (Eastern European Summer Time)
2025-06-25T05:51:58.232Z [INFO] Scheduler: Running job 'exceptionDetection'
2025-06-25T05:51:58.233Z [INFO] Starting automated exception detection...
2025-06-25T05:51:58.233Z [INFO] Running comprehensive exception detection...
2025-06-25T05:51:58.302Z [ERROR] SQL error after 68ms: column l.id does not exist
2025-06-25T05:51:58.303Z [ERROR] Failed query: 
        SELECT 
          l.id as location_id,
          l.name as location_name,
          COUNT(e.id) as total_employees,
          COUNT(CASE WHEN e.status = 'ACTIVE' THEN 1 END) as active_employees,
          COUNT(CASE WHEN e.status = 'SICK' THEN 1 END) as sick_employees,
          COUNT(CASE WHEN e.status = 'VACATION' THEN 1 END) as vacation_employees
        FROM locations l
        LEFT JOIN employees e ON l.id = e.location_id
       GROUP BY l.id, l.name
2025-06-25T05:51:58.303Z [ERROR] Error detecting staff unavailability: column l.id does not exist
2025-06-25T05:51:58.304Z [ERROR] SQL error after 70ms: column l.id does not exist
2025-06-25T05:51:58.304Z [ERROR] Failed query: 
        SELECT 
          e.id,
          e.name,
          e.type,
          e.status,
          e.location_id,
          l.name as location_name,
          EXTRACT(days FROM (NOW() - e.updated_at)) as days_since_update,
          COUNT(em.id) as recent_maintenance
        FROM equipment e
        JOIN locations l ON e.location_id = l.id
        LEFT JOIN equipment_maintenance em ON e.id = em.equipment_id 
          AND em.created_at >= NOW() - INTERVAL '30 days'
      
        GROUP BY e.id, e.name, e.type, e.status, e.location_id, l.name, e.updated_at
        HAVING e.status = 'OUT_OF_SERVICE' 
          OR EXTRACT(days FROM (NOW() - e.updated_at)) > 7
        ORDER BY days_since_update DESC
      
2025-06-25T05:51:58.305Z [ERROR] Error detecting equipment failures: column l.id does not exist
2025-06-25T05:51:58.305Z [ERROR] SQL error after 71ms: column l.id does not exist
2025-06-25T05:51:58.305Z [ERROR] Failed query: 
        SELECT 
          l.id as location_id,
          l.name as location_name,
          COUNT(e.id) as total_equipment,
          COUNT(CASE WHEN e.status = 'OUT_OF_SERVICE' THEN 1 END) as out_of_service,
          COUNT(CASE WHEN e.updated_at < NOW() - INTERVAL '2 hours' THEN 1 END) as stale_equipment
        FROM locations l
        LEFT JOIN equipment e ON l.id = e.location_id
       GROUP BY l.id, l.name
2025-06-25T05:51:58.306Z [ERROR] Error detecting power outage: column l.id does not exist
2025-06-25T05:51:58.306Z [ERROR] SQL error after 72ms: column o.id does not exist
2025-06-25T05:51:58.306Z [ERROR] Failed query: 
        SELECT 
          t.id,
          t.status,
          t.location_id,
          l.name as location_name,
          o.id as order_id,
          EXTRACT(hours FROM (NOW() - t.created_at)) as hours_since_created,
          EXTRACT(hours FROM (NOW() - t.updated_at)) as hours_since_updated
        FROM transports t
        JOIN orders o ON t.order_id = o.id
        JOIN locations l ON t.location_id = l.id
        WHERE t.status IN ('PENDING', 'IN_PROGRESS')
       ORDER BY t.created_at ASC
2025-06-25T05:51:58.307Z [ERROR] Error detecting transport issues: column o.id does not exist
2025-06-25T05:51:58.307Z [INFO] Exception detection completed: 0 issues found
2025-06-25T05:51:58.307Z [INFO] Exception detection completed: 0 total issues found
2025-06-25T05:51:58.307Z [INFO] - Staff issues: 0
2025-06-25T05:51:58.307Z [INFO] - Power issues: 0
2025-06-25T05:51:58.307Z [INFO] - Equipment issues: 0
2025-06-25T05:51:58.308Z [INFO] - Transport issues: 0
2025-06-25T05:51:58.308Z [INFO] Creating notification: SYSTEM_STATUS_OK - LOW - All systems operational - no critical issues detected
2025-06-25T05:51:58.308Z [ERROR] Failed to send notification via websocket: WebSocket notification failed: broadcastToAllClients is not a function
2025-06-25T05:51:58.309Z [INFO] Exception detection completed successfully in 76ms
2025-06-25T05:51:58.309Z [INFO] Scheduler: Job 'exceptionDetection' completed, next run: Wed Jun 25 2025 08:52:58 GMT+0300 (Eastern European Summer Time)
2025-06-25T05:52:38.693Z [INFO] OPTIONS /api/stats/dashboard
2025-06-25T05:52:38.696Z [INFO] GET /api/stats/dashboard
2025-06-25T05:52:38.697Z [ERROR] Error getting dashboard: Cannot read properties of undefined (reading 'locationId')
2025-06-25T05:52:38.698Z [INFO] OPTIONS /api/stats/dashboard
2025-06-25T05:52:38.700Z [INFO] GET /api/stats/dashboard
2025-06-25T05:52:38.700Z [ERROR] Error getting dashboard: Cannot read properties of undefined (reading 'locationId')
2025-06-25T05:52:38.711Z [INFO] OPTIONS /api/orders
2025-06-25T05:52:38.714Z [INFO] GET /api/orders
2025-06-25T05:52:38.715Z [INFO] OPTIONS /api/orders
2025-06-25T05:52:38.718Z [INFO] GET /api/orders
2025-06-25T05:52:38.784Z [INFO] OPTIONS /api/stats/system-status
2025-06-25T05:52:38.785Z [INFO] OPTIONS /api/stats/system-status
2025-06-25T05:52:38.786Z [INFO] GET /api/stats/system-status
2025-06-25T05:52:38.786Z [WARN] Route not found: GET /api/stats/system-status
2025-06-25T05:52:38.787Z [INFO] GET /api/stats/system-status
2025-06-25T05:52:38.787Z [WARN] Route not found: GET /api/stats/system-status
2025-06-25T05:52:38.789Z [INFO] OPTIONS /api/notifications/recent
2025-06-25T05:52:38.790Z [INFO] OPTIONS /api/notifications/recent
2025-06-25T05:52:38.793Z [INFO] GET /api/notifications/recent
2025-06-25T05:52:38.793Z [WARN] Route not found: GET /api/notifications/recent
2025-06-25T05:52:38.794Z [INFO] GET /api/notifications/recent
2025-06-25T05:52:38.794Z [WARN] Route not found: GET /api/notifications/recent
2025-06-25T05:52:38.796Z [INFO] OPTIONS /api/stats/performance
2025-06-25T05:52:38.797Z [INFO] OPTIONS /api/stats/performance
2025-06-25T05:52:38.798Z [INFO] GET /api/stats/performance
2025-06-25T05:52:38.798Z [WARN] Route not found: GET /api/stats/performance
2025-06-25T05:52:38.799Z [INFO] GET /api/stats/performance
2025-06-25T05:52:38.799Z [WARN] Route not found: GET /api/stats/performance
2025-06-25T05:52:58.189Z [INFO] Scheduler: Running job 'updateWeatherData'
2025-06-25T05:52:58.190Z [INFO] Starting weather data update job...
2025-06-25T05:52:58.190Z [INFO] Starting weather data update for all locations...
2025-06-25T05:52:58.194Z [ERROR] Error updating weather data:
2025-06-25T05:52:58.194Z [ERROR] Weather data update job failed:
2025-06-25T05:52:58.194Z [INFO] Scheduler: Job 'updateWeatherData' completed, next run: Wed Jun 25 2025 08:53:58 GMT+0300 (Eastern European Summer Time)
2025-06-25T05:53:13.733Z [INFO] OPTIONS /api/stats/dashboard
2025-06-25T05:53:13.735Z [INFO] GET /api/stats/dashboard
2025-06-25T05:53:13.736Z [ERROR] Error getting dashboard: Cannot read properties of undefined (reading 'locationId')
2025-06-25T05:53:13.737Z [INFO] OPTIONS /api/stats/dashboard
2025-06-25T05:53:13.741Z [INFO] GET /api/stats/dashboard
2025-06-25T05:53:13.741Z [ERROR] Error getting dashboard: Cannot read properties of undefined (reading 'locationId')
2025-06-25T05:53:13.751Z [INFO] OPTIONS /api/orders
2025-06-25T05:53:13.752Z [INFO] OPTIONS /api/orders
2025-06-25T05:53:13.753Z [INFO] GET /api/orders
2025-06-25T05:53:13.754Z [INFO] GET /api/orders
2025-06-25T05:53:13.761Z [INFO] OPTIONS /api/stats/system-status
2025-06-25T05:53:13.764Z [INFO] GET /api/stats/system-status
2025-06-25T05:53:13.765Z [WARN] Route not found: GET /api/stats/system-status
2025-06-25T05:53:13.768Z [INFO] OPTIONS /api/notifications/recent
2025-06-25T05:53:13.769Z [INFO] GET /api/notifications/recent
2025-06-25T05:53:13.770Z [WARN] Route not found: GET /api/notifications/recent
2025-06-25T05:53:13.775Z [INFO] OPTIONS /api/stats/performance
2025-06-25T05:53:13.778Z [INFO] GET /api/stats/performance
2025-06-25T05:53:13.779Z [WARN] Route not found: GET /api/stats/performance
2025-06-25T05:53:13.808Z [INFO] OPTIONS /api/stats/system-status
2025-06-25T05:53:13.810Z [INFO] GET /api/stats/system-status
2025-06-25T05:53:13.811Z [WARN] Route not found: GET /api/stats/system-status
2025-06-25T05:53:13.813Z [INFO] OPTIONS /api/notifications/recent
2025-06-25T05:53:13.814Z [INFO] GET /api/notifications/recent
2025-06-25T05:53:13.815Z [WARN] Route not found: GET /api/notifications/recent
2025-06-25T05:53:13.817Z [INFO] OPTIONS /api/stats/performance
2025-06-25T05:53:13.819Z [INFO] GET /api/stats/performance
2025-06-25T05:53:13.819Z [WARN] Route not found: GET /api/stats/performance
2025-06-25T05:53:14.336Z [INFO] GET /api/stats/dashboard
2025-06-25T05:53:14.337Z [ERROR] Error getting dashboard: Cannot read properties of undefined (reading 'locationId')
2025-06-25T05:53:14.338Z [INFO] GET /api/stats/dashboard
2025-06-25T05:53:14.339Z [ERROR] Error getting dashboard: Cannot read properties of undefined (reading 'locationId')
2025-06-25T05:53:14.348Z [INFO] GET /api/orders
2025-06-25T05:53:14.349Z [INFO] GET /api/orders
2025-06-25T05:53:14.353Z [INFO] GET /api/stats/system-status
2025-06-25T05:53:14.354Z [WARN] Route not found: GET /api/stats/system-status
2025-06-25T05:53:14.357Z [INFO] GET /api/stats/system-status
2025-06-25T05:53:14.358Z [WARN] Route not found: GET /api/stats/system-status
2025-06-25T05:53:14.362Z [INFO] GET /api/notifications/recent
2025-06-25T05:53:14.363Z [WARN] Route not found: GET /api/notifications/recent
2025-06-25T05:53:14.364Z [INFO] GET /api/notifications/recent
2025-06-25T05:53:14.365Z [WARN] Route not found: GET /api/notifications/recent
2025-06-25T05:53:14.367Z [INFO] GET /api/stats/performance
2025-06-25T05:53:14.367Z [WARN] Route not found: GET /api/stats/performance
2025-06-25T05:53:14.368Z [INFO] GET /api/stats/performance
2025-06-25T05:53:14.368Z [WARN] Route not found: GET /api/stats/performance
2025-06-25T05:53:58.196Z [INFO] Scheduler: Running job 'checkEquipmentStatus'
2025-06-25T05:53:58.197Z [INFO] CheckEquipmentStatus: Starting equipment monitoring job
2025-06-25T05:53:58.198Z [INFO] Starting equipment status check...
2025-06-25T05:53:58.244Z [ERROR] SQL error after 46ms: column em.ended_at does not exist
2025-06-25T05:53:58.245Z [ERROR] Failed query: 
            SELECT 
                e.*,
                l.name as location_name,
                MAX(em.ended_at) as last_maintenance
            FROM equipment e
            JOIN locations l ON e.location_id = l.location_id
            LEFT JOIN equipment_maintenance em ON e.equipment_id = em.equipment_id 
                AND em.ended_at IS NOT NULL
            WHERE e.status = 'OPERATIVE'
            GROUP BY e.equipment_id, l.name
            HAVING MAX(em.ended_at) < NOW() - INTERVAL '90 days' OR MAX(em.ended_at) IS NULL
            ORDER BY last_maintenance ASC NULLS FIRST
        
2025-06-25T05:53:58.245Z [ERROR] Error checking equipment status:
2025-06-25T05:53:58.245Z [ERROR] CheckEquipmentStatus: Job failed
2025-06-25T05:53:58.245Z [INFO] Scheduler: Job 'checkEquipmentStatus' completed, next run: Wed Jun 25 2025 08:54:58 GMT+0300 (Eastern European Summer Time)
2025-06-25T05:53:58.245Z [INFO] Scheduler: Running job 'updateWeatherData'
2025-06-25T05:53:58.246Z [INFO] Starting weather data update job...
2025-06-25T05:53:58.246Z [INFO] Starting weather data update for all locations...
2025-06-25T05:53:58.292Z [ERROR] Error updating weather data:
2025-06-25T05:53:58.292Z [ERROR] Weather data update job failed:
2025-06-25T05:53:58.292Z [INFO] Scheduler: Job 'updateWeatherData' completed, next run: Wed Jun 25 2025 08:54:58 GMT+0300 (Eastern European Summer Time)
2025-06-25T05:53:58.293Z [INFO] Scheduler: Running job 'exceptionDetection'
2025-06-25T05:53:58.293Z [INFO] Starting automated exception detection...
2025-06-25T05:53:58.293Z [INFO] Running comprehensive exception detection...
2025-06-25T05:53:58.294Z [ERROR] SQL error after 0ms: column l.id does not exist
2025-06-25T05:53:58.295Z [ERROR] Failed query: 
        SELECT 
          l.id as location_id,
          l.name as location_name,
          COUNT(e.id) as total_employees,
          COUNT(CASE WHEN e.status = 'ACTIVE' THEN 1 END) as active_employees,
          COUNT(CASE WHEN e.status = 'SICK' THEN 1 END) as sick_employees,
          COUNT(CASE WHEN e.status = 'VACATION' THEN 1 END) as vacation_employees
        FROM locations l
        LEFT JOIN employees e ON l.id = e.location_id
       GROUP BY l.id, l.name
2025-06-25T05:53:58.295Z [ERROR] Error detecting staff unavailability: column l.id does not exist
2025-06-25T05:53:58.358Z [ERROR] SQL error after 64ms: column o.id does not exist
2025-06-25T05:53:58.359Z [ERROR] Failed query: 
        SELECT 
          t.id,
          t.status,
          t.location_id,
          l.name as location_name,
          o.id as order_id,
          EXTRACT(hours FROM (NOW() - t.created_at)) as hours_since_created,
          EXTRACT(hours FROM (NOW() - t.updated_at)) as hours_since_updated
        FROM transports t
        JOIN orders o ON t.order_id = o.id
        JOIN locations l ON t.location_id = l.id
        WHERE t.status IN ('PENDING', 'IN_PROGRESS')
       ORDER BY t.created_at ASC
2025-06-25T05:53:58.359Z [ERROR] Error detecting transport issues: column o.id does not exist
2025-06-25T05:53:58.360Z [ERROR] SQL error after 66ms: column l.id does not exist
2025-06-25T05:53:58.361Z [ERROR] Failed query: 
        SELECT 
          l.id as location_id,
          l.name as location_name,
          COUNT(e.id) as total_equipment,
          COUNT(CASE WHEN e.status = 'OUT_OF_SERVICE' THEN 1 END) as out_of_service,
          COUNT(CASE WHEN e.updated_at < NOW() - INTERVAL '2 hours' THEN 1 END) as stale_equipment
        FROM locations l
        LEFT JOIN equipment e ON l.id = e.location_id
       GROUP BY l.id, l.name
2025-06-25T05:53:58.361Z [ERROR] Error detecting power outage: column l.id does not exist
2025-06-25T05:53:58.363Z [ERROR] SQL error after 69ms: column l.id does not exist
2025-06-25T05:53:58.363Z [ERROR] Failed query: 
        SELECT 
          e.id,
          e.name,
          e.type,
          e.status,
          e.location_id,
          l.name as location_name,
          EXTRACT(days FROM (NOW() - e.updated_at)) as days_since_update,
          COUNT(em.id) as recent_maintenance
        FROM equipment e
        JOIN locations l ON e.location_id = l.id
        LEFT JOIN equipment_maintenance em ON e.id = em.equipment_id 
          AND em.created_at >= NOW() - INTERVAL '30 days'
      
        GROUP BY e.id, e.name, e.type, e.status, e.location_id, l.name, e.updated_at
        HAVING e.status = 'OUT_OF_SERVICE' 
          OR EXTRACT(days FROM (NOW() - e.updated_at)) > 7
        ORDER BY days_since_update DESC
      
2025-06-25T05:53:58.364Z [ERROR] Error detecting equipment failures: column l.id does not exist
2025-06-25T05:53:58.364Z [INFO] Exception detection completed: 0 issues found
2025-06-25T05:53:58.364Z [INFO] Exception detection completed: 0 total issues found
2025-06-25T05:53:58.365Z [INFO] - Staff issues: 0
2025-06-25T05:53:58.365Z [INFO] - Power issues: 0
2025-06-25T05:53:58.365Z [INFO] - Equipment issues: 0
2025-06-25T05:53:58.365Z [INFO] - Transport issues: 0
2025-06-25T05:53:58.365Z [INFO] Creating notification: SYSTEM_STATUS_OK - LOW - All systems operational - no critical issues detected
2025-06-25T05:53:58.366Z [ERROR] Failed to send notification via websocket: WebSocket notification failed: broadcastToAllClients is not a function
2025-06-25T05:53:58.366Z [INFO] Exception detection completed successfully in 73ms
2025-06-25T05:53:58.366Z [INFO] Scheduler: Job 'exceptionDetection' completed, next run: Wed Jun 25 2025 08:54:58 GMT+0300 (Eastern European Summer Time)
2025-06-25T05:54:02.267Z [INFO] OPTIONS /api/stats/dashboard
2025-06-25T05:54:02.269Z [INFO] GET /api/stats/dashboard
2025-06-25T05:54:02.269Z [ERROR] Error getting dashboard: Cannot read properties of undefined (reading 'locationId')
2025-06-25T05:54:02.273Z [INFO] OPTIONS /api/stats/dashboard
2025-06-25T05:54:02.277Z [INFO] GET /api/stats/dashboard
2025-06-25T05:54:02.277Z [ERROR] Error getting dashboard: Cannot read properties of undefined (reading 'locationId')
2025-06-25T05:54:02.281Z [INFO] OPTIONS /api/orders
2025-06-25T05:54:02.283Z [INFO] GET /api/orders
2025-06-25T05:54:02.285Z [INFO] OPTIONS /api/orders
2025-06-25T05:54:02.287Z [INFO] GET /api/orders
2025-06-25T05:54:02.366Z [INFO] OPTIONS /api/stats/system-status
2025-06-25T05:54:02.366Z [INFO] OPTIONS /api/stats/system-status
2025-06-25T05:54:02.368Z [INFO] GET /api/stats/system-status
2025-06-25T05:54:02.368Z [WARN] Route not found: GET /api/stats/system-status
2025-06-25T05:54:02.368Z [INFO] GET /api/stats/system-status
2025-06-25T05:54:02.368Z [WARN] Route not found: GET /api/stats/system-status
2025-06-25T05:54:02.370Z [INFO] OPTIONS /api/notifications/recent
2025-06-25T05:54:02.371Z [INFO] OPTIONS /api/notifications/recent
2025-06-25T05:54:02.372Z [INFO] GET /api/notifications/recent
2025-06-25T05:54:02.373Z [WARN] Route not found: GET /api/notifications/recent
2025-06-25T05:54:02.374Z [INFO] GET /api/notifications/recent
2025-06-25T05:54:02.374Z [WARN] Route not found: GET /api/notifications/recent
2025-06-25T05:54:02.377Z [INFO] OPTIONS /api/stats/performance
2025-06-25T05:54:02.378Z [INFO] OPTIONS /api/stats/performance
2025-06-25T05:54:02.379Z [INFO] GET /api/stats/performance
2025-06-25T05:54:02.379Z [WARN] Route not found: GET /api/stats/performance
2025-06-25T05:54:02.380Z [INFO] GET /api/stats/performance
2025-06-25T05:54:02.380Z [WARN] Route not found: GET /api/stats/performance
2025-06-25T05:54:03.630Z [INFO] GET /api/stats/dashboard
2025-06-25T05:54:03.630Z [ERROR] Error getting dashboard: Cannot read properties of undefined (reading 'locationId')
2025-06-25T05:54:03.635Z [INFO] GET /api/stats/dashboard
2025-06-25T05:54:03.636Z [ERROR] Error getting dashboard: Cannot read properties of undefined (reading 'locationId')
2025-06-25T05:54:03.644Z [INFO] GET /api/orders
2025-06-25T05:54:03.650Z [INFO] GET /api/orders
2025-06-25T05:54:03.654Z [INFO] GET /api/stats/system-status
2025-06-25T05:54:03.655Z [WARN] Route not found: GET /api/stats/system-status
2025-06-25T05:54:03.663Z [INFO] GET /api/notifications/recent
2025-06-25T05:54:03.664Z [WARN] Route not found: GET /api/notifications/recent
2025-06-25T05:54:03.665Z [INFO] GET /api/stats/system-status
2025-06-25T05:54:03.665Z [WARN] Route not found: GET /api/stats/system-status
2025-06-25T05:54:03.677Z [INFO] GET /api/stats/performance
2025-06-25T05:54:03.678Z [WARN] Route not found: GET /api/stats/performance
2025-06-25T05:54:03.678Z [INFO] GET /api/notifications/recent
2025-06-25T05:54:03.679Z [WARN] Route not found: GET /api/notifications/recent
2025-06-25T05:54:03.682Z [INFO] GET /api/stats/performance
2025-06-25T05:54:03.683Z [WARN] Route not found: GET /api/stats/performance
2025-06-25T05:54:04.088Z [INFO] GET /api/stats/dashboard
2025-06-25T05:54:04.089Z [ERROR] Error getting dashboard: Cannot read properties of undefined (reading 'locationId')
2025-06-25T05:54:04.092Z [INFO] GET /api/stats/dashboard
2025-06-25T05:54:04.093Z [ERROR] Error getting dashboard: Cannot read properties of undefined (reading 'locationId')
2025-06-25T05:54:04.104Z [INFO] GET /api/orders
2025-06-25T05:54:04.105Z [INFO] GET /api/orders
2025-06-25T05:54:04.114Z [INFO] GET /api/stats/system-status
2025-06-25T05:54:04.115Z [WARN] Route not found: GET /api/stats/system-status
2025-06-25T05:54:04.116Z [INFO] GET /api/stats/system-status
2025-06-25T05:54:04.116Z [WARN] Route not found: GET /api/stats/system-status
2025-06-25T05:54:04.122Z [INFO] GET /api/notifications/recent
2025-06-25T05:54:04.123Z [WARN] Route not found: GET /api/notifications/recent
2025-06-25T05:54:04.124Z [INFO] GET /api/notifications/recent
2025-06-25T05:54:04.125Z [WARN] Route not found: GET /api/notifications/recent
2025-06-25T05:54:04.127Z [INFO] GET /api/stats/performance
2025-06-25T05:54:04.128Z [WARN] Route not found: GET /api/stats/performance
2025-06-25T05:54:04.130Z [INFO] GET /api/stats/performance
2025-06-25T05:54:04.131Z [WARN] Route not found: GET /api/stats/performance
2025-06-25T05:55:58.203Z [INFO] Scheduler: Running job 'expandRecurrences'
2025-06-25T05:55:58.204Z [INFO] ExpandRecurrences: Starting job
2025-06-25T05:55:58.254Z [INFO] ExpandRecurrences: Job completed, created 0 new recurring orders
2025-06-25T05:55:58.254Z [INFO] Scheduler: Job 'expandRecurrences' completed, next run: Wed Jun 25 2025 08:55:00 GMT+0300 (Eastern European Summer Time)
2025-06-25T05:55:58.255Z [INFO] Scheduler: Running job 'checkEquipmentStatus'
2025-06-25T05:55:58.255Z [INFO] CheckEquipmentStatus: Starting equipment monitoring job
2025-06-25T05:55:58.255Z [INFO] Starting equipment status check...
2025-06-25T05:55:58.258Z [ERROR] SQL error after 3ms: column em.ended_at does not exist
2025-06-25T05:55:58.258Z [ERROR] Failed query: 
            SELECT 
                e.*,
                l.name as location_name,
                MAX(em.ended_at) as last_maintenance
            FROM equipment e
            JOIN locations l ON e.location_id = l.location_id
            LEFT JOIN equipment_maintenance em ON e.equipment_id = em.equipment_id 
                AND em.ended_at IS NOT NULL
            WHERE e.status = 'OPERATIVE'
            GROUP BY e.equipment_id, l.name
            HAVING MAX(em.ended_at) < NOW() - INTERVAL '90 days' OR MAX(em.ended_at) IS NULL
            ORDER BY last_maintenance ASC NULLS FIRST
        
2025-06-25T05:55:58.259Z [ERROR] Error checking equipment status:
2025-06-25T05:55:58.260Z [ERROR] CheckEquipmentStatus: Job failed
2025-06-25T05:55:58.260Z [INFO] Scheduler: Job 'checkEquipmentStatus' completed, next run: Wed Jun 25 2025 08:56:58 GMT+0300 (Eastern European Summer Time)
2025-06-25T05:55:58.261Z [INFO] Scheduler: Running job 'updateWeatherData'
2025-06-25T05:55:58.261Z [INFO] Starting weather data update job...
2025-06-25T05:55:58.261Z [INFO] Starting weather data update for all locations...
2025-06-25T05:55:58.303Z [ERROR] Error updating weather data:
2025-06-25T05:55:58.303Z [ERROR] Weather data update job failed:
2025-06-25T05:55:58.304Z [INFO] Scheduler: Job 'updateWeatherData' completed, next run: Wed Jun 25 2025 08:56:58 GMT+0300 (Eastern European Summer Time)
2025-06-25T05:55:58.304Z [INFO] Scheduler: Running job 'exceptionDetection'
2025-06-25T05:55:58.304Z [INFO] Starting automated exception detection...
2025-06-25T05:55:58.305Z [INFO] Running comprehensive exception detection...
2025-06-25T05:55:58.308Z [ERROR] SQL error after 3ms: column l.id does not exist
2025-06-25T05:55:58.309Z [ERROR] Failed query: 
        SELECT 
          l.id as location_id,
          l.name as location_name,
          COUNT(e.id) as total_employees,
          COUNT(CASE WHEN e.status = 'ACTIVE' THEN 1 END) as active_employees,
          COUNT(CASE WHEN e.status = 'SICK' THEN 1 END) as sick_employees,
          COUNT(CASE WHEN e.status = 'VACATION' THEN 1 END) as vacation_employees
        FROM locations l
        LEFT JOIN employees e ON l.id = e.location_id
       GROUP BY l.id, l.name
2025-06-25T05:55:58.309Z [ERROR] Error detecting staff unavailability: column l.id does not exist
2025-06-25T05:55:58.367Z [ERROR] SQL error after 61ms: column l.id does not exist
2025-06-25T05:55:58.367Z [ERROR] Failed query: 
        SELECT 
          l.id as location_id,
          l.name as location_name,
          COUNT(e.id) as total_equipment,
          COUNT(CASE WHEN e.status = 'OUT_OF_SERVICE' THEN 1 END) as out_of_service,
          COUNT(CASE WHEN e.updated_at < NOW() - INTERVAL '2 hours' THEN 1 END) as stale_equipment
        FROM locations l
        LEFT JOIN equipment e ON l.id = e.location_id
       GROUP BY l.id, l.name
2025-06-25T05:55:58.368Z [ERROR] Error detecting power outage: column l.id does not exist
2025-06-25T05:55:58.370Z [ERROR] SQL error after 64ms: column o.id does not exist
2025-06-25T05:55:58.371Z [ERROR] Failed query: 
        SELECT 
          t.id,
          t.status,
          t.location_id,
          l.name as location_name,
          o.id as order_id,
          EXTRACT(hours FROM (NOW() - t.created_at)) as hours_since_created,
          EXTRACT(hours FROM (NOW() - t.updated_at)) as hours_since_updated
        FROM transports t
        JOIN orders o ON t.order_id = o.id
        JOIN locations l ON t.location_id = l.id
        WHERE t.status IN ('PENDING', 'IN_PROGRESS')
       ORDER BY t.created_at ASC
2025-06-25T05:55:58.371Z [ERROR] Error detecting transport issues: column o.id does not exist
2025-06-25T05:55:58.377Z [ERROR] SQL error after 71ms: column l.id does not exist
2025-06-25T05:55:58.377Z [ERROR] Failed query: 
        SELECT 
          e.id,
          e.name,
          e.type,
          e.status,
          e.location_id,
          l.name as location_name,
          EXTRACT(days FROM (NOW() - e.updated_at)) as days_since_update,
          COUNT(em.id) as recent_maintenance
        FROM equipment e
        JOIN locations l ON e.location_id = l.id
        LEFT JOIN equipment_maintenance em ON e.id = em.equipment_id 
          AND em.created_at >= NOW() - INTERVAL '30 days'
      
        GROUP BY e.id, e.name, e.type, e.status, e.location_id, l.name, e.updated_at
        HAVING e.status = 'OUT_OF_SERVICE' 
          OR EXTRACT(days FROM (NOW() - e.updated_at)) > 7
        ORDER BY days_since_update DESC
      
2025-06-25T05:55:58.378Z [ERROR] Error detecting equipment failures: column l.id does not exist
2025-06-25T05:55:58.378Z [INFO] Exception detection completed: 0 issues found
2025-06-25T05:55:58.378Z [INFO] Exception detection completed: 0 total issues found
2025-06-25T05:55:58.379Z [INFO] - Staff issues: 0
2025-06-25T05:55:58.379Z [INFO] - Power issues: 0
2025-06-25T05:55:58.379Z [INFO] - Equipment issues: 0
2025-06-25T05:55:58.380Z [INFO] - Transport issues: 0
2025-06-25T05:55:58.380Z [INFO] Creating notification: SYSTEM_STATUS_OK - LOW - All systems operational - no critical issues detected
2025-06-25T05:55:58.380Z [ERROR] Failed to send notification via websocket: WebSocket notification failed: broadcastToAllClients is not a function
2025-06-25T05:55:58.381Z [INFO] Exception detection completed successfully in 77ms
2025-06-25T05:55:58.381Z [INFO] Scheduler: Job 'exceptionDetection' completed, next run: Wed Jun 25 2025 08:56:58 GMT+0300 (Eastern European Summer Time)
2025-06-25T05:56:58.208Z [INFO] Scheduler: Running job 'expandRecurrences'
2025-06-25T05:56:58.210Z [INFO] ExpandRecurrences: Starting job
2025-06-25T05:56:58.252Z [INFO] ExpandRecurrences: Job completed, created 0 new recurring orders
2025-06-25T05:56:58.252Z [INFO] Scheduler: Job 'expandRecurrences' completed, next run: Wed Jun 25 2025 09:00:00 GMT+0300 (Eastern European Summer Time)
2025-06-25T05:57:58.221Z [INFO] Scheduler: Running job 'checkEquipmentStatus'
2025-06-25T05:57:58.223Z [INFO] CheckEquipmentStatus: Starting equipment monitoring job
2025-06-25T05:57:58.224Z [INFO] Starting equipment status check...
2025-06-25T05:57:58.264Z [ERROR] SQL error after 39ms: column em.ended_at does not exist
2025-06-25T05:57:58.265Z [ERROR] Failed query: 
            SELECT 
                e.*,
                l.name as location_name,
                MAX(em.ended_at) as last_maintenance
            FROM equipment e
            JOIN locations l ON e.location_id = l.location_id
            LEFT JOIN equipment_maintenance em ON e.equipment_id = em.equipment_id 
                AND em.ended_at IS NOT NULL
            WHERE e.status = 'OPERATIVE'
            GROUP BY e.equipment_id, l.name
            HAVING MAX(em.ended_at) < NOW() - INTERVAL '90 days' OR MAX(em.ended_at) IS NULL
            ORDER BY last_maintenance ASC NULLS FIRST
        
2025-06-25T05:57:58.265Z [ERROR] Error checking equipment status:
2025-06-25T05:57:58.265Z [ERROR] CheckEquipmentStatus: Job failed
2025-06-25T05:57:58.266Z [INFO] Scheduler: Job 'checkEquipmentStatus' completed, next run: Wed Jun 25 2025 08:58:58 GMT+0300 (Eastern European Summer Time)
2025-06-25T05:57:58.266Z [INFO] Scheduler: Running job 'updateWeatherData'
2025-06-25T05:57:58.266Z [INFO] Starting weather data update job...
2025-06-25T05:57:58.266Z [INFO] Starting weather data update for all locations...
2025-06-25T05:57:58.303Z [ERROR] Error updating weather data:
2025-06-25T05:57:58.304Z [ERROR] Weather data update job failed:
2025-06-25T05:57:58.304Z [INFO] Scheduler: Job 'updateWeatherData' completed, next run: Wed Jun 25 2025 08:58:58 GMT+0300 (Eastern European Summer Time)
2025-06-25T05:57:58.304Z [INFO] Scheduler: Running job 'exceptionDetection'
2025-06-25T05:57:58.304Z [INFO] Starting automated exception detection...
2025-06-25T05:57:58.305Z [INFO] Running comprehensive exception detection...
2025-06-25T05:57:58.306Z [ERROR] SQL error after 1ms: column l.id does not exist
2025-06-25T05:57:58.306Z [ERROR] Failed query: 
        SELECT 
          l.id as location_id,
          l.name as location_name,
          COUNT(e.id) as total_employees,
          COUNT(CASE WHEN e.status = 'ACTIVE' THEN 1 END) as active_employees,
          COUNT(CASE WHEN e.status = 'SICK' THEN 1 END) as sick_employees,
          COUNT(CASE WHEN e.status = 'VACATION' THEN 1 END) as vacation_employees
        FROM locations l
        LEFT JOIN employees e ON l.id = e.location_id
       GROUP BY l.id, l.name
2025-06-25T05:57:58.307Z [ERROR] Error detecting staff unavailability: column l.id does not exist
2025-06-25T05:57:58.359Z [ERROR] SQL error after 54ms: column l.id does not exist
2025-06-25T05:57:58.360Z [ERROR] Failed query: 
        SELECT 
          l.id as location_id,
          l.name as location_name,
          COUNT(e.id) as total_equipment,
          COUNT(CASE WHEN e.status = 'OUT_OF_SERVICE' THEN 1 END) as out_of_service,
          COUNT(CASE WHEN e.updated_at < NOW() - INTERVAL '2 hours' THEN 1 END) as stale_equipment
        FROM locations l
        LEFT JOIN equipment e ON l.id = e.location_id
       GROUP BY l.id, l.name
2025-06-25T05:57:58.360Z [ERROR] Error detecting power outage: column l.id does not exist
2025-06-25T05:57:58.365Z [ERROR] SQL error after 60ms: column l.id does not exist
2025-06-25T05:57:58.366Z [ERROR] Failed query: 
        SELECT 
          e.id,
          e.name,
          e.type,
          e.status,
          e.location_id,
          l.name as location_name,
          EXTRACT(days FROM (NOW() - e.updated_at)) as days_since_update,
          COUNT(em.id) as recent_maintenance
        FROM equipment e
        JOIN locations l ON e.location_id = l.id
        LEFT JOIN equipment_maintenance em ON e.id = em.equipment_id 
          AND em.created_at >= NOW() - INTERVAL '30 days'
      
        GROUP BY e.id, e.name, e.type, e.status, e.location_id, l.name, e.updated_at
        HAVING e.status = 'OUT_OF_SERVICE' 
          OR EXTRACT(days FROM (NOW() - e.updated_at)) > 7
        ORDER BY days_since_update DESC
      
2025-06-25T05:57:58.366Z [ERROR] Error detecting equipment failures: column l.id does not exist
2025-06-25T05:57:58.367Z [ERROR] SQL error after 62ms: column o.id does not exist
2025-06-25T05:57:58.368Z [ERROR] Failed query: 
        SELECT 
          t.id,
          t.status,
          t.location_id,
          l.name as location_name,
          o.id as order_id,
          EXTRACT(hours FROM (NOW() - t.created_at)) as hours_since_created,
          EXTRACT(hours FROM (NOW() - t.updated_at)) as hours_since_updated
        FROM transports t
        JOIN orders o ON t.order_id = o.id
        JOIN locations l ON t.location_id = l.id
        WHERE t.status IN ('PENDING', 'IN_PROGRESS')
       ORDER BY t.created_at ASC
2025-06-25T05:57:58.368Z [ERROR] Error detecting transport issues: column o.id does not exist
2025-06-25T05:57:58.368Z [INFO] Exception detection completed: 0 issues found
2025-06-25T05:57:58.369Z [INFO] Exception detection completed: 0 total issues found
2025-06-25T05:57:58.369Z [INFO] - Staff issues: 0
2025-06-25T05:57:58.369Z [INFO] - Power issues: 0
2025-06-25T05:57:58.369Z [INFO] - Equipment issues: 0
2025-06-25T05:57:58.370Z [INFO] - Transport issues: 0
2025-06-25T05:57:58.370Z [INFO] Creating notification: SYSTEM_STATUS_OK - LOW - All systems operational - no critical issues detected
2025-06-25T05:57:58.370Z [ERROR] Failed to send notification via websocket: WebSocket notification failed: broadcastToAllClients is not a function
2025-06-25T05:57:58.371Z [INFO] Exception detection completed successfully in 67ms
2025-06-25T05:57:58.371Z [INFO] Scheduler: Job 'exceptionDetection' completed, next run: Wed Jun 25 2025 08:58:58 GMT+0300 (Eastern European Summer Time)
2025-06-25T05:59:32.155Z [INFO] Connecting to PostgreSQL: postgres@localhost:5432/twproject
2025-06-25T05:59:32.178Z [INFO] AlertService: SMTP client initialized
2025-06-25T05:59:32.187Z [INFO] Minimal server listening on port 8000
2025-06-25T05:59:32.191Z [INFO] Scheduler: Job 'expandRecurrences' added, next run: Wed Jun 25 2025 09:00:00 GMT+0300 (Eastern European Summer Time)
2025-06-25T05:59:32.192Z [INFO] Scheduler: Job 'checkInventory' added, next run: Wed Jun 25 2025 09:00:00 GMT+0300 (Eastern European Summer Time)
2025-06-25T05:59:32.192Z [INFO] Scheduler: Job 'checkEquipmentStatus' added, next run: Wed Jun 25 2025 09:00:32 GMT+0300 (Eastern European Summer Time)
2025-06-25T05:59:32.192Z [INFO] Scheduler: Job 'updateWeatherData' added, next run: Wed Jun 25 2025 09:00:32 GMT+0300 (Eastern European Summer Time)
2025-06-25T05:59:32.193Z [INFO] Scheduler: Job 'generateDailyStats' added, next run: Thu Jun 26 2025 00:00:00 GMT+0300 (Eastern European Summer Time)
2025-06-25T05:59:32.193Z [INFO] Scheduler: Job 'exceptionDetection' added, next run: Wed Jun 25 2025 09:00:32 GMT+0300 (Eastern European Summer Time)
2025-06-25T05:59:32.194Z [INFO] Scheduler: Starting...
2025-06-25T05:59:32.194Z [INFO] Scheduler: Started successfully
2025-06-25T05:59:32.195Z [INFO] Server and scheduler started successfully
2025-06-25T05:59:32.242Z [INFO] PostgreSQL connection successful. Server time: Wed Jun 25 2025 08:59:32 GMT+0300 (Eastern European Summer Time)
2025-06-25T05:59:42.774Z [INFO] OPTIONS /api/stats/dashboard
2025-06-25T05:59:42.815Z [INFO] OPTIONS /api/orders
2025-06-25T05:59:42.820Z [INFO] GET /api/orders
2025-06-25T05:59:42.842Z [INFO] OPTIONS /api/stats/system-status
2025-06-25T05:59:42.845Z [INFO] GET /api/stats/system-status
2025-06-25T05:59:42.846Z [WARN] Route not found: GET /api/stats/system-status
2025-06-25T05:59:42.851Z [INFO] OPTIONS /api/notifications/recent
2025-06-25T05:59:42.854Z [INFO] GET /api/notifications/recent
2025-06-25T05:59:42.856Z [WARN] Route not found: GET /api/notifications/recent
2025-06-25T05:59:42.862Z [INFO] OPTIONS /api/stats/performance
2025-06-25T05:59:42.864Z [INFO] GET /api/stats/performance
2025-06-25T05:59:42.866Z [WARN] Route not found: GET /api/stats/performance
2025-06-25T05:59:44.957Z [INFO] GET /api/orders
2025-06-25T05:59:44.965Z [INFO] GET /api/stats/system-status
2025-06-25T05:59:44.965Z [WARN] Route not found: GET /api/stats/system-status
2025-06-25T05:59:44.970Z [INFO] GET /api/notifications/recent
2025-06-25T05:59:44.971Z [WARN] Route not found: GET /api/notifications/recent
2025-06-25T05:59:44.979Z [INFO] GET /api/stats/performance
2025-06-25T05:59:44.980Z [WARN] Route not found: GET /api/stats/performance
2025-06-25T06:00:01.461Z [INFO] OPTIONS /api/auth/login
2025-06-25T06:00:01.462Z [INFO] POST /api/auth/login
2025-06-25T06:00:01.463Z [INFO] POST /api/login or /api/auth/login
2025-06-25T06:00:01.665Z [INFO] AuthService: Successful login for admin@cas.ro
2025-06-25T06:00:01.665Z [INFO] Login: Success for user admin@cas.ro
2025-06-25T06:00:03.212Z [INFO] OPTIONS /api/stats/dashboard
2025-06-25T06:00:03.215Z [INFO] GET /api/stats/dashboard
2025-06-25T06:00:03.216Z [ERROR] Error getting dashboard: Cannot read properties of undefined (reading 'locationId')
2025-06-25T06:00:03.224Z [INFO] OPTIONS /api/orders
2025-06-25T06:00:03.226Z [INFO] GET /api/orders
2025-06-25T06:00:03.234Z [INFO] OPTIONS /api/stats/system-status
2025-06-25T06:00:03.238Z [INFO] GET /api/stats/system-status
2025-06-25T06:00:03.239Z [WARN] Route not found: GET /api/stats/system-status
2025-06-25T06:00:03.245Z [INFO] OPTIONS /api/notifications/recent
2025-06-25T06:00:03.247Z [INFO] GET /api/notifications/recent
2025-06-25T06:00:03.247Z [WARN] Route not found: GET /api/notifications/recent
2025-06-25T06:00:03.251Z [INFO] OPTIONS /api/stats/performance
2025-06-25T06:00:03.254Z [INFO] GET /api/stats/performance
2025-06-25T06:00:03.255Z [WARN] Route not found: GET /api/stats/performance
2025-06-25T06:00:06.980Z [INFO] GET /api/orders
2025-06-25T06:00:06.986Z [INFO] GET /api/stats/system-status
2025-06-25T06:00:06.987Z [WARN] Route not found: GET /api/stats/system-status
2025-06-25T06:00:06.992Z [INFO] GET /api/notifications/recent
2025-06-25T06:00:06.993Z [WARN] Route not found: GET /api/notifications/recent
2025-06-25T06:00:06.997Z [INFO] GET /api/stats/performance
2025-06-25T06:00:06.998Z [WARN] Route not found: GET /api/stats/performance
2025-06-25T06:00:09.777Z [INFO] OPTIONS /api/stats/dashboard
2025-06-25T06:00:09.783Z [INFO] OPTIONS /api/orders
2025-06-25T06:00:09.786Z [INFO] GET /api/orders
2025-06-25T06:00:09.792Z [INFO] OPTIONS /api/stats/system-status
2025-06-25T06:00:09.795Z [INFO] GET /api/stats/system-status
2025-06-25T06:00:09.796Z [WARN] Route not found: GET /api/stats/system-status
2025-06-25T06:00:09.801Z [INFO] OPTIONS /api/notifications/recent
2025-06-25T06:00:09.804Z [INFO] GET /api/notifications/recent
2025-06-25T06:00:09.805Z [WARN] Route not found: GET /api/notifications/recent
2025-06-25T06:00:09.809Z [INFO] OPTIONS /api/stats/performance
2025-06-25T06:00:09.811Z [INFO] GET /api/stats/performance
2025-06-25T06:00:09.812Z [WARN] Route not found: GET /api/stats/performance
2025-06-25T06:00:20.171Z [INFO] OPTIONS /api/stats/dashboard
2025-06-25T06:00:20.182Z [INFO] OPTIONS /api/orders
2025-06-25T06:00:20.184Z [INFO] GET /api/orders
2025-06-25T06:00:20.191Z [INFO] OPTIONS /api/stats/system-status
2025-06-25T06:00:20.196Z [INFO] GET /api/stats/system-status
2025-06-25T06:00:20.196Z [WARN] Route not found: GET /api/stats/system-status
2025-06-25T06:00:20.202Z [INFO] OPTIONS /api/notifications/recent
2025-06-25T06:00:20.203Z [INFO] GET /api/notifications/recent
2025-06-25T06:00:20.204Z [WARN] Route not found: GET /api/notifications/recent
2025-06-25T06:00:20.206Z [INFO] OPTIONS /api/stats/performance
2025-06-25T06:00:20.209Z [INFO] GET /api/stats/performance
2025-06-25T06:00:20.210Z [WARN] Route not found: GET /api/stats/performance
2025-06-25T06:00:32.208Z [INFO] Scheduler: Running job 'expandRecurrences'
2025-06-25T06:00:32.210Z [INFO] ExpandRecurrences: Starting job
2025-06-25T06:00:32.212Z [INFO] ExpandRecurrences: Job completed, created 0 new recurring orders
2025-06-25T06:00:32.213Z [INFO] Scheduler: Job 'expandRecurrences' completed, next run: Wed Jun 25 2025 09:00:00 GMT+0300 (Eastern European Summer Time)
2025-06-25T06:00:32.213Z [INFO] Scheduler: Running job 'checkInventory'
2025-06-25T06:00:32.214Z [INFO] CheckInventory: Starting inventory monitoring job
2025-06-25T06:00:32.217Z [INFO] Found 0 low stock items (threshold: 10)
2025-06-25T06:00:32.219Z [INFO] Found 0 out of stock items
2025-06-25T06:00:32.219Z [INFO] CheckInventory: All inventory levels are adequate
2025-06-25T06:00:32.219Z [INFO] Scheduler: Job 'checkInventory' completed, next run: Wed Jun 25 2025 10:00:00 GMT+0300 (Eastern European Summer Time)
2025-06-25T06:00:32.219Z [INFO] Scheduler: Running job 'checkEquipmentStatus'
2025-06-25T06:00:32.220Z [INFO] CheckEquipmentStatus: Starting equipment monitoring job
2025-06-25T06:00:32.220Z [INFO] Starting equipment status check...
2025-06-25T06:00:32.223Z [ERROR] SQL error after 2ms: column em.ended_at does not exist
2025-06-25T06:00:32.224Z [ERROR] Failed query: 
            SELECT 
                e.*,
                l.name as location_name,
                MAX(em.ended_at) as last_maintenance
            FROM equipment e
            JOIN locations l ON e.location_id = l.location_id
            LEFT JOIN equipment_maintenance em ON e.equipment_id = em.equipment_id 
                AND em.ended_at IS NOT NULL
            WHERE e.status = 'OPERATIVE'
            GROUP BY e.equipment_id, l.name
            HAVING MAX(em.ended_at) < NOW() - INTERVAL '90 days' OR MAX(em.ended_at) IS NULL
            ORDER BY last_maintenance ASC NULLS FIRST
        
2025-06-25T06:00:32.225Z [ERROR] Error checking equipment status:
2025-06-25T06:00:32.226Z [ERROR] CheckEquipmentStatus: Job failed
2025-06-25T06:00:32.226Z [INFO] Scheduler: Job 'checkEquipmentStatus' completed, next run: Wed Jun 25 2025 09:01:32 GMT+0300 (Eastern European Summer Time)
2025-06-25T06:00:32.227Z [INFO] Scheduler: Running job 'updateWeatherData'
2025-06-25T06:00:32.227Z [INFO] Starting weather data update job...
2025-06-25T06:00:32.228Z [INFO] Starting weather data update for all locations...
2025-06-25T06:00:32.302Z [ERROR] Error updating weather data:
2025-06-25T06:00:32.303Z [ERROR] Weather data update job failed:
2025-06-25T06:00:32.304Z [INFO] Scheduler: Job 'updateWeatherData' completed, next run: Wed Jun 25 2025 09:01:32 GMT+0300 (Eastern European Summer Time)
2025-06-25T06:00:32.304Z [INFO] Scheduler: Running job 'exceptionDetection'
2025-06-25T06:00:32.305Z [INFO] Starting automated exception detection...
2025-06-25T06:00:32.306Z [INFO] Running comprehensive exception detection...
2025-06-25T06:00:32.312Z [ERROR] SQL error after 4ms: column l.id does not exist
2025-06-25T06:00:32.312Z [ERROR] Failed query: 
        SELECT 
          l.id as location_id,
          l.name as location_name,
          COUNT(e.id) as total_employees,
          COUNT(CASE WHEN e.status = 'ACTIVE' THEN 1 END) as active_employees,
          COUNT(CASE WHEN e.status = 'SICK' THEN 1 END) as sick_employees,
          COUNT(CASE WHEN e.status = 'VACATION' THEN 1 END) as vacation_employees
        FROM locations l
        LEFT JOIN employees e ON l.id = e.location_id
       GROUP BY l.id, l.name
2025-06-25T06:00:32.313Z [ERROR] Error detecting staff unavailability: column l.id does not exist
2025-06-25T06:00:32.404Z [ERROR] SQL error after 95ms: column l.id does not exist
2025-06-25T06:00:32.404Z [ERROR] Failed query: 
        SELECT 
          l.id as location_id,
          l.name as location_name,
          COUNT(e.id) as total_equipment,
          COUNT(CASE WHEN e.status = 'OUT_OF_SERVICE' THEN 1 END) as out_of_service,
          COUNT(CASE WHEN e.updated_at < NOW() - INTERVAL '2 hours' THEN 1 END) as stale_equipment
        FROM locations l
        LEFT JOIN equipment e ON l.id = e.location_id
       GROUP BY l.id, l.name
2025-06-25T06:00:32.404Z [ERROR] Error detecting power outage: column l.id does not exist
2025-06-25T06:00:32.405Z [ERROR] SQL error after 95ms: column l.id does not exist
2025-06-25T06:00:32.406Z [ERROR] Failed query: 
        SELECT 
          e.id,
          e.name,
          e.type,
          e.status,
          e.location_id,
          l.name as location_name,
          EXTRACT(days FROM (NOW() - e.updated_at)) as days_since_update,
          COUNT(em.id) as recent_maintenance
        FROM equipment e
        JOIN locations l ON e.location_id = l.id
        LEFT JOIN equipment_maintenance em ON e.id = em.equipment_id 
          AND em.created_at >= NOW() - INTERVAL '30 days'
      
        GROUP BY e.id, e.name, e.type, e.status, e.location_id, l.name, e.updated_at
        HAVING e.status = 'OUT_OF_SERVICE' 
          OR EXTRACT(days FROM (NOW() - e.updated_at)) > 7
        ORDER BY days_since_update DESC
      
2025-06-25T06:00:32.406Z [ERROR] Error detecting equipment failures: column l.id does not exist
2025-06-25T06:00:32.407Z [ERROR] SQL error after 97ms: column o.id does not exist
2025-06-25T06:00:32.407Z [ERROR] Failed query: 
        SELECT 
          t.id,
          t.status,
          t.location_id,
          l.name as location_name,
          o.id as order_id,
          EXTRACT(hours FROM (NOW() - t.created_at)) as hours_since_created,
          EXTRACT(hours FROM (NOW() - t.updated_at)) as hours_since_updated
        FROM transports t
        JOIN orders o ON t.order_id = o.id
        JOIN locations l ON t.location_id = l.id
        WHERE t.status IN ('PENDING', 'IN_PROGRESS')
       ORDER BY t.created_at ASC
2025-06-25T06:00:32.408Z [ERROR] Error detecting transport issues: column o.id does not exist
2025-06-25T06:00:32.408Z [INFO] Exception detection completed: 0 issues found
2025-06-25T06:00:32.408Z [INFO] Exception detection completed: 0 total issues found
2025-06-25T06:00:32.408Z [INFO] - Staff issues: 0
2025-06-25T06:00:32.409Z [INFO] - Power issues: 0
2025-06-25T06:00:32.409Z [INFO] - Equipment issues: 0
2025-06-25T06:00:32.409Z [INFO] - Transport issues: 0
2025-06-25T06:00:32.411Z [INFO] Creating notification: SYSTEM_STATUS_OK - LOW - All systems operational - no critical issues detected
2025-06-25T06:00:32.413Z [ERROR] Failed to send notification via websocket: WebSocket notification failed: broadcastToAllClients is not a function
2025-06-25T06:00:32.414Z [INFO] Exception detection completed successfully in 109ms
2025-06-25T06:00:32.414Z [INFO] Scheduler: Job 'exceptionDetection' completed, next run: Wed Jun 25 2025 09:01:32 GMT+0300 (Eastern European Summer Time)
2025-06-25T06:00:54.643Z [INFO] OPTIONS /api/stats/dashboard
2025-06-25T06:00:54.647Z [INFO] GET /api/stats/dashboard
2025-06-25T06:00:54.648Z [ERROR] Error getting dashboard: Cannot read properties of undefined (reading 'locationId')
2025-06-25T06:00:54.651Z [INFO] GET /api/stats/dashboard
2025-06-25T06:00:54.652Z [ERROR] Error getting dashboard: Cannot read properties of undefined (reading 'locationId')
2025-06-25T06:00:54.655Z [INFO] GET /api/stats/dashboard
2025-06-25T06:00:54.656Z [ERROR] Error getting dashboard: Cannot read properties of undefined (reading 'locationId')
2025-06-25T06:00:54.657Z [INFO] OPTIONS /api/orders
2025-06-25T06:00:54.659Z [INFO] OPTIONS /api/orders
2025-06-25T06:00:54.661Z [INFO] GET /api/orders
2025-06-25T06:00:54.763Z [INFO] GET /api/orders
2025-06-25T06:00:54.766Z [INFO] OPTIONS /api/stats/system-status
2025-06-25T06:00:54.767Z [INFO] GET /api/orders
2025-06-25T06:00:54.768Z [INFO] GET /api/stats/system-status
2025-06-25T06:00:54.769Z [WARN] Route not found: GET /api/stats/system-status
2025-06-25T06:00:54.771Z [INFO] GET /api/stats/system-status
2025-06-25T06:00:54.771Z [WARN] Route not found: GET /api/stats/system-status
2025-06-25T06:00:54.773Z [INFO] OPTIONS /api/notifications/recent
2025-06-25T06:00:54.773Z [INFO] GET /api/stats/system-status
2025-06-25T06:00:54.773Z [WARN] Route not found: GET /api/stats/system-status
2025-06-25T06:00:54.774Z [INFO] GET /api/notifications/recent
2025-06-25T06:00:54.775Z [WARN] Route not found: GET /api/notifications/recent
2025-06-25T06:00:54.776Z [INFO] GET /api/notifications/recent
2025-06-25T06:00:54.777Z [WARN] Route not found: GET /api/notifications/recent
2025-06-25T06:00:54.777Z [INFO] OPTIONS /api/stats/performance
2025-06-25T06:00:54.778Z [INFO] GET /api/notifications/recent
2025-06-25T06:00:54.779Z [WARN] Route not found: GET /api/notifications/recent
2025-06-25T06:00:54.780Z [INFO] GET /api/stats/performance
2025-06-25T06:00:54.781Z [WARN] Route not found: GET /api/stats/performance
2025-06-25T06:00:54.782Z [INFO] GET /api/stats/performance
2025-06-25T06:00:54.783Z [WARN] Route not found: GET /api/stats/performance
2025-06-25T06:00:54.785Z [INFO] GET /api/stats/performance
2025-06-25T06:00:54.785Z [WARN] Route not found: GET /api/stats/performance
2025-06-25T06:01:32.220Z [INFO] Scheduler: Running job 'expandRecurrences'
2025-06-25T06:01:32.221Z [INFO] ExpandRecurrences: Starting job
2025-06-25T06:01:32.265Z [INFO] ExpandRecurrences: Job completed, created 0 new recurring orders
2025-06-25T06:01:32.266Z [INFO] Scheduler: Job 'expandRecurrences' completed, next run: Wed Jun 25 2025 09:05:00 GMT+0300 (Eastern European Summer Time)
2025-06-25T06:02:32.231Z [INFO] Scheduler: Running job 'checkEquipmentStatus'
2025-06-25T06:02:32.232Z [INFO] CheckEquipmentStatus: Starting equipment monitoring job
2025-06-25T06:02:32.233Z [INFO] Starting equipment status check...
2025-06-25T06:02:32.277Z [ERROR] SQL error after 44ms: column em.ended_at does not exist
2025-06-25T06:02:32.278Z [ERROR] Failed query: 
            SELECT 
                e.*,
                l.name as location_name,
                MAX(em.ended_at) as last_maintenance
            FROM equipment e
            JOIN locations l ON e.location_id = l.location_id
            LEFT JOIN equipment_maintenance em ON e.equipment_id = em.equipment_id 
                AND em.ended_at IS NOT NULL
            WHERE e.status = 'OPERATIVE'
            GROUP BY e.equipment_id, l.name
            HAVING MAX(em.ended_at) < NOW() - INTERVAL '90 days' OR MAX(em.ended_at) IS NULL
            ORDER BY last_maintenance ASC NULLS FIRST
        
2025-06-25T06:02:32.278Z [ERROR] Error checking equipment status:
2025-06-25T06:02:32.278Z [ERROR] CheckEquipmentStatus: Job failed
2025-06-25T06:02:32.279Z [INFO] Scheduler: Job 'checkEquipmentStatus' completed, next run: Wed Jun 25 2025 09:03:32 GMT+0300 (Eastern European Summer Time)
2025-06-25T06:02:32.279Z [INFO] Scheduler: Running job 'updateWeatherData'
2025-06-25T06:02:32.279Z [INFO] Starting weather data update job...
2025-06-25T06:02:32.279Z [INFO] Starting weather data update for all locations...
2025-06-25T06:02:32.328Z [ERROR] Error updating weather data:
2025-06-25T06:02:32.328Z [ERROR] Weather data update job failed:
2025-06-25T06:02:32.329Z [INFO] Scheduler: Job 'updateWeatherData' completed, next run: Wed Jun 25 2025 09:03:32 GMT+0300 (Eastern European Summer Time)
2025-06-25T06:02:32.329Z [INFO] Scheduler: Running job 'exceptionDetection'
2025-06-25T06:02:32.329Z [INFO] Starting automated exception detection...
2025-06-25T06:02:32.329Z [INFO] Running comprehensive exception detection...
2025-06-25T06:02:32.331Z [ERROR] SQL error after 2ms: column l.id does not exist
2025-06-25T06:02:32.331Z [ERROR] Failed query: 
        SELECT 
          l.id as location_id,
          l.name as location_name,
          COUNT(e.id) as total_employees,
          COUNT(CASE WHEN e.status = 'ACTIVE' THEN 1 END) as active_employees,
          COUNT(CASE WHEN e.status = 'SICK' THEN 1 END) as sick_employees,
          COUNT(CASE WHEN e.status = 'VACATION' THEN 1 END) as vacation_employees
        FROM locations l
        LEFT JOIN employees e ON l.id = e.location_id
       GROUP BY l.id, l.name
2025-06-25T06:02:32.331Z [ERROR] Error detecting staff unavailability: column l.id does not exist
2025-06-25T06:02:32.389Z [ERROR] SQL error after 60ms: column l.id does not exist
2025-06-25T06:02:32.389Z [ERROR] Failed query: 
        SELECT 
          l.id as location_id,
          l.name as location_name,
          COUNT(e.id) as total_equipment,
          COUNT(CASE WHEN e.status = 'OUT_OF_SERVICE' THEN 1 END) as out_of_service,
          COUNT(CASE WHEN e.updated_at < NOW() - INTERVAL '2 hours' THEN 1 END) as stale_equipment
        FROM locations l
        LEFT JOIN equipment e ON l.id = e.location_id
       GROUP BY l.id, l.name
2025-06-25T06:02:32.390Z [ERROR] Error detecting power outage: column l.id does not exist
2025-06-25T06:02:32.396Z [ERROR] SQL error after 66ms: column o.id does not exist
2025-06-25T06:02:32.396Z [ERROR] Failed query: 
        SELECT 
          t.id,
          t.status,
          t.location_id,
          l.name as location_name,
          o.id as order_id,
          EXTRACT(hours FROM (NOW() - t.created_at)) as hours_since_created,
          EXTRACT(hours FROM (NOW() - t.updated_at)) as hours_since_updated
        FROM transports t
        JOIN orders o ON t.order_id = o.id
        JOIN locations l ON t.location_id = l.id
        WHERE t.status IN ('PENDING', 'IN_PROGRESS')
       ORDER BY t.created_at ASC
2025-06-25T06:02:32.396Z [ERROR] Error detecting transport issues: column o.id does not exist
2025-06-25T06:02:32.398Z [ERROR] SQL error after 69ms: column l.id does not exist
2025-06-25T06:02:32.399Z [ERROR] Failed query: 
        SELECT 
          e.id,
          e.name,
          e.type,
          e.status,
          e.location_id,
          l.name as location_name,
          EXTRACT(days FROM (NOW() - e.updated_at)) as days_since_update,
          COUNT(em.id) as recent_maintenance
        FROM equipment e
        JOIN locations l ON e.location_id = l.id
        LEFT JOIN equipment_maintenance em ON e.id = em.equipment_id 
          AND em.created_at >= NOW() - INTERVAL '30 days'
      
        GROUP BY e.id, e.name, e.type, e.status, e.location_id, l.name, e.updated_at
        HAVING e.status = 'OUT_OF_SERVICE' 
          OR EXTRACT(days FROM (NOW() - e.updated_at)) > 7
        ORDER BY days_since_update DESC
      
2025-06-25T06:02:32.399Z [ERROR] Error detecting equipment failures: column l.id does not exist
2025-06-25T06:02:32.399Z [INFO] Exception detection completed: 0 issues found
2025-06-25T06:02:32.400Z [INFO] Exception detection completed: 0 total issues found
2025-06-25T06:02:32.400Z [INFO] - Staff issues: 0
2025-06-25T06:02:32.400Z [INFO] - Power issues: 0
2025-06-25T06:02:32.400Z [INFO] - Equipment issues: 0
2025-06-25T06:02:32.400Z [INFO] - Transport issues: 0
2025-06-25T06:02:32.401Z [INFO] Creating notification: SYSTEM_STATUS_OK - LOW - All systems operational - no critical issues detected
2025-06-25T06:02:32.401Z [ERROR] Failed to send notification via websocket: WebSocket notification failed: broadcastToAllClients is not a function
2025-06-25T06:02:32.401Z [INFO] Exception detection completed successfully in 72ms
2025-06-25T06:02:32.402Z [INFO] Scheduler: Job 'exceptionDetection' completed, next run: Wed Jun 25 2025 09:03:32 GMT+0300 (Eastern European Summer Time)
2025-06-25T06:05:52.774Z [INFO] Connecting to PostgreSQL: postgres@localhost:5432/twproject
2025-06-25T06:05:52.813Z [INFO] AlertService: SMTP client initialized
2025-06-25T06:05:52.829Z [INFO] Minimal server listening on port 8000
2025-06-25T06:05:52.833Z [INFO] Scheduler: Job 'expandRecurrences' added, next run: Wed Jun 25 2025 09:05:00 GMT+0300 (Eastern European Summer Time)
2025-06-25T06:05:52.834Z [INFO] Scheduler: Job 'checkInventory' added, next run: Wed Jun 25 2025 10:00:00 GMT+0300 (Eastern European Summer Time)
2025-06-25T06:05:52.834Z [INFO] Scheduler: Job 'checkEquipmentStatus' added, next run: Wed Jun 25 2025 09:06:52 GMT+0300 (Eastern European Summer Time)
2025-06-25T06:05:52.835Z [INFO] Scheduler: Job 'updateWeatherData' added, next run: Wed Jun 25 2025 09:06:52 GMT+0300 (Eastern European Summer Time)
2025-06-25T06:05:52.835Z [INFO] Scheduler: Job 'generateDailyStats' added, next run: Thu Jun 26 2025 00:00:00 GMT+0300 (Eastern European Summer Time)
2025-06-25T06:05:52.836Z [INFO] Scheduler: Job 'exceptionDetection' added, next run: Wed Jun 25 2025 09:06:52 GMT+0300 (Eastern European Summer Time)
2025-06-25T06:05:52.836Z [INFO] Scheduler: Starting...
2025-06-25T06:05:52.837Z [INFO] Scheduler: Started successfully
2025-06-25T06:05:52.837Z [INFO] Server and scheduler started successfully
2025-06-25T06:05:52.892Z [INFO] PostgreSQL connection successful. Server time: Wed Jun 25 2025 09:05:52 GMT+0300 (Eastern European Summer Time)
2025-06-25T06:06:52.844Z [INFO] Scheduler: Running job 'expandRecurrences'
2025-06-25T06:06:52.845Z [INFO] ExpandRecurrences: Starting job
2025-06-25T06:06:52.895Z [INFO] ExpandRecurrences: Job completed, created 0 new recurring orders
2025-06-25T06:06:52.896Z [INFO] Scheduler: Job 'expandRecurrences' completed, next run: Wed Jun 25 2025 09:10:00 GMT+0300 (Eastern European Summer Time)
2025-06-25T06:06:52.896Z [INFO] Scheduler: Running job 'checkEquipmentStatus'
2025-06-25T06:06:52.896Z [INFO] CheckEquipmentStatus: Starting equipment monitoring job
2025-06-25T06:06:52.897Z [INFO] Starting equipment status check...
2025-06-25T06:06:52.898Z [ERROR] SQL error after 1ms: column em.ended_at does not exist
2025-06-25T06:06:52.898Z [ERROR] Failed query: 
            SELECT 
                e.*,
                l.name as location_name,
                MAX(em.ended_at) as last_maintenance
            FROM equipment e
            JOIN locations l ON e.location_id = l.location_id
            LEFT JOIN equipment_maintenance em ON e.equipment_id = em.equipment_id 
                AND em.ended_at IS NOT NULL
            WHERE e.status = 'OPERATIVE'
            GROUP BY e.equipment_id, l.name
            HAVING MAX(em.ended_at) < NOW() - INTERVAL '90 days' OR MAX(em.ended_at) IS NULL
            ORDER BY last_maintenance ASC NULLS FIRST
        
2025-06-25T06:06:52.899Z [ERROR] Error checking equipment status:
2025-06-25T06:06:52.899Z [ERROR] CheckEquipmentStatus: Job failed
2025-06-25T06:06:52.900Z [INFO] Scheduler: Job 'checkEquipmentStatus' completed, next run: Wed Jun 25 2025 09:07:52 GMT+0300 (Eastern European Summer Time)
2025-06-25T06:06:52.900Z [INFO] Scheduler: Running job 'updateWeatherData'
2025-06-25T06:06:52.901Z [INFO] Starting weather data update job...
2025-06-25T06:06:52.901Z [INFO] Starting weather data update for all locations...
2025-06-25T06:06:52.951Z [ERROR] Error updating weather data:
2025-06-25T06:06:52.952Z [ERROR] Weather data update job failed:
2025-06-25T06:06:52.952Z [INFO] Scheduler: Job 'updateWeatherData' completed, next run: Wed Jun 25 2025 09:07:52 GMT+0300 (Eastern European Summer Time)
2025-06-25T06:06:52.953Z [INFO] Scheduler: Running job 'exceptionDetection'
2025-06-25T06:06:52.953Z [INFO] Starting automated exception detection...
2025-06-25T06:06:52.954Z [INFO] Running comprehensive exception detection...
2025-06-25T06:06:52.956Z [ERROR] SQL error after 2ms: column l.id does not exist
2025-06-25T06:06:52.957Z [ERROR] Failed query: 
        SELECT 
          l.id as location_id,
          l.name as location_name,
          COUNT(e.id) as total_employees,
          COUNT(CASE WHEN e.status = 'ACTIVE' THEN 1 END) as active_employees,
          COUNT(CASE WHEN e.status = 'SICK' THEN 1 END) as sick_employees,
          COUNT(CASE WHEN e.status = 'VACATION' THEN 1 END) as vacation_employees
        FROM locations l
        LEFT JOIN employees e ON l.id = e.location_id
       GROUP BY l.id, l.name
2025-06-25T06:06:52.957Z [ERROR] Error detecting staff unavailability: column l.id does not exist
2025-06-25T06:06:53.019Z [ERROR] SQL error after 64ms: column l.id does not exist
2025-06-25T06:06:53.020Z [ERROR] Failed query: 
        SELECT 
          e.id,
          e.name,
          e.type,
          e.status,
          e.location_id,
          l.name as location_name,
          EXTRACT(days FROM (NOW() - e.updated_at)) as days_since_update,
          COUNT(em.id) as recent_maintenance
        FROM equipment e
        JOIN locations l ON e.location_id = l.id
        LEFT JOIN equipment_maintenance em ON e.id = em.equipment_id 
          AND em.created_at >= NOW() - INTERVAL '30 days'
      
        GROUP BY e.id, e.name, e.type, e.status, e.location_id, l.name, e.updated_at
        HAVING e.status = 'OUT_OF_SERVICE' 
          OR EXTRACT(days FROM (NOW() - e.updated_at)) > 7
        ORDER BY days_since_update DESC
      
2025-06-25T06:06:53.020Z [ERROR] Error detecting equipment failures: column l.id does not exist
2025-06-25T06:06:53.021Z [ERROR] SQL error after 66ms: column l.id does not exist
2025-06-25T06:06:53.022Z [ERROR] Failed query: 
        SELECT 
          l.id as location_id,
          l.name as location_name,
          COUNT(e.id) as total_equipment,
          COUNT(CASE WHEN e.status = 'OUT_OF_SERVICE' THEN 1 END) as out_of_service,
          COUNT(CASE WHEN e.updated_at < NOW() - INTERVAL '2 hours' THEN 1 END) as stale_equipment
        FROM locations l
        LEFT JOIN equipment e ON l.id = e.location_id
       GROUP BY l.id, l.name
2025-06-25T06:06:53.023Z [ERROR] Error detecting power outage: column l.id does not exist
2025-06-25T06:06:53.026Z [ERROR] SQL error after 71ms: column o.id does not exist
2025-06-25T06:06:53.027Z [ERROR] Failed query: 
        SELECT 
          t.id,
          t.status,
          t.location_id,
          l.name as location_name,
          o.id as order_id,
          EXTRACT(hours FROM (NOW() - t.created_at)) as hours_since_created,
          EXTRACT(hours FROM (NOW() - t.updated_at)) as hours_since_updated
        FROM transports t
        JOIN orders o ON t.order_id = o.id
        JOIN locations l ON t.location_id = l.id
        WHERE t.status IN ('PENDING', 'IN_PROGRESS')
       ORDER BY t.created_at ASC
2025-06-25T06:06:53.027Z [ERROR] Error detecting transport issues: column o.id does not exist
2025-06-25T06:06:53.028Z [INFO] Exception detection completed: 0 issues found
2025-06-25T06:06:53.028Z [INFO] Exception detection completed: 0 total issues found
2025-06-25T06:06:53.028Z [INFO] - Staff issues: 0
2025-06-25T06:06:53.028Z [INFO] - Power issues: 0
2025-06-25T06:06:53.028Z [INFO] - Equipment issues: 0
2025-06-25T06:06:53.029Z [INFO] - Transport issues: 0
2025-06-25T06:06:53.029Z [INFO] Creating notification: SYSTEM_STATUS_OK - LOW - All systems operational - no critical issues detected
2025-06-25T06:06:53.030Z [INFO] Notification sent via websocket: notif_1750831613029_0bszxokpi
2025-06-25T06:06:53.030Z [INFO] Exception detection completed successfully in 77ms
2025-06-25T06:06:53.031Z [INFO] Scheduler: Job 'exceptionDetection' completed, next run: Wed Jun 25 2025 09:07:53 GMT+0300 (Eastern European Summer Time)
2025-06-25T06:08:52.871Z [INFO] Scheduler: Running job 'checkEquipmentStatus'
2025-06-25T06:08:52.872Z [INFO] CheckEquipmentStatus: Starting equipment monitoring job
2025-06-25T06:08:52.872Z [INFO] Starting equipment status check...
2025-06-25T06:08:52.923Z [ERROR] SQL error after 51ms: column em.ended_at does not exist
2025-06-25T06:08:52.923Z [ERROR] Failed query: 
            SELECT 
                e.*,
                l.name as location_name,
                MAX(em.ended_at) as last_maintenance
            FROM equipment e
            JOIN locations l ON e.location_id = l.location_id
            LEFT JOIN equipment_maintenance em ON e.equipment_id = em.equipment_id 
                AND em.ended_at IS NOT NULL
            WHERE e.status = 'OPERATIVE'
            GROUP BY e.equipment_id, l.name
            HAVING MAX(em.ended_at) < NOW() - INTERVAL '90 days' OR MAX(em.ended_at) IS NULL
            ORDER BY last_maintenance ASC NULLS FIRST
        
2025-06-25T06:08:52.924Z [ERROR] Error checking equipment status:
2025-06-25T06:08:52.924Z [ERROR] CheckEquipmentStatus: Job failed
2025-06-25T06:08:52.924Z [INFO] Scheduler: Job 'checkEquipmentStatus' completed, next run: Wed Jun 25 2025 09:09:52 GMT+0300 (Eastern European Summer Time)
2025-06-25T06:08:52.925Z [INFO] Scheduler: Running job 'updateWeatherData'
2025-06-25T06:08:52.925Z [INFO] Starting weather data update job...
2025-06-25T06:08:52.926Z [INFO] Starting weather data update for all locations...
2025-06-25T06:08:52.974Z [ERROR] Error updating weather data:
2025-06-25T06:08:52.975Z [ERROR] Weather data update job failed:
2025-06-25T06:08:52.975Z [INFO] Scheduler: Job 'updateWeatherData' completed, next run: Wed Jun 25 2025 09:09:52 GMT+0300 (Eastern European Summer Time)
2025-06-25T06:08:52.976Z [INFO] Scheduler: Running job 'exceptionDetection'
2025-06-25T06:08:52.976Z [INFO] Starting automated exception detection...
2025-06-25T06:08:52.976Z [INFO] Running comprehensive exception detection...
2025-06-25T06:08:52.980Z [ERROR] SQL error after 3ms: column l.id does not exist
2025-06-25T06:08:52.981Z [ERROR] Failed query: 
        SELECT 
          l.id as location_id,
          l.name as location_name,
          COUNT(e.id) as total_employees,
          COUNT(CASE WHEN e.status = 'ACTIVE' THEN 1 END) as active_employees,
          COUNT(CASE WHEN e.status = 'SICK' THEN 1 END) as sick_employees,
          COUNT(CASE WHEN e.status = 'VACATION' THEN 1 END) as vacation_employees
        FROM locations l
        LEFT JOIN employees e ON l.id = e.location_id
       GROUP BY l.id, l.name
2025-06-25T06:08:52.981Z [ERROR] Error detecting staff unavailability: column l.id does not exist
2025-06-25T06:08:53.049Z [ERROR] SQL error after 72ms: column l.id does not exist
2025-06-25T06:08:53.049Z [ERROR] Failed query: 
        SELECT 
          l.id as location_id,
          l.name as location_name,
          COUNT(e.id) as total_equipment,
          COUNT(CASE WHEN e.status = 'OUT_OF_SERVICE' THEN 1 END) as out_of_service,
          COUNT(CASE WHEN e.updated_at < NOW() - INTERVAL '2 hours' THEN 1 END) as stale_equipment
        FROM locations l
        LEFT JOIN equipment e ON l.id = e.location_id
       GROUP BY l.id, l.name
2025-06-25T06:08:53.049Z [ERROR] Error detecting power outage: column l.id does not exist
2025-06-25T06:08:53.050Z [ERROR] SQL error after 72ms: column o.id does not exist
2025-06-25T06:08:53.051Z [ERROR] Failed query: 
        SELECT 
          t.id,
          t.status,
          t.location_id,
          l.name as location_name,
          o.id as order_id,
          EXTRACT(hours FROM (NOW() - t.created_at)) as hours_since_created,
          EXTRACT(hours FROM (NOW() - t.updated_at)) as hours_since_updated
        FROM transports t
        JOIN orders o ON t.order_id = o.id
        JOIN locations l ON t.location_id = l.id
        WHERE t.status IN ('PENDING', 'IN_PROGRESS')
       ORDER BY t.created_at ASC
2025-06-25T06:08:53.051Z [ERROR] Error detecting transport issues: column o.id does not exist
2025-06-25T06:08:53.052Z [ERROR] SQL error after 74ms: column l.id does not exist
2025-06-25T06:08:53.052Z [ERROR] Failed query: 
        SELECT 
          e.id,
          e.name,
          e.type,
          e.status,
          e.location_id,
          l.name as location_name,
          EXTRACT(days FROM (NOW() - e.updated_at)) as days_since_update,
          COUNT(em.id) as recent_maintenance
        FROM equipment e
        JOIN locations l ON e.location_id = l.id
        LEFT JOIN equipment_maintenance em ON e.id = em.equipment_id 
          AND em.created_at >= NOW() - INTERVAL '30 days'
      
        GROUP BY e.id, e.name, e.type, e.status, e.location_id, l.name, e.updated_at
        HAVING e.status = 'OUT_OF_SERVICE' 
          OR EXTRACT(days FROM (NOW() - e.updated_at)) > 7
        ORDER BY days_since_update DESC
      
2025-06-25T06:08:53.053Z [ERROR] Error detecting equipment failures: column l.id does not exist
2025-06-25T06:08:53.053Z [INFO] Exception detection completed: 0 issues found
2025-06-25T06:08:53.053Z [INFO] Exception detection completed: 0 total issues found
2025-06-25T06:08:53.054Z [INFO] - Staff issues: 0
2025-06-25T06:08:53.054Z [INFO] - Power issues: 0
2025-06-25T06:08:53.054Z [INFO] - Equipment issues: 0
2025-06-25T06:08:53.054Z [INFO] - Transport issues: 0
2025-06-25T06:08:53.054Z [INFO] Creating notification: SYSTEM_STATUS_OK - LOW - All systems operational - no critical issues detected
2025-06-25T06:08:53.055Z [INFO] Notification sent via websocket: notif_1750831733054_4auqcbvib
2025-06-25T06:08:53.055Z [INFO] Exception detection completed successfully in 79ms
2025-06-25T06:08:53.055Z [INFO] Scheduler: Job 'exceptionDetection' completed, next run: Wed Jun 25 2025 09:09:53 GMT+0300 (Eastern European Summer Time)
2025-06-25T06:10:52.889Z [INFO] Scheduler: Running job 'expandRecurrences'
2025-06-25T06:10:52.890Z [INFO] ExpandRecurrences: Starting job
2025-06-25T06:10:52.939Z [INFO] ExpandRecurrences: Job completed, created 0 new recurring orders
2025-06-25T06:10:52.940Z [INFO] Scheduler: Job 'expandRecurrences' completed, next run: Wed Jun 25 2025 09:10:00 GMT+0300 (Eastern European Summer Time)
2025-06-25T06:10:52.940Z [INFO] Scheduler: Running job 'checkEquipmentStatus'
2025-06-25T06:10:52.940Z [INFO] CheckEquipmentStatus: Starting equipment monitoring job
2025-06-25T06:10:52.941Z [INFO] Starting equipment status check...
2025-06-25T06:10:52.942Z [ERROR] SQL error after 1ms: column em.ended_at does not exist
2025-06-25T06:10:52.942Z [ERROR] Failed query: 
            SELECT 
                e.*,
                l.name as location_name,
                MAX(em.ended_at) as last_maintenance
            FROM equipment e
            JOIN locations l ON e.location_id = l.location_id
            LEFT JOIN equipment_maintenance em ON e.equipment_id = em.equipment_id 
                AND em.ended_at IS NOT NULL
            WHERE e.status = 'OPERATIVE'
            GROUP BY e.equipment_id, l.name
            HAVING MAX(em.ended_at) < NOW() - INTERVAL '90 days' OR MAX(em.ended_at) IS NULL
            ORDER BY last_maintenance ASC NULLS FIRST
        
2025-06-25T06:10:52.943Z [ERROR] Error checking equipment status:
2025-06-25T06:10:52.943Z [ERROR] CheckEquipmentStatus: Job failed
2025-06-25T06:10:52.943Z [INFO] Scheduler: Job 'checkEquipmentStatus' completed, next run: Wed Jun 25 2025 09:11:52 GMT+0300 (Eastern European Summer Time)
2025-06-25T06:10:52.943Z [INFO] Scheduler: Running job 'updateWeatherData'
2025-06-25T06:10:52.944Z [INFO] Starting weather data update job...
2025-06-25T06:10:52.944Z [INFO] Starting weather data update for all locations...
2025-06-25T06:10:52.993Z [ERROR] Error updating weather data:
2025-06-25T06:10:52.994Z [ERROR] Weather data update job failed:
2025-06-25T06:10:52.994Z [INFO] Scheduler: Job 'updateWeatherData' completed, next run: Wed Jun 25 2025 09:11:52 GMT+0300 (Eastern European Summer Time)
2025-06-25T06:10:52.994Z [INFO] Scheduler: Running job 'exceptionDetection'
2025-06-25T06:10:52.995Z [INFO] Starting automated exception detection...
2025-06-25T06:10:52.995Z [INFO] Running comprehensive exception detection...
2025-06-25T06:10:52.996Z [ERROR] SQL error after 1ms: column l.id does not exist
2025-06-25T06:10:52.996Z [ERROR] Failed query: 
        SELECT 
          l.id as location_id,
          l.name as location_name,
          COUNT(e.id) as total_employees,
          COUNT(CASE WHEN e.status = 'ACTIVE' THEN 1 END) as active_employees,
          COUNT(CASE WHEN e.status = 'SICK' THEN 1 END) as sick_employees,
          COUNT(CASE WHEN e.status = 'VACATION' THEN 1 END) as vacation_employees
        FROM locations l
        LEFT JOIN employees e ON l.id = e.location_id
       GROUP BY l.id, l.name
2025-06-25T06:10:52.997Z [ERROR] Error detecting staff unavailability: column l.id does not exist
2025-06-25T06:10:53.063Z [ERROR] SQL error after 68ms: column l.id does not exist
2025-06-25T06:10:53.063Z [ERROR] Failed query: 
        SELECT 
          e.id,
          e.name,
          e.type,
          e.status,
          e.location_id,
          l.name as location_name,
          EXTRACT(days FROM (NOW() - e.updated_at)) as days_since_update,
          COUNT(em.id) as recent_maintenance
        FROM equipment e
        JOIN locations l ON e.location_id = l.id
        LEFT JOIN equipment_maintenance em ON e.id = em.equipment_id 
          AND em.created_at >= NOW() - INTERVAL '30 days'
      
        GROUP BY e.id, e.name, e.type, e.status, e.location_id, l.name, e.updated_at
        HAVING e.status = 'OUT_OF_SERVICE' 
          OR EXTRACT(days FROM (NOW() - e.updated_at)) > 7
        ORDER BY days_since_update DESC
      
2025-06-25T06:10:53.064Z [ERROR] Error detecting equipment failures: column l.id does not exist
2025-06-25T06:10:53.065Z [ERROR] SQL error after 70ms: column l.id does not exist
2025-06-25T06:10:53.066Z [ERROR] Failed query: 
        SELECT 
          l.id as location_id,
          l.name as location_name,
          COUNT(e.id) as total_equipment,
          COUNT(CASE WHEN e.status = 'OUT_OF_SERVICE' THEN 1 END) as out_of_service,
          COUNT(CASE WHEN e.updated_at < NOW() - INTERVAL '2 hours' THEN 1 END) as stale_equipment
        FROM locations l
        LEFT JOIN equipment e ON l.id = e.location_id
       GROUP BY l.id, l.name
2025-06-25T06:10:53.067Z [ERROR] Error detecting power outage: column l.id does not exist
2025-06-25T06:10:53.068Z [ERROR] SQL error after 73ms: column o.id does not exist
2025-06-25T06:10:53.069Z [ERROR] Failed query: 
        SELECT 
          t.id,
          t.status,
          t.location_id,
          l.name as location_name,
          o.id as order_id,
          EXTRACT(hours FROM (NOW() - t.created_at)) as hours_since_created,
          EXTRACT(hours FROM (NOW() - t.updated_at)) as hours_since_updated
        FROM transports t
        JOIN orders o ON t.order_id = o.id
        JOIN locations l ON t.location_id = l.id
        WHERE t.status IN ('PENDING', 'IN_PROGRESS')
       ORDER BY t.created_at ASC
2025-06-25T06:10:53.069Z [ERROR] Error detecting transport issues: column o.id does not exist
2025-06-25T06:10:53.069Z [INFO] Exception detection completed: 0 issues found
2025-06-25T06:10:53.070Z [INFO] Exception detection completed: 0 total issues found
2025-06-25T06:10:53.070Z [INFO] - Staff issues: 0
2025-06-25T06:10:53.070Z [INFO] - Power issues: 0
2025-06-25T06:10:53.070Z [INFO] - Equipment issues: 0
2025-06-25T06:10:53.071Z [INFO] - Transport issues: 0
2025-06-25T06:10:53.071Z [INFO] Creating notification: SYSTEM_STATUS_OK - LOW - All systems operational - no critical issues detected
2025-06-25T06:10:53.072Z [INFO] Notification sent via websocket: notif_1750831853071_1p58e2szw
2025-06-25T06:10:53.072Z [INFO] Exception detection completed successfully in 78ms
2025-06-25T06:10:53.072Z [INFO] Scheduler: Job 'exceptionDetection' completed, next run: Wed Jun 25 2025 09:11:53 GMT+0300 (Eastern European Summer Time)
2025-06-25T06:11:52.895Z [INFO] Scheduler: Running job 'expandRecurrences'
2025-06-25T06:11:52.896Z [INFO] ExpandRecurrences: Starting job
2025-06-25T06:11:52.945Z [INFO] ExpandRecurrences: Job completed, created 0 new recurring orders
2025-06-25T06:11:52.945Z [INFO] Scheduler: Job 'expandRecurrences' completed, next run: Wed Jun 25 2025 09:15:00 GMT+0300 (Eastern European Summer Time)
2025-06-25T06:12:52.907Z [INFO] Scheduler: Running job 'checkEquipmentStatus'
2025-06-25T06:12:52.908Z [INFO] CheckEquipmentStatus: Starting equipment monitoring job
2025-06-25T06:12:52.909Z [INFO] Starting equipment status check...
2025-06-25T06:12:52.946Z [ERROR] SQL error after 37ms: column em.ended_at does not exist
2025-06-25T06:12:52.947Z [ERROR] Failed query: 
            SELECT 
                e.*,
                l.name as location_name,
                MAX(em.ended_at) as last_maintenance
            FROM equipment e
            JOIN locations l ON e.location_id = l.location_id
            LEFT JOIN equipment_maintenance em ON e.equipment_id = em.equipment_id 
                AND em.ended_at IS NOT NULL
            WHERE e.status = 'OPERATIVE'
            GROUP BY e.equipment_id, l.name
            HAVING MAX(em.ended_at) < NOW() - INTERVAL '90 days' OR MAX(em.ended_at) IS NULL
            ORDER BY last_maintenance ASC NULLS FIRST
        
2025-06-25T06:12:52.947Z [ERROR] Error checking equipment status:
2025-06-25T06:12:52.947Z [ERROR] CheckEquipmentStatus: Job failed
2025-06-25T06:12:52.947Z [INFO] Scheduler: Job 'checkEquipmentStatus' completed, next run: Wed Jun 25 2025 09:13:52 GMT+0300 (Eastern European Summer Time)
2025-06-25T06:12:52.948Z [INFO] Scheduler: Running job 'updateWeatherData'
2025-06-25T06:12:52.948Z [INFO] Starting weather data update job...
2025-06-25T06:12:52.949Z [INFO] Starting weather data update for all locations...
2025-06-25T06:12:52.989Z [ERROR] Error updating weather data:
2025-06-25T06:12:52.989Z [ERROR] Weather data update job failed:
2025-06-25T06:12:52.990Z [INFO] Scheduler: Job 'updateWeatherData' completed, next run: Wed Jun 25 2025 09:13:52 GMT+0300 (Eastern European Summer Time)
2025-06-25T06:12:52.990Z [INFO] Scheduler: Running job 'exceptionDetection'
2025-06-25T06:12:52.990Z [INFO] Starting automated exception detection...
2025-06-25T06:12:52.990Z [INFO] Running comprehensive exception detection...
2025-06-25T06:12:52.992Z [ERROR] SQL error after 1ms: column l.id does not exist
2025-06-25T06:12:52.992Z [ERROR] Failed query: 
        SELECT 
          l.id as location_id,
          l.name as location_name,
          COUNT(e.id) as total_employees,
          COUNT(CASE WHEN e.status = 'ACTIVE' THEN 1 END) as active_employees,
          COUNT(CASE WHEN e.status = 'SICK' THEN 1 END) as sick_employees,
          COUNT(CASE WHEN e.status = 'VACATION' THEN 1 END) as vacation_employees
        FROM locations l
        LEFT JOIN employees e ON l.id = e.location_id
       GROUP BY l.id, l.name
2025-06-25T06:12:52.992Z [ERROR] Error detecting staff unavailability: column l.id does not exist
2025-06-25T06:12:53.045Z [ERROR] SQL error after 54ms: column l.id does not exist
2025-06-25T06:12:53.046Z [ERROR] Failed query: 
        SELECT 
          e.id,
          e.name,
          e.type,
          e.status,
          e.location_id,
          l.name as location_name,
          EXTRACT(days FROM (NOW() - e.updated_at)) as days_since_update,
          COUNT(em.id) as recent_maintenance
        FROM equipment e
        JOIN locations l ON e.location_id = l.id
        LEFT JOIN equipment_maintenance em ON e.id = em.equipment_id 
          AND em.created_at >= NOW() - INTERVAL '30 days'
      
        GROUP BY e.id, e.name, e.type, e.status, e.location_id, l.name, e.updated_at
        HAVING e.status = 'OUT_OF_SERVICE' 
          OR EXTRACT(days FROM (NOW() - e.updated_at)) > 7
        ORDER BY days_since_update DESC
      
2025-06-25T06:12:53.046Z [ERROR] Error detecting equipment failures: column l.id does not exist
2025-06-25T06:12:53.047Z [ERROR] SQL error after 56ms: column l.id does not exist
2025-06-25T06:12:53.047Z [ERROR] Failed query: 
        SELECT 
          l.id as location_id,
          l.name as location_name,
          COUNT(e.id) as total_equipment,
          COUNT(CASE WHEN e.status = 'OUT_OF_SERVICE' THEN 1 END) as out_of_service,
          COUNT(CASE WHEN e.updated_at < NOW() - INTERVAL '2 hours' THEN 1 END) as stale_equipment
        FROM locations l
        LEFT JOIN equipment e ON l.id = e.location_id
       GROUP BY l.id, l.name
2025-06-25T06:12:53.047Z [ERROR] Error detecting power outage: column l.id does not exist
2025-06-25T06:12:53.049Z [ERROR] SQL error after 58ms: column o.id does not exist
2025-06-25T06:12:53.050Z [ERROR] Failed query: 
        SELECT 
          t.id,
          t.status,
          t.location_id,
          l.name as location_name,
          o.id as order_id,
          EXTRACT(hours FROM (NOW() - t.created_at)) as hours_since_created,
          EXTRACT(hours FROM (NOW() - t.updated_at)) as hours_since_updated
        FROM transports t
        JOIN orders o ON t.order_id = o.id
        JOIN locations l ON t.location_id = l.id
        WHERE t.status IN ('PENDING', 'IN_PROGRESS')
       ORDER BY t.created_at ASC
2025-06-25T06:12:53.050Z [ERROR] Error detecting transport issues: column o.id does not exist
2025-06-25T06:12:53.051Z [INFO] Exception detection completed: 0 issues found
2025-06-25T06:12:53.051Z [INFO] Exception detection completed: 0 total issues found
2025-06-25T06:12:53.052Z [INFO] - Staff issues: 0
2025-06-25T06:12:53.052Z [INFO] - Power issues: 0
2025-06-25T06:12:53.052Z [INFO] - Equipment issues: 0
2025-06-25T06:12:53.052Z [INFO] - Transport issues: 0
2025-06-25T06:12:53.053Z [INFO] Creating notification: SYSTEM_STATUS_OK - LOW - All systems operational - no critical issues detected
2025-06-25T06:12:53.053Z [INFO] Notification sent via websocket: notif_1750831973053_a1p5deg5i
2025-06-25T06:12:53.053Z [INFO] Exception detection completed successfully in 63ms
2025-06-25T06:12:53.054Z [INFO] Scheduler: Job 'exceptionDetection' completed, next run: Wed Jun 25 2025 09:13:53 GMT+0300 (Eastern European Summer Time)
2025-06-25T06:14:11.305Z [INFO] Connecting to PostgreSQL: postgres@localhost:5432/twproject
2025-06-25T06:14:11.331Z [INFO] AlertService: SMTP client initialized
2025-06-25T06:14:11.343Z [INFO] Minimal server listening on port 8000
2025-06-25T06:14:11.350Z [INFO] Scheduler: Job 'expandRecurrences' added, next run: Wed Jun 25 2025 09:15:00 GMT+0300 (Eastern European Summer Time)
2025-06-25T06:14:11.350Z [INFO] Scheduler: Job 'checkInventory' added, next run: Wed Jun 25 2025 10:00:00 GMT+0300 (Eastern European Summer Time)
2025-06-25T06:14:11.351Z [INFO] Scheduler: Job 'checkEquipmentStatus' added, next run: Wed Jun 25 2025 09:15:11 GMT+0300 (Eastern European Summer Time)
2025-06-25T06:14:11.351Z [INFO] Scheduler: Job 'updateWeatherData' added, next run: Wed Jun 25 2025 09:15:11 GMT+0300 (Eastern European Summer Time)
2025-06-25T06:14:11.351Z [INFO] Scheduler: Job 'generateDailyStats' added, next run: Thu Jun 26 2025 00:00:00 GMT+0300 (Eastern European Summer Time)
2025-06-25T06:14:11.352Z [INFO] Scheduler: Job 'exceptionDetection' added, next run: Wed Jun 25 2025 09:15:11 GMT+0300 (Eastern European Summer Time)
2025-06-25T06:14:11.352Z [INFO] Scheduler: Starting...
2025-06-25T06:14:11.352Z [INFO] Scheduler: Started successfully
2025-06-25T06:14:11.352Z [INFO] Server and scheduler started successfully
2025-06-25T06:14:11.409Z [INFO] PostgreSQL connection successful. Server time: Wed Jun 25 2025 09:14:11 GMT+0300 (Eastern European Summer Time)
2025-06-25T06:14:21.473Z [INFO] OPTIONS /api/stats/dashboard
2025-06-25T06:14:21.536Z [INFO] OPTIONS /api/orders
2025-06-25T06:14:21.539Z [INFO] GET /api/orders
2025-06-25T06:14:21.560Z [INFO] OPTIONS /api/stats/system-status
2025-06-25T06:14:21.565Z [INFO] GET /api/stats/system-status
2025-06-25T06:14:21.567Z [ERROR] Error getting system status: Cannot read properties of undefined (reading 'locationId')
2025-06-25T06:14:21.576Z [INFO] OPTIONS /api/notifications/recent
2025-06-25T06:14:21.579Z [INFO] GET /api/notifications/recent
2025-06-25T06:14:21.581Z [ERROR] Error getting recent notifications: Cannot read properties of undefined (reading 'limit')
2025-06-25T06:14:21.589Z [INFO] OPTIONS /api/stats/performance
2025-06-25T06:14:21.592Z [INFO] GET /api/stats/performance
2025-06-25T06:14:21.593Z [ERROR] Error getting performance stats: Cannot read properties of undefined (reading 'locationId')
2025-06-25T06:14:24.456Z [INFO] GET /api/orders
2025-06-25T06:14:24.462Z [INFO] GET /api/stats/system-status
2025-06-25T06:14:24.462Z [ERROR] Error getting system status: Cannot read properties of undefined (reading 'locationId')
2025-06-25T06:14:24.466Z [INFO] GET /api/notifications/recent
2025-06-25T06:14:24.466Z [ERROR] Error getting recent notifications: Cannot read properties of undefined (reading 'limit')
2025-06-25T06:14:24.472Z [INFO] GET /api/stats/performance
2025-06-25T06:14:24.473Z [ERROR] Error getting performance stats: Cannot read properties of undefined (reading 'locationId')
2025-06-25T06:14:24.972Z [INFO] GET /api/orders
2025-06-25T06:14:24.977Z [INFO] GET /api/stats/system-status
2025-06-25T06:14:24.978Z [ERROR] Error getting system status: Cannot read properties of undefined (reading 'locationId')
2025-06-25T06:14:24.981Z [INFO] GET /api/notifications/recent
2025-06-25T06:14:24.981Z [ERROR] Error getting recent notifications: Cannot read properties of undefined (reading 'limit')
2025-06-25T06:14:24.986Z [INFO] GET /api/stats/performance
2025-06-25T06:14:24.988Z [ERROR] Error getting performance stats: Cannot read properties of undefined (reading 'locationId')
2025-06-25T06:14:27.532Z [INFO] OPTIONS /api/auth/login
2025-06-25T06:14:27.533Z [INFO] POST /api/auth/login
2025-06-25T06:14:27.535Z [INFO] POST /api/login or /api/auth/login
2025-06-25T06:14:27.722Z [INFO] AuthService: Successful login for admin@cas.ro
2025-06-25T06:14:27.723Z [INFO] Login: Success for user admin@cas.ro
2025-06-25T06:14:29.270Z [INFO] OPTIONS /api/stats/dashboard
2025-06-25T06:14:29.272Z [INFO] GET /api/stats/dashboard
2025-06-25T06:14:29.273Z [ERROR] Error getting dashboard: Cannot read properties of undefined (reading 'locationId')
2025-06-25T06:14:29.283Z [INFO] OPTIONS /api/orders
2025-06-25T06:14:29.287Z [INFO] GET /api/orders
2025-06-25T06:14:29.297Z [INFO] OPTIONS /api/stats/system-status
2025-06-25T06:14:29.299Z [INFO] GET /api/stats/system-status
2025-06-25T06:14:29.300Z [ERROR] Error getting system status: Cannot read properties of undefined (reading 'locationId')
2025-06-25T06:14:29.305Z [INFO] OPTIONS /api/notifications/recent
2025-06-25T06:14:29.309Z [INFO] GET /api/notifications/recent
2025-06-25T06:14:29.310Z [ERROR] Error getting recent notifications: Cannot read properties of undefined (reading 'limit')
2025-06-25T06:14:29.315Z [INFO] OPTIONS /api/stats/performance
2025-06-25T06:14:29.319Z [INFO] GET /api/stats/performance
2025-06-25T06:14:29.320Z [ERROR] Error getting performance stats: Cannot read properties of undefined (reading 'locationId')
2025-06-25T06:14:31.126Z [INFO] OPTIONS /api/locations
2025-06-25T06:14:31.128Z [INFO] GET /api/locations
2025-06-25T06:14:31.129Z [INFO] GET /api/locations
2025-06-25T06:14:33.961Z [INFO] GET /api/stats/dashboard
2025-06-25T06:14:33.963Z [ERROR] Error getting dashboard: Cannot read properties of undefined (reading 'locationId')
2025-06-25T06:14:33.973Z [INFO] GET /api/orders
2025-06-25T06:14:33.981Z [INFO] GET /api/stats/system-status
2025-06-25T06:14:33.983Z [ERROR] Error getting system status: Cannot read properties of undefined (reading 'locationId')
2025-06-25T06:14:33.987Z [INFO] GET /api/notifications/recent
2025-06-25T06:14:33.988Z [ERROR] Error getting recent notifications: Cannot read properties of undefined (reading 'limit')
2025-06-25T06:14:33.994Z [INFO] GET /api/stats/performance
2025-06-25T06:14:33.995Z [ERROR] Error getting performance stats: Cannot read properties of undefined (reading 'locationId')
2025-06-25T06:14:36.615Z [INFO] OPTIONS /api/stats/dashboard
2025-06-25T06:14:36.625Z [INFO] OPTIONS /api/orders
2025-06-25T06:14:36.627Z [INFO] GET /api/orders
2025-06-25T06:14:36.632Z [INFO] OPTIONS /api/stats/system-status
2025-06-25T06:14:36.635Z [INFO] GET /api/stats/system-status
2025-06-25T06:14:36.636Z [ERROR] Error getting system status: Cannot read properties of undefined (reading 'locationId')
2025-06-25T06:14:36.640Z [INFO] OPTIONS /api/notifications/recent
2025-06-25T06:14:36.642Z [INFO] GET /api/notifications/recent
2025-06-25T06:14:36.643Z [ERROR] Error getting recent notifications: Cannot read properties of undefined (reading 'limit')
2025-06-25T06:14:36.644Z [INFO] OPTIONS /api/stats/performance
2025-06-25T06:14:36.646Z [INFO] GET /api/stats/performance
2025-06-25T06:14:36.646Z [ERROR] Error getting performance stats: Cannot read properties of undefined (reading 'locationId')
2025-06-25T06:14:39.054Z [INFO] GET /api/stats/system-status
2025-06-25T06:14:39.055Z [ERROR] Error getting system status: Cannot read properties of undefined (reading 'locationId')
2025-06-25T06:14:39.057Z [INFO] GET /api/notifications/recent
2025-06-25T06:14:39.058Z [ERROR] Error getting recent notifications: Cannot read properties of undefined (reading 'limit')
2025-06-25T06:14:39.061Z [INFO] GET /api/stats/performance
2025-06-25T06:14:39.061Z [ERROR] Error getting performance stats: Cannot read properties of undefined (reading 'locationId')
2025-06-25T06:14:39.701Z [INFO] OPTIONS /api/equipment
2025-06-25T06:14:39.705Z [INFO] OPTIONS /api/locations
2025-06-25T06:16:04.975Z [INFO] Connecting to PostgreSQL: postgres@localhost:5432/twproject
2025-06-25T06:16:05.000Z [INFO] AlertService: SMTP client initialized
2025-06-25T06:16:05.009Z [INFO] Minimal server listening on port 8000
2025-06-25T06:16:05.013Z [INFO] Scheduler: Job 'expandRecurrences' added, next run: Wed Jun 25 2025 09:20:00 GMT+0300 (Eastern European Summer Time)
2025-06-25T06:16:05.013Z [INFO] Scheduler: Job 'checkInventory' added, next run: Wed Jun 25 2025 10:00:00 GMT+0300 (Eastern European Summer Time)
2025-06-25T06:16:05.014Z [INFO] Scheduler: Job 'checkEquipmentStatus' added, next run: Wed Jun 25 2025 09:17:05 GMT+0300 (Eastern European Summer Time)
2025-06-25T06:16:05.014Z [INFO] Scheduler: Job 'updateWeatherData' added, next run: Wed Jun 25 2025 09:17:05 GMT+0300 (Eastern European Summer Time)
2025-06-25T06:16:05.014Z [INFO] Scheduler: Job 'generateDailyStats' added, next run: Thu Jun 26 2025 00:00:00 GMT+0300 (Eastern European Summer Time)
2025-06-25T06:16:05.014Z [INFO] Scheduler: Job 'exceptionDetection' added, next run: Wed Jun 25 2025 09:17:05 GMT+0300 (Eastern European Summer Time)
2025-06-25T06:16:05.015Z [INFO] Scheduler: Starting...
2025-06-25T06:16:05.015Z [INFO] Scheduler: Started successfully
2025-06-25T06:16:05.015Z [INFO] Server and scheduler started successfully
2025-06-25T06:16:05.064Z [INFO] PostgreSQL connection successful. Server time: Wed Jun 25 2025 09:16:05 GMT+0300 (Eastern European Summer Time)
2025-06-25T06:16:08.433Z [INFO] OPTIONS /api/auth/login
2025-06-25T06:16:08.435Z [INFO] POST /api/auth/login
2025-06-25T06:16:08.435Z [INFO] POST /api/login or /api/auth/login
2025-06-25T06:16:08.527Z [INFO] AuthService: Successful login for manager@cas.ro
2025-06-25T06:16:08.528Z [INFO] Login: Success for user manager@cas.ro
2025-06-25T06:16:10.082Z [INFO] OPTIONS /api/stats/dashboard
2025-06-25T06:16:10.085Z [INFO] GET /api/stats/dashboard
2025-06-25T06:16:10.087Z [ERROR] Error getting dashboard: Cannot read properties of undefined (reading 'locationId')
2025-06-25T06:16:10.093Z [INFO] OPTIONS /api/orders
2025-06-25T06:16:10.095Z [INFO] GET /api/orders
2025-06-25T06:16:10.110Z [INFO] OPTIONS /api/stats/system-status
2025-06-25T06:16:10.112Z [INFO] GET /api/stats/system-status
2025-06-25T06:16:10.113Z [ERROR] Error getting system status: Cannot read properties of undefined (reading 'locationId')
2025-06-25T06:16:10.116Z [INFO] OPTIONS /api/notifications/recent
2025-06-25T06:16:10.119Z [INFO] GET /api/notifications/recent
2025-06-25T06:16:10.120Z [ERROR] Error getting recent notifications: Cannot read properties of undefined (reading 'limit')
2025-06-25T06:16:10.124Z [INFO] OPTIONS /api/stats/performance
2025-06-25T06:16:10.127Z [INFO] GET /api/stats/performance
2025-06-25T06:16:10.128Z [ERROR] Error getting performance stats: Cannot read properties of undefined (reading 'locationId')
2025-06-25T06:16:12.967Z [INFO] GET /api/orders
2025-06-25T06:16:12.973Z [INFO] GET /api/stats/system-status
2025-06-25T06:16:12.973Z [ERROR] Error getting system status: Cannot read properties of undefined (reading 'locationId')
2025-06-25T06:16:12.978Z [INFO] GET /api/notifications/recent
2025-06-25T06:16:12.979Z [ERROR] Error getting recent notifications: Cannot read properties of undefined (reading 'limit')
2025-06-25T06:16:12.983Z [INFO] GET /api/stats/performance
2025-06-25T06:16:12.984Z [ERROR] Error getting performance stats: Cannot read properties of undefined (reading 'locationId')
2025-06-25T06:16:15.849Z [INFO] OPTIONS /api/orders
2025-06-25T06:16:15.854Z [INFO] OPTIONS /api/customers
2025-06-25T06:16:15.855Z [INFO] GET /api/orders
2025-06-25T06:16:15.857Z [INFO] OPTIONS /api/locations
2025-06-25T06:16:15.858Z [INFO] OPTIONS /api/services
2025-06-25T06:16:15.859Z [INFO] GET /api/customers
2025-06-25T06:16:15.860Z [INFO] GET /api/customers
2025-06-25T06:16:15.863Z [INFO] GET /api/locations
2025-06-25T06:16:15.864Z [INFO] GET /api/locations
2025-06-25T06:16:15.865Z [INFO] GET /api/services
2025-06-25T06:16:15.865Z [INFO] GET /api/services
2025-06-25T06:16:17.561Z [INFO] OPTIONS /api/stats/dashboard
2025-06-25T06:16:17.576Z [INFO] OPTIONS /api/orders
2025-06-25T06:16:17.577Z [INFO] GET /api/orders
2025-06-25T06:16:17.586Z [INFO] OPTIONS /api/stats/system-status
2025-06-25T06:16:17.587Z [INFO] GET /api/stats/system-status
2025-06-25T06:16:17.588Z [ERROR] Error getting system status: Cannot read properties of undefined (reading 'locationId')
2025-06-25T06:16:17.590Z [INFO] OPTIONS /api/notifications/recent
2025-06-25T06:16:17.591Z [INFO] GET /api/notifications/recent
2025-06-25T06:16:17.592Z [ERROR] Error getting recent notifications: Cannot read properties of undefined (reading 'limit')
2025-06-25T06:16:17.594Z [INFO] OPTIONS /api/stats/performance
2025-06-25T06:16:17.596Z [INFO] GET /api/stats/performance
2025-06-25T06:16:17.597Z [ERROR] Error getting performance stats: Cannot read properties of undefined (reading 'locationId')
2025-06-25T06:16:20.092Z [INFO] GET /api/orders
2025-06-25T06:16:20.098Z [INFO] GET /api/stats/system-status
2025-06-25T06:16:20.099Z [ERROR] Error getting system status: Cannot read properties of undefined (reading 'locationId')
2025-06-25T06:16:20.101Z [INFO] GET /api/notifications/recent
2025-06-25T06:16:20.102Z [ERROR] Error getting recent notifications: Cannot read properties of undefined (reading 'limit')
2025-06-25T06:16:20.104Z [INFO] GET /api/stats/performance
2025-06-25T06:16:20.105Z [ERROR] Error getting performance stats: Cannot read properties of undefined (reading 'locationId')
2025-06-25T06:16:54.746Z [INFO] OPTIONS /api/auth/login
2025-06-25T06:16:54.747Z [INFO] POST /api/auth/login
2025-06-25T06:16:54.748Z [INFO] POST /api/login or /api/auth/login
2025-06-25T06:16:54.878Z [INFO] AuthService: Successful login for admin@cas.ro
2025-06-25T06:16:54.879Z [INFO] Login: Success for user admin@cas.ro
2025-06-25T06:16:56.425Z [INFO] OPTIONS /api/stats/dashboard
2025-06-25T06:16:56.426Z [INFO] GET /api/stats/dashboard
2025-06-25T06:16:56.427Z [ERROR] Error getting dashboard: Cannot read properties of undefined (reading 'locationId')
2025-06-25T06:16:56.432Z [INFO] OPTIONS /api/orders
2025-06-25T06:16:56.433Z [INFO] GET /api/orders
2025-06-25T06:16:56.443Z [INFO] OPTIONS /api/stats/system-status
2025-06-25T06:16:56.445Z [INFO] GET /api/stats/system-status
2025-06-25T06:16:56.446Z [ERROR] Error getting system status: Cannot read properties of undefined (reading 'locationId')
2025-06-25T06:16:56.450Z [INFO] OPTIONS /api/notifications/recent
2025-06-25T06:16:56.453Z [INFO] GET /api/notifications/recent
2025-06-25T06:16:56.454Z [ERROR] Error getting recent notifications: Cannot read properties of undefined (reading 'limit')
2025-06-25T06:16:56.458Z [INFO] OPTIONS /api/stats/performance
2025-06-25T06:16:56.461Z [INFO] GET /api/stats/performance
2025-06-25T06:16:56.461Z [ERROR] Error getting performance stats: Cannot read properties of undefined (reading 'locationId')
2025-06-25T06:17:05.017Z [INFO] Scheduler: Running job 'checkEquipmentStatus'
2025-06-25T06:17:05.017Z [INFO] CheckEquipmentStatus: Starting equipment monitoring job
2025-06-25T06:17:05.018Z [INFO] Starting equipment status check...
2025-06-25T06:17:05.020Z [ERROR] SQL error after 2ms: column em.ended_at does not exist
2025-06-25T06:17:05.020Z [ERROR] Failed query: 
            SELECT 
                e.*,
                l.name as location_name,
                MAX(em.ended_at) as last_maintenance
            FROM equipment e
            JOIN locations l ON e.location_id = l.location_id
            LEFT JOIN equipment_maintenance em ON e.equipment_id = em.equipment_id 
                AND em.ended_at IS NOT NULL
            WHERE e.status = 'OPERATIVE'
            GROUP BY e.equipment_id, l.name
            HAVING MAX(em.ended_at) < NOW() - INTERVAL '90 days' OR MAX(em.ended_at) IS NULL
            ORDER BY last_maintenance ASC NULLS FIRST
        
2025-06-25T06:17:05.021Z [ERROR] Error checking equipment status:
2025-06-25T06:17:05.021Z [ERROR] CheckEquipmentStatus: Job failed
2025-06-25T06:17:05.021Z [INFO] Scheduler: Job 'checkEquipmentStatus' completed, next run: Wed Jun 25 2025 09:18:05 GMT+0300 (Eastern European Summer Time)
2025-06-25T06:17:05.021Z [INFO] Scheduler: Running job 'updateWeatherData'
2025-06-25T06:17:05.022Z [INFO] Starting weather data update job...
2025-06-25T06:17:05.022Z [INFO] Starting weather data update for all locations...
2025-06-25T06:17:05.093Z [ERROR] Error updating weather data:
2025-06-25T06:17:05.094Z [ERROR] Weather data update job failed:
2025-06-25T06:17:05.094Z [INFO] Scheduler: Job 'updateWeatherData' completed, next run: Wed Jun 25 2025 09:18:05 GMT+0300 (Eastern European Summer Time)
2025-06-25T06:17:05.095Z [INFO] Scheduler: Running job 'exceptionDetection'
2025-06-25T06:17:05.095Z [INFO] Starting automated exception detection...
2025-06-25T06:17:05.095Z [INFO] Running comprehensive exception detection...
2025-06-25T06:17:05.097Z [ERROR] SQL error after 1ms: column l.id does not exist
2025-06-25T06:17:05.097Z [ERROR] Failed query: 
        SELECT 
          l.id as location_id,
          l.name as location_name,
          COUNT(e.id) as total_employees,
          COUNT(CASE WHEN e.status = 'ACTIVE' THEN 1 END) as active_employees,
          COUNT(CASE WHEN e.status = 'SICK' THEN 1 END) as sick_employees,
          COUNT(CASE WHEN e.status = 'VACATION' THEN 1 END) as vacation_employees
        FROM locations l
        LEFT JOIN employees e ON l.id = e.location_id
       GROUP BY l.id, l.name
2025-06-25T06:17:05.097Z [ERROR] Error detecting staff unavailability: column l.id does not exist
2025-06-25T06:17:05.180Z [ERROR] SQL error after 84ms: column l.id does not exist
2025-06-25T06:17:05.181Z [ERROR] Failed query: 
        SELECT 
          e.id,
          e.name,
          e.type,
          e.status,
          e.location_id,
          l.name as location_name,
          EXTRACT(days FROM (NOW() - e.updated_at)) as days_since_update,
          COUNT(em.id) as recent_maintenance
        FROM equipment e
        JOIN locations l ON e.location_id = l.id
        LEFT JOIN equipment_maintenance em ON e.id = em.equipment_id 
          AND em.created_at >= NOW() - INTERVAL '30 days'
      
        GROUP BY e.id, e.name, e.type, e.status, e.location_id, l.name, e.updated_at
        HAVING e.status = 'OUT_OF_SERVICE' 
          OR EXTRACT(days FROM (NOW() - e.updated_at)) > 7
        ORDER BY days_since_update DESC
      
2025-06-25T06:17:05.182Z [ERROR] Error detecting equipment failures: column l.id does not exist
2025-06-25T06:17:05.185Z [ERROR] SQL error after 89ms: column l.id does not exist
2025-06-25T06:17:05.186Z [ERROR] Failed query: 
        SELECT 
          l.id as location_id,
          l.name as location_name,
          COUNT(e.id) as total_equipment,
          COUNT(CASE WHEN e.status = 'OUT_OF_SERVICE' THEN 1 END) as out_of_service,
          COUNT(CASE WHEN e.updated_at < NOW() - INTERVAL '2 hours' THEN 1 END) as stale_equipment
        FROM locations l
        LEFT JOIN equipment e ON l.id = e.location_id
       GROUP BY l.id, l.name
2025-06-25T06:17:05.186Z [ERROR] Error detecting power outage: column l.id does not exist
2025-06-25T06:17:05.187Z [ERROR] SQL error after 91ms: column o.id does not exist
2025-06-25T06:17:05.187Z [ERROR] Failed query: 
        SELECT 
          t.id,
          t.status,
          t.location_id,
          l.name as location_name,
          o.id as order_id,
          EXTRACT(hours FROM (NOW() - t.created_at)) as hours_since_created,
          EXTRACT(hours FROM (NOW() - t.updated_at)) as hours_since_updated
        FROM transports t
        JOIN orders o ON t.order_id = o.id
        JOIN locations l ON t.location_id = l.id
        WHERE t.status IN ('PENDING', 'IN_PROGRESS')
       ORDER BY t.created_at ASC
2025-06-25T06:17:05.188Z [ERROR] Error detecting transport issues: column o.id does not exist
2025-06-25T06:17:05.188Z [INFO] Exception detection completed: 0 issues found
2025-06-25T06:17:05.188Z [INFO] Exception detection completed: 0 total issues found
2025-06-25T06:17:05.189Z [INFO] - Staff issues: 0
2025-06-25T06:17:05.189Z [INFO] - Power issues: 0
2025-06-25T06:17:05.189Z [INFO] - Equipment issues: 0
2025-06-25T06:17:05.189Z [INFO] - Transport issues: 0
2025-06-25T06:17:05.190Z [INFO] Creating notification: SYSTEM_STATUS_OK - LOW - All systems operational - no critical issues detected
2025-06-25T06:17:05.191Z [INFO] Notification sent via websocket: notif_1750832225190_mdypi0bla
2025-06-25T06:17:05.191Z [INFO] Exception detection completed successfully in 96ms
2025-06-25T06:17:05.192Z [INFO] Scheduler: Job 'exceptionDetection' completed, next run: Wed Jun 25 2025 09:18:05 GMT+0300 (Eastern European Summer Time)
2025-06-25T06:17:55.230Z [INFO] OPTIONS /api/auth/login
2025-06-25T06:17:55.232Z [INFO] POST /api/auth/login
2025-06-25T06:17:55.232Z [INFO] POST /api/login or /api/auth/login
2025-06-25T06:17:55.468Z [INFO] AuthService: Successful login for employee@cas.ro
2025-06-25T06:17:55.469Z [INFO] Login: Success for user employee@cas.ro
2025-06-25T06:17:57.029Z [INFO] OPTIONS /api/stats/dashboard
2025-06-25T06:17:57.032Z [INFO] GET /api/stats/dashboard
2025-06-25T06:17:57.033Z [ERROR] Error getting dashboard: Cannot read properties of undefined (reading 'locationId')
2025-06-25T06:17:57.038Z [INFO] OPTIONS /api/orders
2025-06-25T06:17:57.039Z [INFO] GET /api/orders
2025-06-25T06:17:57.050Z [INFO] OPTIONS /api/stats/system-status
2025-06-25T06:17:57.053Z [INFO] GET /api/stats/system-status
2025-06-25T06:17:57.054Z [ERROR] Error getting system status: Cannot read properties of undefined (reading 'locationId')
2025-06-25T06:17:57.059Z [INFO] OPTIONS /api/notifications/recent
2025-06-25T06:17:57.062Z [INFO] GET /api/notifications/recent
2025-06-25T06:17:57.063Z [ERROR] Error getting recent notifications: Cannot read properties of undefined (reading 'limit')
2025-06-25T06:17:57.067Z [INFO] OPTIONS /api/stats/performance
2025-06-25T06:17:57.068Z [INFO] GET /api/stats/performance
2025-06-25T06:17:57.069Z [ERROR] Error getting performance stats: Cannot read properties of undefined (reading 'locationId')
2025-06-25T06:18:05.024Z [INFO] Scheduler: Running job 'checkEquipmentStatus'
2025-06-25T06:18:05.025Z [INFO] CheckEquipmentStatus: Starting equipment monitoring job
2025-06-25T06:18:05.025Z [INFO] Starting equipment status check...
2025-06-25T06:18:05.027Z [ERROR] SQL error after 2ms: column em.ended_at does not exist
2025-06-25T06:18:05.027Z [ERROR] Failed query: 
            SELECT 
                e.*,
                l.name as location_name,
                MAX(em.ended_at) as last_maintenance
            FROM equipment e
            JOIN locations l ON e.location_id = l.location_id
            LEFT JOIN equipment_maintenance em ON e.equipment_id = em.equipment_id 
                AND em.ended_at IS NOT NULL
            WHERE e.status = 'OPERATIVE'
            GROUP BY e.equipment_id, l.name
            HAVING MAX(em.ended_at) < NOW() - INTERVAL '90 days' OR MAX(em.ended_at) IS NULL
            ORDER BY last_maintenance ASC NULLS FIRST
        
2025-06-25T06:18:05.027Z [ERROR] Error checking equipment status:
2025-06-25T06:18:05.028Z [ERROR] CheckEquipmentStatus: Job failed
2025-06-25T06:18:05.028Z [INFO] Scheduler: Job 'checkEquipmentStatus' completed, next run: Wed Jun 25 2025 09:19:05 GMT+0300 (Eastern European Summer Time)
2025-06-25T06:18:13.785Z [INFO] OPTIONS /api/stats/dashboard
2025-06-25T06:18:13.786Z [INFO] OPTIONS /api/stats/dashboard
2025-06-25T06:18:13.787Z [INFO] OPTIONS /api/stats/dashboard
2025-06-25T06:18:13.788Z [INFO] GET /api/stats/dashboard
2025-06-25T06:18:13.789Z [ERROR] Error getting dashboard: Cannot read properties of undefined (reading 'locationId')
2025-06-25T06:18:13.790Z [INFO] GET /api/stats/dashboard
2025-06-25T06:18:13.791Z [ERROR] Error getting dashboard: Cannot read properties of undefined (reading 'locationId')
2025-06-25T06:18:13.792Z [INFO] GET /api/stats/dashboard
2025-06-25T06:18:13.792Z [ERROR] Error getting dashboard: Cannot read properties of undefined (reading 'locationId')
2025-06-25T06:18:13.799Z [INFO] GET /api/stats/dashboard
2025-06-25T06:18:13.801Z [ERROR] Error getting dashboard: Cannot read properties of undefined (reading 'locationId')
2025-06-25T06:18:13.802Z [INFO] GET /api/stats/dashboard
2025-06-25T06:18:13.803Z [ERROR] Error getting dashboard: Cannot read properties of undefined (reading 'locationId')
2025-06-25T06:18:13.809Z [INFO] OPTIONS /api/orders
2025-06-25T06:18:13.811Z [INFO] OPTIONS /api/orders
2025-06-25T06:18:13.815Z [INFO] GET /api/orders
2025-06-25T06:18:13.819Z [INFO] GET /api/orders
2025-06-25T06:18:13.823Z [INFO] GET /api/stats/dashboard
2025-06-25T06:18:13.824Z [ERROR] Error getting dashboard: Cannot read properties of undefined (reading 'locationId')
2025-06-25T06:18:13.827Z [INFO] OPTIONS /api/locations
2025-06-25T06:18:13.840Z [INFO] GET /api/locations
2025-06-25T06:18:13.840Z [INFO] GET /api/locations
2025-06-25T06:18:13.929Z [INFO] GET /api/orders
2025-06-25T06:18:13.933Z [INFO] GET /api/orders
2025-06-25T06:18:13.937Z [INFO] GET /api/orders
2025-06-25T06:18:13.938Z [INFO] OPTIONS /api/stats/system-status
2025-06-25T06:18:13.939Z [INFO] OPTIONS /api/stats/system-status
2025-06-25T06:18:13.940Z [INFO] OPTIONS /api/stats/system-status
2025-06-25T06:18:13.941Z [INFO] GET /api/stats/system-status
2025-06-25T06:18:13.942Z [ERROR] Error getting system status: Cannot read properties of undefined (reading 'locationId')
2025-06-25T06:18:13.943Z [INFO] GET /api/stats/system-status
2025-06-25T06:18:13.944Z [ERROR] Error getting system status: Cannot read properties of undefined (reading 'locationId')
2025-06-25T06:18:13.945Z [INFO] GET /api/stats/system-status
2025-06-25T06:18:13.945Z [ERROR] Error getting system status: Cannot read properties of undefined (reading 'locationId')
2025-06-25T06:18:13.946Z [INFO] OPTIONS /api/notifications/recent
2025-06-25T06:18:13.947Z [INFO] GET /api/orders
2025-06-25T06:18:13.947Z [INFO] OPTIONS /api/notifications/recent
2025-06-25T06:18:13.948Z [INFO] GET /api/stats/system-status
2025-06-25T06:18:13.949Z [ERROR] Error getting system status: Cannot read properties of undefined (reading 'locationId')
2025-06-25T06:18:13.949Z [INFO] GET /api/stats/system-status
2025-06-25T06:18:13.950Z [ERROR] Error getting system status: Cannot read properties of undefined (reading 'locationId')
2025-06-25T06:18:13.950Z [INFO] GET /api/notifications/recent
2025-06-25T06:18:13.951Z [ERROR] Error getting recent notifications: Cannot read properties of undefined (reading 'limit')
2025-06-25T06:18:13.951Z [INFO] OPTIONS /api/notifications/recent
2025-06-25T06:18:13.952Z [INFO] GET /api/notifications/recent
2025-06-25T06:18:13.953Z [ERROR] Error getting recent notifications: Cannot read properties of undefined (reading 'limit')
2025-06-25T06:18:13.954Z [INFO] GET /api/notifications/recent
2025-06-25T06:18:13.955Z [ERROR] Error getting recent notifications: Cannot read properties of undefined (reading 'limit')
2025-06-25T06:18:13.956Z [INFO] OPTIONS /api/stats/performance
2025-06-25T06:18:13.957Z [INFO] GET /api/notifications/recent
2025-06-25T06:18:13.958Z [ERROR] Error getting recent notifications: Cannot read properties of undefined (reading 'limit')
2025-06-25T06:18:13.959Z [INFO] GET /api/stats/system-status
2025-06-25T06:18:13.960Z [ERROR] Error getting system status: Cannot read properties of undefined (reading 'locationId')
2025-06-25T06:18:13.961Z [INFO] OPTIONS /api/stats/performance
2025-06-25T06:18:13.962Z [INFO] GET /api/stats/performance
2025-06-25T06:18:13.963Z [ERROR] Error getting performance stats: Cannot read properties of undefined (reading 'locationId')
2025-06-25T06:18:13.964Z [INFO] GET /api/notifications/recent
2025-06-25T06:18:13.965Z [ERROR] Error getting recent notifications: Cannot read properties of undefined (reading 'limit')
2025-06-25T06:18:13.966Z [INFO] OPTIONS /api/stats/performance
2025-06-25T06:18:13.967Z [INFO] GET /api/stats/performance
2025-06-25T06:18:13.967Z [ERROR] Error getting performance stats: Cannot read properties of undefined (reading 'locationId')
2025-06-25T06:18:13.968Z [INFO] GET /api/stats/performance
2025-06-25T06:18:13.968Z [ERROR] Error getting performance stats: Cannot read properties of undefined (reading 'locationId')
2025-06-25T06:18:13.969Z [INFO] GET /api/notifications/recent
2025-06-25T06:18:13.969Z [ERROR] Error getting recent notifications: Cannot read properties of undefined (reading 'limit')
2025-06-25T06:18:13.970Z [INFO] GET /api/stats/performance
2025-06-25T06:18:13.970Z [ERROR] Error getting performance stats: Cannot read properties of undefined (reading 'locationId')
2025-06-25T06:18:13.972Z [INFO] GET /api/stats/performance
2025-06-25T06:18:13.972Z [ERROR] Error getting performance stats: Cannot read properties of undefined (reading 'locationId')
2025-06-25T06:18:13.973Z [INFO] GET /api/stats/performance
2025-06-25T06:18:13.973Z [ERROR] Error getting performance stats: Cannot read properties of undefined (reading 'locationId')
2025-06-25T06:18:14.367Z [INFO] GET /api/stats/dashboard
2025-06-25T06:18:14.368Z [ERROR] Error getting dashboard: Cannot read properties of undefined (reading 'locationId')
2025-06-25T06:18:14.387Z [INFO] GET /api/stats/dashboard
2025-06-25T06:18:14.388Z [ERROR] Error getting dashboard: Cannot read properties of undefined (reading 'locationId')
2025-06-25T06:18:14.391Z [INFO] GET /api/orders
2025-06-25T06:18:14.401Z [INFO] GET /api/locations
2025-06-25T06:18:14.402Z [INFO] GET /api/locations
2025-06-25T06:18:14.403Z [INFO] GET /api/stats/dashboard
2025-06-25T06:18:14.404Z [ERROR] Error getting dashboard: Cannot read properties of undefined (reading 'locationId')
2025-06-25T06:18:14.404Z [INFO] GET /api/stats/dashboard
2025-06-25T06:18:14.405Z [ERROR] Error getting dashboard: Cannot read properties of undefined (reading 'locationId')
2025-06-25T06:18:14.407Z [INFO] GET /api/stats/dashboard
2025-06-25T06:18:14.408Z [ERROR] Error getting dashboard: Cannot read properties of undefined (reading 'locationId')
2025-06-25T06:18:14.408Z [INFO] GET /api/orders
2025-06-25T06:18:14.421Z [INFO] GET /api/stats/system-status
2025-06-25T06:18:14.422Z [ERROR] Error getting system status: Cannot read properties of undefined (reading 'locationId')
2025-06-25T06:18:14.424Z [INFO] GET /api/orders
2025-06-25T06:18:14.424Z [INFO] GET /api/orders
2025-06-25T06:18:14.425Z [INFO] GET /api/stats/dashboard
2025-06-25T06:18:14.426Z [ERROR] Error getting dashboard: Cannot read properties of undefined (reading 'locationId')
2025-06-25T06:18:14.428Z [INFO] GET /api/stats/system-status
2025-06-25T06:18:14.429Z [ERROR] Error getting system status: Cannot read properties of undefined (reading 'locationId')
2025-06-25T06:18:14.433Z [INFO] GET /api/notifications/recent
2025-06-25T06:18:14.435Z [ERROR] Error getting recent notifications: Cannot read properties of undefined (reading 'limit')
2025-06-25T06:18:14.436Z [INFO] GET /api/orders
2025-06-25T06:18:14.438Z [INFO] GET /api/stats/system-status
2025-06-25T06:18:14.439Z [ERROR] Error getting system status: Cannot read properties of undefined (reading 'locationId')
2025-06-25T06:18:14.440Z [INFO] GET /api/notifications/recent
2025-06-25T06:18:14.441Z [ERROR] Error getting recent notifications: Cannot read properties of undefined (reading 'limit')
2025-06-25T06:18:14.443Z [INFO] GET /api/stats/system-status
2025-06-25T06:18:14.445Z [ERROR] Error getting system status: Cannot read properties of undefined (reading 'locationId')
2025-06-25T06:18:14.446Z [INFO] GET /api/stats/performance
2025-06-25T06:18:14.449Z [ERROR] Error getting performance stats: Cannot read properties of undefined (reading 'locationId')
2025-06-25T06:18:14.451Z [INFO] GET /api/notifications/recent
2025-06-25T06:18:14.451Z [ERROR] Error getting recent notifications: Cannot read properties of undefined (reading 'limit')
2025-06-25T06:18:14.453Z [INFO] GET /api/orders
2025-06-25T06:18:14.454Z [INFO] GET /api/stats/system-status
2025-06-25T06:18:14.454Z [ERROR] Error getting system status: Cannot read properties of undefined (reading 'locationId')
2025-06-25T06:18:14.455Z [INFO] GET /api/notifications/recent
2025-06-25T06:18:14.456Z [ERROR] Error getting recent notifications: Cannot read properties of undefined (reading 'limit')
2025-06-25T06:18:14.456Z [INFO] GET /api/stats/performance
2025-06-25T06:18:14.457Z [ERROR] Error getting performance stats: Cannot read properties of undefined (reading 'locationId')
2025-06-25T06:18:14.458Z [INFO] GET /api/notifications/recent
2025-06-25T06:18:14.458Z [ERROR] Error getting recent notifications: Cannot read properties of undefined (reading 'limit')
2025-06-25T06:18:14.459Z [INFO] GET /api/stats/performance
2025-06-25T06:18:14.459Z [ERROR] Error getting performance stats: Cannot read properties of undefined (reading 'locationId')
2025-06-25T06:18:14.461Z [INFO] GET /api/stats/performance
2025-06-25T06:18:14.462Z [ERROR] Error getting performance stats: Cannot read properties of undefined (reading 'locationId')
2025-06-25T06:18:14.463Z [INFO] GET /api/stats/system-status
2025-06-25T06:18:14.464Z [ERROR] Error getting system status: Cannot read properties of undefined (reading 'locationId')
2025-06-25T06:18:14.464Z [INFO] GET /api/stats/performance
2025-06-25T06:18:14.465Z [ERROR] Error getting performance stats: Cannot read properties of undefined (reading 'locationId')
2025-06-25T06:18:14.467Z [INFO] GET /api/notifications/recent
2025-06-25T06:18:14.469Z [ERROR] Error getting recent notifications: Cannot read properties of undefined (reading 'limit')
2025-06-25T06:18:14.472Z [INFO] GET /api/stats/performance
2025-06-25T06:18:14.472Z [ERROR] Error getting performance stats: Cannot read properties of undefined (reading 'locationId')
2025-06-25T06:18:32.158Z [INFO] OPTIONS /api/auth/login
2025-06-25T06:18:32.160Z [INFO] POST /api/auth/login
2025-06-25T06:18:32.160Z [INFO] POST /api/login or /api/auth/login
2025-06-25T06:18:32.339Z [INFO] AuthService: Successful login for client@cas.ro
2025-06-25T06:18:32.340Z [INFO] Login: Success for user client@cas.ro
2025-06-25T06:18:33.894Z [INFO] OPTIONS /api/stats/dashboard
2025-06-25T06:18:33.895Z [INFO] GET /api/stats/dashboard
2025-06-25T06:18:33.896Z [ERROR] Error getting dashboard: Cannot read properties of undefined (reading 'locationId')
2025-06-25T06:18:33.900Z [INFO] OPTIONS /api/orders
2025-06-25T06:18:33.901Z [INFO] GET /api/orders
2025-06-25T06:18:33.905Z [INFO] OPTIONS /api/stats/system-status
2025-06-25T06:18:33.909Z [INFO] GET /api/stats/system-status
2025-06-25T06:18:33.910Z [ERROR] Error getting system status: Cannot read properties of undefined (reading 'locationId')
2025-06-25T06:18:33.914Z [INFO] OPTIONS /api/notifications/recent
2025-06-25T06:18:33.917Z [INFO] GET /api/notifications/recent
2025-06-25T06:18:33.917Z [ERROR] Error getting recent notifications: Cannot read properties of undefined (reading 'limit')
2025-06-25T06:18:33.920Z [INFO] OPTIONS /api/stats/performance
2025-06-25T06:18:33.921Z [INFO] GET /api/stats/performance
2025-06-25T06:18:33.922Z [ERROR] Error getting performance stats: Cannot read properties of undefined (reading 'locationId')
2025-06-25T06:19:05.035Z [INFO] Scheduler: Running job 'checkEquipmentStatus'
2025-06-25T06:19:05.036Z [INFO] CheckEquipmentStatus: Starting equipment monitoring job
2025-06-25T06:19:05.037Z [INFO] Starting equipment status check...
2025-06-25T06:19:05.087Z [ERROR] SQL error after 48ms: column em.ended_at does not exist
2025-06-25T06:19:05.087Z [ERROR] Failed query: 
            SELECT 
                e.*,
                l.name as location_name,
                MAX(em.ended_at) as last_maintenance
            FROM equipment e
            JOIN locations l ON e.location_id = l.location_id
            LEFT JOIN equipment_maintenance em ON e.equipment_id = em.equipment_id 
                AND em.ended_at IS NOT NULL
            WHERE e.status = 'OPERATIVE'
            GROUP BY e.equipment_id, l.name
            HAVING MAX(em.ended_at) < NOW() - INTERVAL '90 days' OR MAX(em.ended_at) IS NULL
            ORDER BY last_maintenance ASC NULLS FIRST
        
2025-06-25T06:19:05.087Z [ERROR] Error checking equipment status:
2025-06-25T06:19:05.088Z [ERROR] CheckEquipmentStatus: Job failed
2025-06-25T06:19:05.088Z [INFO] Scheduler: Job 'checkEquipmentStatus' completed, next run: Wed Jun 25 2025 09:20:05 GMT+0300 (Eastern European Summer Time)
2025-06-25T06:19:05.088Z [INFO] Scheduler: Running job 'updateWeatherData'
2025-06-25T06:19:05.088Z [INFO] Starting weather data update job...
2025-06-25T06:19:05.089Z [INFO] Starting weather data update for all locations...
2025-06-25T06:19:05.134Z [ERROR] Error updating weather data:
2025-06-25T06:19:05.135Z [ERROR] Weather data update job failed:
2025-06-25T06:19:05.135Z [INFO] Scheduler: Job 'updateWeatherData' completed, next run: Wed Jun 25 2025 09:20:05 GMT+0300 (Eastern European Summer Time)
2025-06-25T06:19:05.135Z [INFO] Scheduler: Running job 'exceptionDetection'
2025-06-25T06:19:05.135Z [INFO] Starting automated exception detection...
2025-06-25T06:19:05.136Z [INFO] Running comprehensive exception detection...
2025-06-25T06:19:05.137Z [ERROR] SQL error after 1ms: column l.id does not exist
2025-06-25T06:19:05.137Z [ERROR] Failed query: 
        SELECT 
          l.id as location_id,
          l.name as location_name,
          COUNT(e.id) as total_employees,
          COUNT(CASE WHEN e.status = 'ACTIVE' THEN 1 END) as active_employees,
          COUNT(CASE WHEN e.status = 'SICK' THEN 1 END) as sick_employees,
          COUNT(CASE WHEN e.status = 'VACATION' THEN 1 END) as vacation_employees
        FROM locations l
        LEFT JOIN employees e ON l.id = e.location_id
       GROUP BY l.id, l.name
2025-06-25T06:19:05.138Z [ERROR] Error detecting staff unavailability: column l.id does not exist
2025-06-25T06:19:05.197Z [ERROR] SQL error after 61ms: column o.id does not exist
2025-06-25T06:19:05.197Z [ERROR] Failed query: 
        SELECT 
          t.id,
          t.status,
          t.location_id,
          l.name as location_name,
          o.id as order_id,
          EXTRACT(hours FROM (NOW() - t.created_at)) as hours_since_created,
          EXTRACT(hours FROM (NOW() - t.updated_at)) as hours_since_updated
        FROM transports t
        JOIN orders o ON t.order_id = o.id
        JOIN locations l ON t.location_id = l.id
        WHERE t.status IN ('PENDING', 'IN_PROGRESS')
       ORDER BY t.created_at ASC
2025-06-25T06:19:05.198Z [ERROR] Error detecting transport issues: column o.id does not exist
2025-06-25T06:19:05.200Z [ERROR] SQL error after 64ms: column l.id does not exist
2025-06-25T06:19:05.200Z [ERROR] Failed query: 
        SELECT 
          e.id,
          e.name,
          e.type,
          e.status,
          e.location_id,
          l.name as location_name,
          EXTRACT(days FROM (NOW() - e.updated_at)) as days_since_update,
          COUNT(em.id) as recent_maintenance
        FROM equipment e
        JOIN locations l ON e.location_id = l.id
        LEFT JOIN equipment_maintenance em ON e.id = em.equipment_id 
          AND em.created_at >= NOW() - INTERVAL '30 days'
      
        GROUP BY e.id, e.name, e.type, e.status, e.location_id, l.name, e.updated_at
        HAVING e.status = 'OUT_OF_SERVICE' 
          OR EXTRACT(days FROM (NOW() - e.updated_at)) > 7
        ORDER BY days_since_update DESC
      
2025-06-25T06:19:05.200Z [ERROR] Error detecting equipment failures: column l.id does not exist
2025-06-25T06:19:05.281Z [ERROR] SQL error after 145ms: column l.id does not exist
2025-06-25T06:19:05.282Z [ERROR] Failed query: 
        SELECT 
          l.id as location_id,
          l.name as location_name,
          COUNT(e.id) as total_equipment,
          COUNT(CASE WHEN e.status = 'OUT_OF_SERVICE' THEN 1 END) as out_of_service,
          COUNT(CASE WHEN e.updated_at < NOW() - INTERVAL '2 hours' THEN 1 END) as stale_equipment
        FROM locations l
        LEFT JOIN equipment e ON l.id = e.location_id
       GROUP BY l.id, l.name
2025-06-25T06:19:05.282Z [ERROR] Error detecting power outage: column l.id does not exist
2025-06-25T06:19:05.282Z [INFO] Exception detection completed: 0 issues found
2025-06-25T06:19:05.283Z [INFO] Exception detection completed: 0 total issues found
2025-06-25T06:19:05.283Z [INFO] - Staff issues: 0
2025-06-25T06:19:05.283Z [INFO] - Power issues: 0
2025-06-25T06:19:05.283Z [INFO] - Equipment issues: 0
2025-06-25T06:19:05.283Z [INFO] - Transport issues: 0
2025-06-25T06:19:05.284Z [INFO] Creating notification: SYSTEM_STATUS_OK - LOW - All systems operational - no critical issues detected
2025-06-25T06:19:05.284Z [INFO] Notification sent via websocket: notif_1750832345284_odh9qkq26
2025-06-25T06:19:05.284Z [INFO] Exception detection completed successfully in 149ms
2025-06-25T06:19:05.284Z [INFO] Scheduler: Job 'exceptionDetection' completed, next run: Wed Jun 25 2025 09:20:05 GMT+0300 (Eastern European Summer Time)
2025-06-25T06:20:05.036Z [INFO] Scheduler: Running job 'expandRecurrences'
2025-06-25T06:20:05.037Z [INFO] ExpandRecurrences: Starting job
2025-06-25T06:20:05.078Z [INFO] ExpandRecurrences: Job completed, created 0 new recurring orders
2025-06-25T06:20:05.079Z [INFO] Scheduler: Job 'expandRecurrences' completed, next run: Wed Jun 25 2025 09:20:00 GMT+0300 (Eastern European Summer Time)
2025-06-25T06:20:25.258Z [INFO] OPTIONS /api/stats/dashboard
2025-06-25T06:20:25.265Z [INFO] OPTIONS /api/stats/dashboard
2025-06-25T06:20:25.266Z [INFO] OPTIONS /api/stats/dashboard
2025-06-25T06:20:25.267Z [INFO] OPTIONS /api/stats/dashboard
2025-06-25T06:20:25.268Z [INFO] GET /api/stats/dashboard
2025-06-25T06:20:25.268Z [ERROR] Error getting dashboard: Cannot read properties of undefined (reading 'locationId')
2025-06-25T06:20:25.276Z [INFO] GET /api/stats/dashboard
2025-06-25T06:20:25.276Z [ERROR] Error getting dashboard: Cannot read properties of undefined (reading 'locationId')
2025-06-25T06:20:25.277Z [INFO] GET /api/stats/dashboard
2025-06-25T06:20:25.277Z [ERROR] Error getting dashboard: Cannot read properties of undefined (reading 'locationId')
2025-06-25T06:20:25.279Z [INFO] GET /api/stats/dashboard
2025-06-25T06:20:25.279Z [ERROR] Error getting dashboard: Cannot read properties of undefined (reading 'locationId')
2025-06-25T06:20:25.282Z [INFO] GET /api/stats/dashboard
2025-06-25T06:20:25.283Z [ERROR] Error getting dashboard: Cannot read properties of undefined (reading 'locationId')
2025-06-25T06:20:25.283Z [INFO] OPTIONS /api/locations
2025-06-25T06:20:25.294Z [INFO] OPTIONS /api/orders
2025-06-25T06:20:25.295Z [INFO] GET /api/locations
2025-06-25T06:20:25.296Z [INFO] GET /api/locations
2025-06-25T06:20:25.298Z [INFO] OPTIONS /api/orders
2025-06-25T06:20:25.299Z [INFO] OPTIONS /api/orders
2025-06-25T06:20:25.300Z [INFO] GET /api/orders
2025-06-25T06:20:25.303Z [INFO] OPTIONS /api/orders
2025-06-25T06:20:25.309Z [INFO] GET /api/stats/dashboard
2025-06-25T06:20:25.310Z [ERROR] Error getting dashboard: Cannot read properties of undefined (reading 'locationId')
2025-06-25T06:20:25.311Z [INFO] GET /api/orders
2025-06-25T06:20:25.312Z [INFO] GET /api/orders
2025-06-25T06:20:25.315Z [INFO] GET /api/orders
2025-06-25T06:20:25.316Z [INFO] OPTIONS /api/stats/system-status
2025-06-25T06:20:25.318Z [INFO] OPTIONS /api/stats/system-status
2025-06-25T06:20:25.319Z [INFO] GET /api/stats/system-status
2025-06-25T06:20:25.320Z [ERROR] Error getting system status: Cannot read properties of undefined (reading 'locationId')
2025-06-25T06:20:25.321Z [INFO] GET /api/orders
2025-06-25T06:20:25.324Z [INFO] GET /api/stats/system-status
2025-06-25T06:20:25.327Z [ERROR] Error getting system status: Cannot read properties of undefined (reading 'locationId')
2025-06-25T06:20:25.328Z [INFO] OPTIONS /api/notifications/recent
2025-06-25T06:20:25.331Z [INFO] GET /api/stats/system-status
2025-06-25T06:20:25.332Z [ERROR] Error getting system status: Cannot read properties of undefined (reading 'locationId')
2025-06-25T06:20:25.334Z [INFO] GET /api/notifications/recent
2025-06-25T06:20:25.334Z [ERROR] Error getting recent notifications: Cannot read properties of undefined (reading 'limit')
2025-06-25T06:20:25.336Z [INFO] OPTIONS /api/notifications/recent
2025-06-25T06:20:25.340Z [INFO] GET /api/stats/system-status
2025-06-25T06:20:25.341Z [ERROR] Error getting system status: Cannot read properties of undefined (reading 'locationId')
2025-06-25T06:20:25.342Z [INFO] GET /api/notifications/recent
2025-06-25T06:20:25.342Z [ERROR] Error getting recent notifications: Cannot read properties of undefined (reading 'limit')
2025-06-25T06:20:25.344Z [INFO] OPTIONS /api/stats/performance
2025-06-25T06:20:25.345Z [INFO] GET /api/notifications/recent
2025-06-25T06:20:25.346Z [ERROR] Error getting recent notifications: Cannot read properties of undefined (reading 'limit')
2025-06-25T06:20:25.347Z [INFO] GET /api/stats/performance
2025-06-25T06:20:25.347Z [ERROR] Error getting performance stats: Cannot read properties of undefined (reading 'locationId')
2025-06-25T06:20:25.348Z [INFO] OPTIONS /api/stats/performance
2025-06-25T06:20:25.349Z [INFO] GET /api/notifications/recent
2025-06-25T06:20:25.349Z [ERROR] Error getting recent notifications: Cannot read properties of undefined (reading 'limit')
2025-06-25T06:20:25.350Z [INFO] GET /api/stats/performance
2025-06-25T06:20:25.350Z [ERROR] Error getting performance stats: Cannot read properties of undefined (reading 'locationId')
2025-06-25T06:20:25.354Z [INFO] GET /api/stats/performance
2025-06-25T06:20:25.355Z [ERROR] Error getting performance stats: Cannot read properties of undefined (reading 'locationId')
2025-06-25T06:20:25.358Z [INFO] GET /api/stats/performance
2025-06-25T06:20:25.359Z [ERROR] Error getting performance stats: Cannot read properties of undefined (reading 'locationId')
2025-06-25T06:20:25.381Z [INFO] GET /api/orders
2025-06-25T06:20:25.383Z [INFO] GET /api/stats/system-status
2025-06-25T06:20:25.383Z [ERROR] Error getting system status: Cannot read properties of undefined (reading 'locationId')
2025-06-25T06:20:25.385Z [INFO] GET /api/stats/system-status
2025-06-25T06:20:25.386Z [ERROR] Error getting system status: Cannot read properties of undefined (reading 'locationId')
2025-06-25T06:20:25.387Z [INFO] GET /api/notifications/recent
2025-06-25T06:20:25.388Z [ERROR] Error getting recent notifications: Cannot read properties of undefined (reading 'limit')
2025-06-25T06:20:25.390Z [INFO] GET /api/notifications/recent
2025-06-25T06:20:25.391Z [ERROR] Error getting recent notifications: Cannot read properties of undefined (reading 'limit')
2025-06-25T06:20:25.391Z [INFO] GET /api/stats/performance
2025-06-25T06:20:25.392Z [ERROR] Error getting performance stats: Cannot read properties of undefined (reading 'locationId')
2025-06-25T06:20:25.394Z [INFO] GET /api/stats/performance
2025-06-25T06:20:25.394Z [ERROR] Error getting performance stats: Cannot read properties of undefined (reading 'locationId')
2025-06-25T06:20:39.239Z [INFO] OPTIONS /api/stats/dashboard
2025-06-25T06:20:39.240Z [INFO] OPTIONS /api/stats/dashboard
2025-06-25T06:20:39.245Z [INFO] GET /api/stats/dashboard
2025-06-25T06:20:39.245Z [ERROR] Error getting dashboard: Cannot read properties of undefined (reading 'locationId')
2025-06-25T06:20:39.247Z [INFO] GET /api/stats/dashboard
2025-06-25T06:20:39.249Z [ERROR] Error getting dashboard: Cannot read properties of undefined (reading 'locationId')
2025-06-25T06:20:39.251Z [INFO] GET /api/stats/dashboard
2025-06-25T06:20:39.252Z [ERROR] Error getting dashboard: Cannot read properties of undefined (reading 'locationId')
2025-06-25T06:20:39.256Z [INFO] OPTIONS /api/locations
2025-06-25T06:20:39.259Z [INFO] GET /api/locations
2025-06-25T06:20:39.259Z [INFO] GET /api/locations
2025-06-25T06:20:39.271Z [INFO] OPTIONS /api/orders
2025-06-25T06:20:39.272Z [INFO] OPTIONS /api/orders
2025-06-25T06:20:39.273Z [INFO] OPTIONS /api/orders
2025-06-25T06:20:39.275Z [INFO] GET /api/stats/dashboard
2025-06-25T06:20:39.276Z [ERROR] Error getting dashboard: Cannot read properties of undefined (reading 'locationId')
2025-06-25T06:20:39.276Z [INFO] GET /api/orders
2025-06-25T06:20:39.277Z [INFO] GET /api/stats/dashboard
2025-06-25T06:20:39.278Z [ERROR] Error getting dashboard: Cannot read properties of undefined (reading 'locationId')
2025-06-25T06:20:39.279Z [INFO] GET /api/orders
2025-06-25T06:20:39.286Z [INFO] GET /api/stats/dashboard
2025-06-25T06:20:39.287Z [ERROR] Error getting dashboard: Cannot read properties of undefined (reading 'locationId')
2025-06-25T06:20:39.288Z [INFO] GET /api/orders
2025-06-25T06:20:39.295Z [INFO] GET /api/orders
2025-06-25T06:20:39.296Z [INFO] GET /api/orders
2025-06-25T06:20:39.297Z [INFO] OPTIONS /api/stats/system-status
2025-06-25T06:20:39.300Z [INFO] OPTIONS /api/stats/system-status
2025-06-25T06:20:39.303Z [INFO] OPTIONS /api/stats/system-status
2025-06-25T06:20:39.305Z [INFO] GET /api/stats/system-status
2025-06-25T06:20:39.305Z [ERROR] Error getting system status: Cannot read properties of undefined (reading 'locationId')
2025-06-25T06:20:39.306Z [INFO] GET /api/orders
2025-06-25T06:20:39.306Z [INFO] GET /api/stats/system-status
2025-06-25T06:20:39.307Z [ERROR] Error getting system status: Cannot read properties of undefined (reading 'locationId')
2025-06-25T06:20:39.307Z [INFO] GET /api/stats/system-status
2025-06-25T06:20:39.308Z [ERROR] Error getting system status: Cannot read properties of undefined (reading 'locationId')
2025-06-25T06:20:39.309Z [INFO] GET /api/stats/system-status
2025-06-25T06:20:39.309Z [ERROR] Error getting system status: Cannot read properties of undefined (reading 'locationId')
2025-06-25T06:20:39.310Z [INFO] OPTIONS /api/notifications/recent
2025-06-25T06:20:39.311Z [INFO] OPTIONS /api/notifications/recent
2025-06-25T06:20:39.311Z [INFO] OPTIONS /api/notifications/recent
2025-06-25T06:20:39.312Z [INFO] GET /api/stats/system-status
2025-06-25T06:20:39.312Z [ERROR] Error getting system status: Cannot read properties of undefined (reading 'locationId')
2025-06-25T06:20:39.313Z [INFO] GET /api/notifications/recent
2025-06-25T06:20:39.313Z [ERROR] Error getting recent notifications: Cannot read properties of undefined (reading 'limit')
2025-06-25T06:20:39.313Z [INFO] GET /api/notifications/recent
2025-06-25T06:20:39.314Z [ERROR] Error getting recent notifications: Cannot read properties of undefined (reading 'limit')
2025-06-25T06:20:39.315Z [INFO] GET /api/notifications/recent
2025-06-25T06:20:39.316Z [ERROR] Error getting recent notifications: Cannot read properties of undefined (reading 'limit')
2025-06-25T06:20:39.317Z [INFO] GET /api/stats/system-status
2025-06-25T06:20:39.318Z [ERROR] Error getting system status: Cannot read properties of undefined (reading 'locationId')
2025-06-25T06:20:39.320Z [INFO] GET /api/notifications/recent
2025-06-25T06:20:39.320Z [ERROR] Error getting recent notifications: Cannot read properties of undefined (reading 'limit')
2025-06-25T06:20:39.321Z [INFO] OPTIONS /api/stats/performance
2025-06-25T06:20:39.322Z [INFO] GET /api/notifications/recent
2025-06-25T06:20:39.322Z [ERROR] Error getting recent notifications: Cannot read properties of undefined (reading 'limit')
2025-06-25T06:20:39.323Z [INFO] OPTIONS /api/stats/performance
2025-06-25T06:20:39.323Z [INFO] GET /api/stats/performance
2025-06-25T06:20:39.324Z [ERROR] Error getting performance stats: Cannot read properties of undefined (reading 'locationId')
2025-06-25T06:20:39.325Z [INFO] GET /api/notifications/recent
2025-06-25T06:20:39.326Z [ERROR] Error getting recent notifications: Cannot read properties of undefined (reading 'limit')
2025-06-25T06:20:39.327Z [INFO] GET /api/stats/performance
2025-06-25T06:20:39.327Z [ERROR] Error getting performance stats: Cannot read properties of undefined (reading 'locationId')
2025-06-25T06:20:39.328Z [INFO] GET /api/stats/performance
2025-06-25T06:20:39.329Z [ERROR] Error getting performance stats: Cannot read properties of undefined (reading 'locationId')
2025-06-25T06:20:39.330Z [INFO] GET /api/stats/performance
2025-06-25T06:20:39.331Z [ERROR] Error getting performance stats: Cannot read properties of undefined (reading 'locationId')
2025-06-25T06:20:39.333Z [INFO] GET /api/stats/performance
2025-06-25T06:20:39.334Z [ERROR] Error getting performance stats: Cannot read properties of undefined (reading 'locationId')
2025-06-25T06:20:39.336Z [INFO] GET /api/stats/performance
2025-06-25T06:20:39.337Z [ERROR] Error getting performance stats: Cannot read properties of undefined (reading 'locationId')
2025-06-25T06:20:44.175Z [INFO] GET /api/stats/dashboard
2025-06-25T06:20:44.175Z [ERROR] Error getting dashboard: Cannot read properties of undefined (reading 'locationId')
2025-06-25T06:20:44.190Z [INFO] GET /api/stats/dashboard
2025-06-25T06:20:44.191Z [ERROR] Error getting dashboard: Cannot read properties of undefined (reading 'locationId')
2025-06-25T06:20:44.191Z [INFO] GET /api/stats/dashboard
2025-06-25T06:20:44.192Z [ERROR] Error getting dashboard: Cannot read properties of undefined (reading 'locationId')
2025-06-25T06:20:44.200Z [INFO] GET /api/stats/dashboard
2025-06-25T06:20:44.201Z [ERROR] Error getting dashboard: Cannot read properties of undefined (reading 'locationId')
2025-06-25T06:20:44.206Z [INFO] GET /api/orders
2025-06-25T06:20:44.209Z [INFO] GET /api/stats/dashboard
2025-06-25T06:20:44.210Z [ERROR] Error getting dashboard: Cannot read properties of undefined (reading 'locationId')
2025-06-25T06:20:44.211Z [INFO] GET /api/locations
2025-06-25T06:20:44.211Z [INFO] GET /api/locations
2025-06-25T06:20:44.219Z [INFO] GET /api/orders
2025-06-25T06:20:44.223Z [INFO] GET /api/orders
2025-06-25T06:20:44.226Z [INFO] GET /api/orders
2025-06-25T06:20:44.227Z [INFO] GET /api/stats/dashboard
2025-06-25T06:20:44.228Z [ERROR] Error getting dashboard: Cannot read properties of undefined (reading 'locationId')
2025-06-25T06:20:44.232Z [INFO] GET /api/stats/system-status
2025-06-25T06:20:44.232Z [ERROR] Error getting system status: Cannot read properties of undefined (reading 'locationId')
2025-06-25T06:20:44.238Z [INFO] GET /api/orders
2025-06-25T06:20:44.245Z [INFO] GET /api/stats/system-status
2025-06-25T06:20:44.246Z [ERROR] Error getting system status: Cannot read properties of undefined (reading 'locationId')
2025-06-25T06:20:44.247Z [INFO] GET /api/stats/system-status
2025-06-25T06:20:44.247Z [ERROR] Error getting system status: Cannot read properties of undefined (reading 'locationId')
2025-06-25T06:20:44.249Z [INFO] GET /api/stats/system-status
2025-06-25T06:20:44.250Z [ERROR] Error getting system status: Cannot read properties of undefined (reading 'locationId')
2025-06-25T06:20:44.256Z [INFO] GET /api/notifications/recent
2025-06-25T06:20:44.257Z [ERROR] Error getting recent notifications: Cannot read properties of undefined (reading 'limit')
2025-06-25T06:20:44.258Z [INFO] GET /api/orders
2025-06-25T06:20:44.258Z [INFO] GET /api/stats/system-status
2025-06-25T06:20:44.258Z [ERROR] Error getting system status: Cannot read properties of undefined (reading 'locationId')
2025-06-25T06:20:44.259Z [INFO] GET /api/notifications/recent
2025-06-25T06:20:44.259Z [ERROR] Error getting recent notifications: Cannot read properties of undefined (reading 'limit')
2025-06-25T06:20:44.260Z [INFO] GET /api/notifications/recent
2025-06-25T06:20:44.260Z [ERROR] Error getting recent notifications: Cannot read properties of undefined (reading 'limit')
2025-06-25T06:20:44.261Z [INFO] GET /api/stats/performance
2025-06-25T06:20:44.262Z [ERROR] Error getting performance stats: Cannot read properties of undefined (reading 'locationId')
2025-06-25T06:20:44.262Z [INFO] GET /api/notifications/recent
2025-06-25T06:20:44.262Z [ERROR] Error getting recent notifications: Cannot read properties of undefined (reading 'limit')
2025-06-25T06:20:44.262Z [INFO] GET /api/notifications/recent
2025-06-25T06:20:44.263Z [ERROR] Error getting recent notifications: Cannot read properties of undefined (reading 'limit')
2025-06-25T06:20:44.265Z [INFO] GET /api/stats/performance
2025-06-25T06:20:44.266Z [ERROR] Error getting performance stats: Cannot read properties of undefined (reading 'locationId')
2025-06-25T06:20:44.267Z [INFO] GET /api/stats/performance
2025-06-25T06:20:44.267Z [ERROR] Error getting performance stats: Cannot read properties of undefined (reading 'locationId')
2025-06-25T06:20:44.268Z [INFO] GET /api/stats/system-status
2025-06-25T06:20:44.270Z [ERROR] Error getting system status: Cannot read properties of undefined (reading 'locationId')
2025-06-25T06:20:44.272Z [INFO] GET /api/stats/performance
2025-06-25T06:20:44.273Z [ERROR] Error getting performance stats: Cannot read properties of undefined (reading 'locationId')
2025-06-25T06:20:44.274Z [INFO] GET /api/stats/performance
2025-06-25T06:20:44.274Z [ERROR] Error getting performance stats: Cannot read properties of undefined (reading 'locationId')
2025-06-25T06:20:44.275Z [INFO] GET /api/notifications/recent
2025-06-25T06:20:44.276Z [ERROR] Error getting recent notifications: Cannot read properties of undefined (reading 'limit')
2025-06-25T06:20:44.279Z [INFO] GET /api/stats/performance
2025-06-25T06:20:44.279Z [ERROR] Error getting performance stats: Cannot read properties of undefined (reading 'locationId')
2025-06-25T06:20:45.062Z [INFO] OPTIONS /api/stats/dashboard
2025-06-25T06:20:45.064Z [INFO] OPTIONS /api/stats/dashboard
2025-06-25T06:20:45.070Z [INFO] GET /api/stats/dashboard
2025-06-25T06:20:45.071Z [ERROR] Error getting dashboard: Cannot read properties of undefined (reading 'locationId')
2025-06-25T06:20:45.074Z [INFO] OPTIONS /api/stats/dashboard
2025-06-25T06:20:45.074Z [INFO] GET /api/stats/dashboard
2025-06-25T06:20:45.075Z [ERROR] Error getting dashboard: Cannot read properties of undefined (reading 'locationId')
2025-06-25T06:20:45.077Z [INFO] GET /api/stats/dashboard
2025-06-25T06:20:45.077Z [ERROR] Error getting dashboard: Cannot read properties of undefined (reading 'locationId')
2025-06-25T06:20:45.078Z [INFO] GET /api/stats/dashboard
2025-06-25T06:20:45.078Z [ERROR] Error getting dashboard: Cannot read properties of undefined (reading 'locationId')
2025-06-25T06:20:45.098Z [INFO] OPTIONS /api/orders
2025-06-25T06:20:45.101Z [INFO] OPTIONS /api/locations
2025-06-25T06:20:45.104Z [INFO] OPTIONS /api/orders
2025-06-25T06:20:45.105Z [INFO] OPTIONS /api/orders
2025-06-25T06:20:45.107Z [INFO] OPTIONS /api/orders
2025-06-25T06:20:45.109Z [INFO] GET /api/orders
2025-06-25T06:20:45.110Z [INFO] GET /api/stats/dashboard
2025-06-25T06:20:45.111Z [ERROR] Error getting dashboard: Cannot read properties of undefined (reading 'locationId')
2025-06-25T06:20:45.112Z [INFO] GET /api/locations
2025-06-25T06:20:45.112Z [INFO] GET /api/locations
2025-06-25T06:20:45.113Z [INFO] GET /api/orders
2025-06-25T06:20:45.114Z [INFO] GET /api/orders
2025-06-25T06:20:45.116Z [INFO] GET /api/stats/dashboard
2025-06-25T06:20:45.118Z [ERROR] Error getting dashboard: Cannot read properties of undefined (reading 'locationId')
2025-06-25T06:20:45.125Z [INFO] OPTIONS /api/stats/system-status
2025-06-25T06:20:45.127Z [INFO] GET /api/orders
2025-06-25T06:20:45.128Z [INFO] GET /api/stats/system-status
2025-06-25T06:20:45.129Z [ERROR] Error getting system status: Cannot read properties of undefined (reading 'locationId')
2025-06-25T06:20:45.130Z [INFO] OPTIONS /api/stats/system-status
2025-06-25T06:20:45.136Z [INFO] GET /api/orders
2025-06-25T06:20:45.137Z [INFO] GET /api/stats/system-status
2025-06-25T06:20:45.138Z [ERROR] Error getting system status: Cannot read properties of undefined (reading 'locationId')
2025-06-25T06:20:45.139Z [INFO] OPTIONS /api/notifications/recent
2025-06-25T06:20:45.141Z [INFO] GET /api/notifications/recent
2025-06-25T06:20:45.141Z [ERROR] Error getting recent notifications: Cannot read properties of undefined (reading 'limit')
2025-06-25T06:20:45.141Z [INFO] GET /api/stats/system-status
2025-06-25T06:20:45.142Z [ERROR] Error getting system status: Cannot read properties of undefined (reading 'locationId')
2025-06-25T06:20:45.144Z [INFO] OPTIONS /api/notifications/recent
2025-06-25T06:20:45.144Z [INFO] GET /api/stats/system-status
2025-06-25T06:20:45.145Z [ERROR] Error getting system status: Cannot read properties of undefined (reading 'locationId')
2025-06-25T06:20:45.145Z [INFO] GET /api/notifications/recent
2025-06-25T06:20:45.146Z [ERROR] Error getting recent notifications: Cannot read properties of undefined (reading 'limit')
2025-06-25T06:20:45.146Z [INFO] OPTIONS /api/stats/performance
2025-06-25T06:20:45.148Z [INFO] GET /api/stats/performance
2025-06-25T06:20:45.150Z [ERROR] Error getting performance stats: Cannot read properties of undefined (reading 'locationId')
2025-06-25T06:20:45.151Z [INFO] GET /api/notifications/recent
2025-06-25T06:20:45.153Z [ERROR] Error getting recent notifications: Cannot read properties of undefined (reading 'limit')
2025-06-25T06:20:45.155Z [INFO] GET /api/notifications/recent
2025-06-25T06:20:45.156Z [ERROR] Error getting recent notifications: Cannot read properties of undefined (reading 'limit')
2025-06-25T06:20:45.156Z [INFO] OPTIONS /api/stats/performance
2025-06-25T06:20:45.158Z [INFO] OPTIONS /api/stats/performance
2025-06-25T06:20:45.159Z [INFO] GET /api/stats/performance
2025-06-25T06:20:45.160Z [ERROR] Error getting performance stats: Cannot read properties of undefined (reading 'locationId')
2025-06-25T06:20:45.161Z [INFO] GET /api/stats/performance
2025-06-25T06:20:45.161Z [ERROR] Error getting performance stats: Cannot read properties of undefined (reading 'locationId')
2025-06-25T06:20:45.163Z [INFO] GET /api/stats/performance
2025-06-25T06:20:45.164Z [ERROR] Error getting performance stats: Cannot read properties of undefined (reading 'locationId')
2025-06-25T06:20:45.273Z [INFO] GET /api/orders
2025-06-25T06:20:45.274Z [INFO] GET /api/stats/system-status
2025-06-25T06:20:45.275Z [ERROR] Error getting system status: Cannot read properties of undefined (reading 'locationId')
2025-06-25T06:20:45.277Z [INFO] GET /api/stats/system-status
2025-06-25T06:20:45.277Z [ERROR] Error getting system status: Cannot read properties of undefined (reading 'locationId')
2025-06-25T06:20:45.278Z [INFO] GET /api/notifications/recent
2025-06-25T06:20:45.279Z [ERROR] Error getting recent notifications: Cannot read properties of undefined (reading 'limit')
2025-06-25T06:20:45.280Z [INFO] GET /api/notifications/recent
2025-06-25T06:20:45.281Z [ERROR] Error getting recent notifications: Cannot read properties of undefined (reading 'limit')
2025-06-25T06:20:45.284Z [INFO] GET /api/stats/performance
2025-06-25T06:20:45.285Z [ERROR] Error getting performance stats: Cannot read properties of undefined (reading 'locationId')
2025-06-25T06:20:45.287Z [INFO] GET /api/stats/performance
2025-06-25T06:20:45.288Z [ERROR] Error getting performance stats: Cannot read properties of undefined (reading 'locationId')
2025-06-25T06:21:05.037Z [INFO] Scheduler: Running job 'expandRecurrences'
2025-06-25T06:21:05.037Z [INFO] ExpandRecurrences: Starting job
2025-06-25T06:21:05.038Z [INFO] ExpandRecurrences: Job completed, created 0 new recurring orders
2025-06-25T06:21:05.039Z [INFO] Scheduler: Job 'expandRecurrences' completed, next run: Wed Jun 25 2025 09:25:00 GMT+0300 (Eastern European Summer Time)
2025-06-25T06:21:05.039Z [INFO] Scheduler: Running job 'checkEquipmentStatus'
2025-06-25T06:21:05.039Z [INFO] CheckEquipmentStatus: Starting equipment monitoring job
2025-06-25T06:21:05.039Z [INFO] Starting equipment status check...
2025-06-25T06:21:05.040Z [ERROR] SQL error after 0ms: column em.ended_at does not exist
2025-06-25T06:21:05.041Z [ERROR] Failed query: 
            SELECT 
                e.*,
                l.name as location_name,
                MAX(em.ended_at) as last_maintenance
            FROM equipment e
            JOIN locations l ON e.location_id = l.location_id
            LEFT JOIN equipment_maintenance em ON e.equipment_id = em.equipment_id 
                AND em.ended_at IS NOT NULL
            WHERE e.status = 'OPERATIVE'
            GROUP BY e.equipment_id, l.name
            HAVING MAX(em.ended_at) < NOW() - INTERVAL '90 days' OR MAX(em.ended_at) IS NULL
            ORDER BY last_maintenance ASC NULLS FIRST
        
2025-06-25T06:21:05.041Z [ERROR] Error checking equipment status:
2025-06-25T06:21:05.041Z [ERROR] CheckEquipmentStatus: Job failed
2025-06-25T06:21:05.041Z [INFO] Scheduler: Job 'checkEquipmentStatus' completed, next run: Wed Jun 25 2025 09:22:05 GMT+0300 (Eastern European Summer Time)
2025-06-25T06:21:05.041Z [INFO] Scheduler: Running job 'updateWeatherData'
2025-06-25T06:21:05.042Z [INFO] Starting weather data update job...
2025-06-25T06:21:05.042Z [INFO] Starting weather data update for all locations...
2025-06-25T06:21:05.046Z [ERROR] Error updating weather data:
2025-06-25T06:21:05.047Z [ERROR] Weather data update job failed:
2025-06-25T06:21:05.047Z [INFO] Scheduler: Job 'updateWeatherData' completed, next run: Wed Jun 25 2025 09:22:05 GMT+0300 (Eastern European Summer Time)
2025-06-25T06:21:05.047Z [INFO] Scheduler: Running job 'exceptionDetection'
2025-06-25T06:21:05.048Z [INFO] Starting automated exception detection...
2025-06-25T06:21:05.048Z [INFO] Running comprehensive exception detection...
2025-06-25T06:21:05.050Z [ERROR] SQL error after 1ms: column l.id does not exist
2025-06-25T06:21:05.051Z [ERROR] Failed query: 
        SELECT 
          l.id as location_id,
          l.name as location_name,
          COUNT(e.id) as total_equipment,
          COUNT(CASE WHEN e.status = 'OUT_OF_SERVICE' THEN 1 END) as out_of_service,
          COUNT(CASE WHEN e.updated_at < NOW() - INTERVAL '2 hours' THEN 1 END) as stale_equipment
        FROM locations l
        LEFT JOIN equipment e ON l.id = e.location_id
       GROUP BY l.id, l.name
2025-06-25T06:21:05.051Z [ERROR] Error detecting power outage: column l.id does not exist
2025-06-25T06:21:05.052Z [ERROR] SQL error after 3ms: column l.id does not exist
2025-06-25T06:21:05.053Z [ERROR] Failed query: 
        SELECT 
          l.id as location_id,
          l.name as location_name,
          COUNT(e.id) as total_employees,
          COUNT(CASE WHEN e.status = 'ACTIVE' THEN 1 END) as active_employees,
          COUNT(CASE WHEN e.status = 'SICK' THEN 1 END) as sick_employees,
          COUNT(CASE WHEN e.status = 'VACATION' THEN 1 END) as vacation_employees
        FROM locations l
        LEFT JOIN employees e ON l.id = e.location_id
       GROUP BY l.id, l.name
2025-06-25T06:21:05.053Z [ERROR] Error detecting staff unavailability: column l.id does not exist
2025-06-25T06:21:05.107Z [ERROR] SQL error after 58ms: column o.id does not exist
2025-06-25T06:21:05.107Z [ERROR] Failed query: 
        SELECT 
          t.id,
          t.status,
          t.location_id,
          l.name as location_name,
          o.id as order_id,
          EXTRACT(hours FROM (NOW() - t.created_at)) as hours_since_created,
          EXTRACT(hours FROM (NOW() - t.updated_at)) as hours_since_updated
        FROM transports t
        JOIN orders o ON t.order_id = o.id
        JOIN locations l ON t.location_id = l.id
        WHERE t.status IN ('PENDING', 'IN_PROGRESS')
       ORDER BY t.created_at ASC
2025-06-25T06:21:05.108Z [ERROR] Error detecting transport issues: column o.id does not exist
2025-06-25T06:21:05.109Z [ERROR] SQL error after 60ms: column l.id does not exist
2025-06-25T06:21:05.110Z [ERROR] Failed query: 
        SELECT 
          e.id,
          e.name,
          e.type,
          e.status,
          e.location_id,
          l.name as location_name,
          EXTRACT(days FROM (NOW() - e.updated_at)) as days_since_update,
          COUNT(em.id) as recent_maintenance
        FROM equipment e
        JOIN locations l ON e.location_id = l.id
        LEFT JOIN equipment_maintenance em ON e.id = em.equipment_id 
          AND em.created_at >= NOW() - INTERVAL '30 days'
      
        GROUP BY e.id, e.name, e.type, e.status, e.location_id, l.name, e.updated_at
        HAVING e.status = 'OUT_OF_SERVICE' 
          OR EXTRACT(days FROM (NOW() - e.updated_at)) > 7
        ORDER BY days_since_update DESC
      
2025-06-25T06:21:05.110Z [ERROR] Error detecting equipment failures: column l.id does not exist
2025-06-25T06:21:05.111Z [INFO] Exception detection completed: 0 issues found
2025-06-25T06:21:05.112Z [INFO] Exception detection completed: 0 total issues found
2025-06-25T06:21:05.112Z [INFO] - Staff issues: 0
2025-06-25T06:21:05.112Z [INFO] - Power issues: 0
2025-06-25T06:21:05.113Z [INFO] - Equipment issues: 0
2025-06-25T06:21:05.113Z [INFO] - Transport issues: 0
2025-06-25T06:21:05.113Z [INFO] Creating notification: SYSTEM_STATUS_OK - LOW - All systems operational - no critical issues detected
2025-06-25T06:21:05.114Z [INFO] Notification sent via websocket: notif_1750832465113_1occg74ug
2025-06-25T06:21:05.114Z [INFO] Exception detection completed successfully in 66ms
2025-06-25T06:21:05.115Z [INFO] Scheduler: Job 'exceptionDetection' completed, next run: Wed Jun 25 2025 09:22:05 GMT+0300 (Eastern European Summer Time)
2025-06-25T06:31:45.180Z [INFO] Connecting to PostgreSQL: postgres@localhost:5432/twproject
2025-06-25T06:31:45.207Z [INFO] AlertService: SMTP client initialized
2025-06-25T06:31:45.214Z [INFO] Minimal server listening on port 8000
2025-06-25T06:31:45.218Z [INFO] Scheduler: Job 'expandRecurrences' added, next run: Wed Jun 25 2025 09:35:00 GMT+0300 (Eastern European Summer Time)
2025-06-25T06:31:45.218Z [INFO] Scheduler: Job 'checkInventory' added, next run: Wed Jun 25 2025 10:00:00 GMT+0300 (Eastern European Summer Time)
2025-06-25T06:31:45.219Z [INFO] Scheduler: Job 'checkEquipmentStatus' added, next run: Wed Jun 25 2025 09:32:45 GMT+0300 (Eastern European Summer Time)
2025-06-25T06:31:45.219Z [INFO] Scheduler: Job 'updateWeatherData' added, next run: Wed Jun 25 2025 09:32:45 GMT+0300 (Eastern European Summer Time)
2025-06-25T06:31:45.219Z [INFO] Scheduler: Job 'generateDailyStats' added, next run: Thu Jun 26 2025 00:00:00 GMT+0300 (Eastern European Summer Time)
2025-06-25T06:31:45.219Z [INFO] Scheduler: Job 'exceptionDetection' added, next run: Wed Jun 25 2025 09:32:45 GMT+0300 (Eastern European Summer Time)
2025-06-25T06:31:45.220Z [INFO] Scheduler: Starting...
2025-06-25T06:31:45.220Z [INFO] Scheduler: Started successfully
2025-06-25T06:31:45.220Z [INFO] Server and scheduler started successfully
2025-06-25T06:31:45.273Z [INFO] PostgreSQL connection successful. Server time: Wed Jun 25 2025 09:31:45 GMT+0300 (Eastern European Summer Time)
2025-06-25T06:31:59.005Z [INFO] OPTIONS /api/auth/login
2025-06-25T06:31:59.009Z [INFO] POST /api/auth/login
2025-06-25T06:31:59.011Z [INFO] POST /api/login or /api/auth/login
2025-06-25T06:31:59.201Z [INFO] AuthService: Successful login for admin@cas.ro
2025-06-25T06:31:59.201Z [INFO] Login: Success for user admin@cas.ro
2025-06-25T06:32:00.743Z [INFO] OPTIONS /api/stats/dashboard
2025-06-25T06:32:00.746Z [INFO] GET /api/stats/dashboard
2025-06-25T06:32:00.747Z [ERROR] Error getting dashboard: Cannot read properties of undefined (reading 'locationId')
2025-06-25T06:32:00.756Z [INFO] OPTIONS /api/orders
2025-06-25T06:32:00.758Z [INFO] GET /api/orders
2025-06-25T06:32:00.773Z [INFO] OPTIONS /api/stats/system-status
2025-06-25T06:32:00.777Z [INFO] GET /api/stats/system-status
2025-06-25T06:32:00.778Z [ERROR] Error getting system status: Cannot read properties of undefined (reading 'locationId')
2025-06-25T06:32:00.781Z [INFO] OPTIONS /api/notifications/recent
2025-06-25T06:32:00.783Z [INFO] GET /api/notifications/recent
2025-06-25T06:32:00.784Z [ERROR] Error getting recent notifications: Cannot read properties of undefined (reading 'limit')
2025-06-25T06:32:00.789Z [INFO] OPTIONS /api/stats/performance
2025-06-25T06:32:00.792Z [INFO] GET /api/stats/performance
2025-06-25T06:32:00.793Z [ERROR] Error getting performance stats: Cannot read properties of undefined (reading 'locationId')
2025-06-25T06:32:04.098Z [INFO] OPTIONS /api/orders
2025-06-25T06:32:04.102Z [INFO] OPTIONS /api/customers
2025-06-25T06:32:04.105Z [INFO] OPTIONS /api/services
2025-06-25T06:32:04.106Z [INFO] OPTIONS /api/locations
2025-06-25T06:32:04.107Z [INFO] GET /api/orders
2025-06-25T06:32:04.110Z [INFO] GET /api/customers
2025-06-25T06:32:04.115Z [INFO] GET /api/customers
2025-06-25T06:32:04.117Z [INFO] GET /api/services
2025-06-25T06:32:04.118Z [INFO] GET /api/services
2025-06-25T06:32:04.121Z [INFO] GET /api/locations
2025-06-25T06:32:04.122Z [INFO] GET /api/locations
2025-06-25T06:32:32.310Z [INFO] OPTIONS /api/orders
2025-06-25T06:32:32.311Z [INFO] POST /api/orders
2025-06-25T06:32:32.312Z [ERROR] OrderController: Create order failed: customer_id, location_id, and order_items are required
2025-06-25T06:32:34.044Z [INFO] POST /api/orders
2025-06-25T06:32:34.045Z [ERROR] OrderController: Create order failed: customer_id, location_id, and order_items are required
2025-06-25T06:32:45.221Z [INFO] Scheduler: Running job 'checkEquipmentStatus'
2025-06-25T06:32:45.222Z [INFO] CheckEquipmentStatus: Starting equipment monitoring job
2025-06-25T06:32:45.222Z [INFO] Starting equipment status check...
2025-06-25T06:32:45.265Z [ERROR] SQL error after 43ms: column em.ended_at does not exist
2025-06-25T06:32:45.266Z [ERROR] Failed query: 
            SELECT 
                e.*,
                l.name as location_name,
                MAX(em.ended_at) as last_maintenance
            FROM equipment e
            JOIN locations l ON e.location_id = l.location_id
            LEFT JOIN equipment_maintenance em ON e.equipment_id = em.equipment_id 
                AND em.ended_at IS NOT NULL
            WHERE e.status = 'OPERATIVE'
            GROUP BY e.equipment_id, l.name
            HAVING MAX(em.ended_at) < NOW() - INTERVAL '90 days' OR MAX(em.ended_at) IS NULL
            ORDER BY last_maintenance ASC NULLS FIRST
        
2025-06-25T06:32:45.266Z [ERROR] Error checking equipment status:
2025-06-25T06:32:45.267Z [ERROR] CheckEquipmentStatus: Job failed
2025-06-25T06:32:45.267Z [INFO] Scheduler: Job 'checkEquipmentStatus' completed, next run: Wed Jun 25 2025 09:33:45 GMT+0300 (Eastern European Summer Time)
2025-06-25T06:32:45.267Z [INFO] Scheduler: Running job 'updateWeatherData'
2025-06-25T06:32:45.268Z [INFO] Starting weather data update job...
2025-06-25T06:32:45.268Z [INFO] Starting weather data update for all locations...
2025-06-25T06:32:45.313Z [ERROR] Error updating weather data:
2025-06-25T06:32:45.314Z [ERROR] Weather data update job failed:
2025-06-25T06:32:45.315Z [INFO] Scheduler: Job 'updateWeatherData' completed, next run: Wed Jun 25 2025 09:33:45 GMT+0300 (Eastern European Summer Time)
2025-06-25T06:32:45.315Z [INFO] Scheduler: Running job 'exceptionDetection'
2025-06-25T06:32:45.315Z [INFO] Starting automated exception detection...
2025-06-25T06:32:45.316Z [INFO] Running comprehensive exception detection...
2025-06-25T06:32:45.320Z [ERROR] SQL error after 3ms: column l.id does not exist
2025-06-25T06:32:45.320Z [ERROR] Failed query: 
        SELECT 
          l.id as location_id,
          l.name as location_name,
          COUNT(e.id) as total_employees,
          COUNT(CASE WHEN e.status = 'ACTIVE' THEN 1 END) as active_employees,
          COUNT(CASE WHEN e.status = 'SICK' THEN 1 END) as sick_employees,
          COUNT(CASE WHEN e.status = 'VACATION' THEN 1 END) as vacation_employees
        FROM locations l
        LEFT JOIN employees e ON l.id = e.location_id
       GROUP BY l.id, l.name
2025-06-25T06:32:45.321Z [ERROR] Error detecting staff unavailability: column l.id does not exist
2025-06-25T06:32:45.381Z [ERROR] SQL error after 64ms: column l.id does not exist
2025-06-25T06:32:45.381Z [ERROR] Failed query: 
        SELECT 
          l.id as location_id,
          l.name as location_name,
          COUNT(e.id) as total_equipment,
          COUNT(CASE WHEN e.status = 'OUT_OF_SERVICE' THEN 1 END) as out_of_service,
          COUNT(CASE WHEN e.updated_at < NOW() - INTERVAL '2 hours' THEN 1 END) as stale_equipment
        FROM locations l
        LEFT JOIN equipment e ON l.id = e.location_id
       GROUP BY l.id, l.name
2025-06-25T06:32:45.382Z [ERROR] Error detecting power outage: column l.id does not exist
2025-06-25T06:32:45.384Z [ERROR] SQL error after 67ms: column o.id does not exist
2025-06-25T06:32:45.384Z [ERROR] Failed query: 
        SELECT 
          t.id,
          t.status,
          t.location_id,
          l.name as location_name,
          o.id as order_id,
          EXTRACT(hours FROM (NOW() - t.created_at)) as hours_since_created,
          EXTRACT(hours FROM (NOW() - t.updated_at)) as hours_since_updated
        FROM transports t
        JOIN orders o ON t.order_id = o.id
        JOIN locations l ON t.location_id = l.id
        WHERE t.status IN ('PENDING', 'IN_PROGRESS')
       ORDER BY t.created_at ASC
2025-06-25T06:32:45.385Z [ERROR] Error detecting transport issues: column o.id does not exist
2025-06-25T06:32:45.385Z [ERROR] SQL error after 68ms: column l.id does not exist
2025-06-25T06:32:45.386Z [ERROR] Failed query: 
        SELECT 
          e.id,
          e.name,
          e.type,
          e.status,
          e.location_id,
          l.name as location_name,
          EXTRACT(days FROM (NOW() - e.updated_at)) as days_since_update,
          COUNT(em.id) as recent_maintenance
        FROM equipment e
        JOIN locations l ON e.location_id = l.id
        LEFT JOIN equipment_maintenance em ON e.id = em.equipment_id 
          AND em.created_at >= NOW() - INTERVAL '30 days'
      
        GROUP BY e.id, e.name, e.type, e.status, e.location_id, l.name, e.updated_at
        HAVING e.status = 'OUT_OF_SERVICE' 
          OR EXTRACT(days FROM (NOW() - e.updated_at)) > 7
        ORDER BY days_since_update DESC
      
2025-06-25T06:32:45.386Z [ERROR] Error detecting equipment failures: column l.id does not exist
2025-06-25T06:32:45.387Z [INFO] Exception detection completed: 0 issues found
2025-06-25T06:32:45.387Z [INFO] Exception detection completed: 0 total issues found
2025-06-25T06:32:45.387Z [INFO] - Staff issues: 0
2025-06-25T06:32:45.387Z [INFO] - Power issues: 0
2025-06-25T06:32:45.388Z [INFO] - Equipment issues: 0
2025-06-25T06:32:45.388Z [INFO] - Transport issues: 0
2025-06-25T06:32:45.389Z [INFO] Creating notification: SYSTEM_STATUS_OK - LOW - All systems operational - no critical issues detected
2025-06-25T06:32:45.389Z [INFO] Notification sent via websocket: notif_1750833165389_wprrcbj3f
2025-06-25T06:32:45.390Z [INFO] Exception detection completed successfully in 75ms
2025-06-25T06:32:45.390Z [INFO] Scheduler: Job 'exceptionDetection' completed, next run: Wed Jun 25 2025 09:33:45 GMT+0300 (Eastern European Summer Time)
2025-06-25T06:32:49.729Z [INFO] OPTIONS /api/stats/dashboard
2025-06-25T06:32:49.743Z [INFO] OPTIONS /api/orders
2025-06-25T06:32:49.747Z [INFO] GET /api/orders
2025-06-25T06:32:49.815Z [INFO] OPTIONS /api/stats/system-status
2025-06-25T06:32:49.817Z [INFO] GET /api/stats/system-status
2025-06-25T06:32:49.818Z [ERROR] Error getting system status: Cannot read properties of undefined (reading 'locationId')
2025-06-25T06:32:49.820Z [INFO] OPTIONS /api/notifications/recent
2025-06-25T06:32:49.822Z [INFO] GET /api/notifications/recent
2025-06-25T06:32:49.823Z [ERROR] Error getting recent notifications: Cannot read properties of undefined (reading 'limit')
2025-06-25T06:32:49.825Z [INFO] OPTIONS /api/stats/performance
2025-06-25T06:32:49.827Z [INFO] GET /api/stats/performance
2025-06-25T06:32:49.828Z [ERROR] Error getting performance stats: Cannot read properties of undefined (reading 'locationId')
2025-06-25T06:32:51.876Z [INFO] OPTIONS /api/locations
2025-06-25T06:32:51.877Z [INFO] GET /api/locations
2025-06-25T06:32:51.878Z [INFO] GET /api/locations
2025-06-25T06:32:54.324Z [INFO] GET /api/orders
2025-06-25T06:32:54.332Z [INFO] GET /api/stats/system-status
2025-06-25T06:32:54.332Z [ERROR] Error getting system status: Cannot read properties of undefined (reading 'locationId')
2025-06-25T06:32:54.336Z [INFO] GET /api/notifications/recent
2025-06-25T06:32:54.337Z [ERROR] Error getting recent notifications: Cannot read properties of undefined (reading 'limit')
2025-06-25T06:32:54.347Z [INFO] GET /api/stats/performance
2025-06-25T06:32:54.348Z [ERROR] Error getting performance stats: Cannot read properties of undefined (reading 'locationId')
2025-06-25T06:32:57.110Z [INFO] OPTIONS /api/stats/dashboard
2025-06-25T06:32:57.121Z [INFO] OPTIONS /api/orders
2025-06-25T06:32:57.123Z [INFO] GET /api/orders
2025-06-25T06:32:57.128Z [INFO] OPTIONS /api/stats/system-status
2025-06-25T06:32:57.131Z [INFO] GET /api/stats/system-status
2025-06-25T06:32:57.132Z [ERROR] Error getting system status: Cannot read properties of undefined (reading 'locationId')
2025-06-25T06:32:57.137Z [INFO] OPTIONS /api/notifications/recent
2025-06-25T06:32:57.139Z [INFO] GET /api/notifications/recent
2025-06-25T06:32:57.140Z [ERROR] Error getting recent notifications: Cannot read properties of undefined (reading 'limit')
2025-06-25T06:32:57.145Z [INFO] OPTIONS /api/stats/performance
2025-06-25T06:32:57.147Z [INFO] GET /api/stats/performance
2025-06-25T06:32:57.147Z [ERROR] Error getting performance stats: Cannot read properties of undefined (reading 'locationId')
2025-06-25T06:32:59.507Z [INFO] GET /api/orders
2025-06-25T06:32:59.511Z [INFO] GET /api/stats/system-status
2025-06-25T06:32:59.512Z [ERROR] Error getting system status: Cannot read properties of undefined (reading 'locationId')
2025-06-25T06:32:59.517Z [INFO] GET /api/notifications/recent
2025-06-25T06:32:59.517Z [ERROR] Error getting recent notifications: Cannot read properties of undefined (reading 'limit')
2025-06-25T06:32:59.520Z [INFO] GET /api/stats/performance
2025-06-25T06:32:59.521Z [ERROR] Error getting performance stats: Cannot read properties of undefined (reading 'locationId')
2025-06-25T06:33:00.406Z [INFO] OPTIONS /api/orders
2025-06-25T06:33:00.410Z [INFO] OPTIONS /api/customers
2025-06-25T06:33:00.411Z [INFO] OPTIONS /api/services
2025-06-25T06:33:00.412Z [INFO] OPTIONS /api/locations
2025-06-25T06:33:00.414Z [INFO] GET /api/orders
2025-06-25T06:33:00.417Z [INFO] GET /api/customers
2025-06-25T06:33:00.419Z [INFO] GET /api/customers
2025-06-25T06:33:00.420Z [INFO] GET /api/services
2025-06-25T06:33:00.421Z [INFO] GET /api/services
2025-06-25T06:33:00.425Z [INFO] GET /api/locations
2025-06-25T06:33:00.426Z [INFO] GET /api/locations
2025-06-25T06:33:02.328Z [INFO] OPTIONS /api/stats/dashboard
2025-06-25T06:33:02.343Z [INFO] OPTIONS /api/orders
2025-06-25T06:33:02.345Z [INFO] GET /api/orders
2025-06-25T06:33:02.360Z [INFO] OPTIONS /api/stats/system-status
2025-06-25T06:33:02.362Z [INFO] GET /api/stats/system-status
2025-06-25T06:33:02.363Z [ERROR] Error getting system status: Cannot read properties of undefined (reading 'locationId')
2025-06-25T06:33:02.365Z [INFO] OPTIONS /api/notifications/recent
2025-06-25T06:33:02.367Z [INFO] GET /api/notifications/recent
2025-06-25T06:33:02.368Z [ERROR] Error getting recent notifications: Cannot read properties of undefined (reading 'limit')
2025-06-25T06:33:02.372Z [INFO] OPTIONS /api/stats/performance
2025-06-25T06:33:02.374Z [INFO] GET /api/stats/performance
2025-06-25T06:33:02.375Z [ERROR] Error getting performance stats: Cannot read properties of undefined (reading 'locationId')
2025-06-25T06:33:05.152Z [INFO] GET /api/orders
2025-06-25T06:33:05.156Z [INFO] GET /api/stats/system-status
2025-06-25T06:33:05.157Z [ERROR] Error getting system status: Cannot read properties of undefined (reading 'locationId')
2025-06-25T06:33:05.159Z [INFO] GET /api/notifications/recent
2025-06-25T06:33:05.160Z [ERROR] Error getting recent notifications: Cannot read properties of undefined (reading 'limit')
2025-06-25T06:33:05.166Z [INFO] GET /api/stats/performance
2025-06-25T06:33:05.167Z [ERROR] Error getting performance stats: Cannot read properties of undefined (reading 'locationId')
2025-06-25T06:33:09.274Z [INFO] OPTIONS /api/stats/dashboard
2025-06-25T06:33:09.288Z [INFO] OPTIONS /api/orders
2025-06-25T06:33:09.291Z [INFO] GET /api/orders
2025-06-25T06:33:09.299Z [INFO] OPTIONS /api/stats/system-status
2025-06-25T06:33:09.301Z [INFO] GET /api/stats/system-status
2025-06-25T06:33:09.302Z [ERROR] Error getting system status: Cannot read properties of undefined (reading 'locationId')
2025-06-25T06:33:09.307Z [INFO] OPTIONS /api/notifications/recent
2025-06-25T06:33:09.310Z [INFO] GET /api/notifications/recent
2025-06-25T06:33:09.311Z [ERROR] Error getting recent notifications: Cannot read properties of undefined (reading 'limit')
2025-06-25T06:33:09.313Z [INFO] OPTIONS /api/stats/performance
2025-06-25T06:33:09.315Z [INFO] GET /api/stats/performance
2025-06-25T06:33:09.315Z [ERROR] Error getting performance stats: Cannot read properties of undefined (reading 'locationId')
2025-06-25T06:34:45.235Z [INFO] Scheduler: Running job 'checkEquipmentStatus'
2025-06-25T06:34:45.237Z [INFO] CheckEquipmentStatus: Starting equipment monitoring job
2025-06-25T06:34:45.238Z [INFO] Starting equipment status check...
2025-06-25T06:34:45.286Z [ERROR] SQL error after 47ms: column em.ended_at does not exist
2025-06-25T06:34:45.287Z [ERROR] Failed query: 
            SELECT 
                e.*,
                l.name as location_name,
                MAX(em.ended_at) as last_maintenance
            FROM equipment e
            JOIN locations l ON e.location_id = l.location_id
            LEFT JOIN equipment_maintenance em ON e.equipment_id = em.equipment_id 
                AND em.ended_at IS NOT NULL
            WHERE e.status = 'OPERATIVE'
            GROUP BY e.equipment_id, l.name
            HAVING MAX(em.ended_at) < NOW() - INTERVAL '90 days' OR MAX(em.ended_at) IS NULL
            ORDER BY last_maintenance ASC NULLS FIRST
        
2025-06-25T06:34:45.287Z [ERROR] Error checking equipment status:
2025-06-25T06:34:45.288Z [ERROR] CheckEquipmentStatus: Job failed
2025-06-25T06:34:45.288Z [INFO] Scheduler: Job 'checkEquipmentStatus' completed, next run: Wed Jun 25 2025 09:35:45 GMT+0300 (Eastern European Summer Time)
2025-06-25T06:34:45.288Z [INFO] Scheduler: Running job 'updateWeatherData'
2025-06-25T06:34:45.288Z [INFO] Starting weather data update job...
2025-06-25T06:34:45.289Z [INFO] Starting weather data update for all locations...
2025-06-25T06:34:45.336Z [ERROR] Error updating weather data:
2025-06-25T06:34:45.337Z [ERROR] Weather data update job failed:
2025-06-25T06:34:45.337Z [INFO] Scheduler: Job 'updateWeatherData' completed, next run: Wed Jun 25 2025 09:35:45 GMT+0300 (Eastern European Summer Time)
2025-06-25T06:34:45.337Z [INFO] Scheduler: Running job 'exceptionDetection'
2025-06-25T06:34:45.338Z [INFO] Starting automated exception detection...
2025-06-25T06:34:45.338Z [INFO] Running comprehensive exception detection...
2025-06-25T06:34:45.340Z [ERROR] SQL error after 1ms: column l.id does not exist
2025-06-25T06:34:45.340Z [ERROR] Failed query: 
        SELECT 
          l.id as location_id,
          l.name as location_name,
          COUNT(e.id) as total_employees,
          COUNT(CASE WHEN e.status = 'ACTIVE' THEN 1 END) as active_employees,
          COUNT(CASE WHEN e.status = 'SICK' THEN 1 END) as sick_employees,
          COUNT(CASE WHEN e.status = 'VACATION' THEN 1 END) as vacation_employees
        FROM locations l
        LEFT JOIN employees e ON l.id = e.location_id
       GROUP BY l.id, l.name
2025-06-25T06:34:45.341Z [ERROR] Error detecting staff unavailability: column l.id does not exist
2025-06-25T06:34:45.399Z [ERROR] SQL error after 60ms: column l.id does not exist
2025-06-25T06:34:45.400Z [ERROR] Failed query: 
        SELECT 
          l.id as location_id,
          l.name as location_name,
          COUNT(e.id) as total_equipment,
          COUNT(CASE WHEN e.status = 'OUT_OF_SERVICE' THEN 1 END) as out_of_service,
          COUNT(CASE WHEN e.updated_at < NOW() - INTERVAL '2 hours' THEN 1 END) as stale_equipment
        FROM locations l
        LEFT JOIN equipment e ON l.id = e.location_id
       GROUP BY l.id, l.name
2025-06-25T06:34:45.400Z [ERROR] Error detecting power outage: column l.id does not exist
2025-06-25T06:34:45.403Z [ERROR] SQL error after 64ms: column l.id does not exist
2025-06-25T06:34:45.404Z [ERROR] Failed query: 
        SELECT 
          e.id,
          e.name,
          e.type,
          e.status,
          e.location_id,
          l.name as location_name,
          EXTRACT(days FROM (NOW() - e.updated_at)) as days_since_update,
          COUNT(em.id) as recent_maintenance
        FROM equipment e
        JOIN locations l ON e.location_id = l.id
        LEFT JOIN equipment_maintenance em ON e.id = em.equipment_id 
          AND em.created_at >= NOW() - INTERVAL '30 days'
      
        GROUP BY e.id, e.name, e.type, e.status, e.location_id, l.name, e.updated_at
        HAVING e.status = 'OUT_OF_SERVICE' 
          OR EXTRACT(days FROM (NOW() - e.updated_at)) > 7
        ORDER BY days_since_update DESC
      
2025-06-25T06:34:45.405Z [ERROR] Error detecting equipment failures: column l.id does not exist
2025-06-25T06:34:45.408Z [ERROR] SQL error after 69ms: column o.id does not exist
2025-06-25T06:34:45.408Z [ERROR] Failed query: 
        SELECT 
          t.id,
          t.status,
          t.location_id,
          l.name as location_name,
          o.id as order_id,
          EXTRACT(hours FROM (NOW() - t.created_at)) as hours_since_created,
          EXTRACT(hours FROM (NOW() - t.updated_at)) as hours_since_updated
        FROM transports t
        JOIN orders o ON t.order_id = o.id
        JOIN locations l ON t.location_id = l.id
        WHERE t.status IN ('PENDING', 'IN_PROGRESS')
       ORDER BY t.created_at ASC
2025-06-25T06:34:45.409Z [ERROR] Error detecting transport issues: column o.id does not exist
2025-06-25T06:34:45.409Z [INFO] Exception detection completed: 0 issues found
2025-06-25T06:34:45.409Z [INFO] Exception detection completed: 0 total issues found
2025-06-25T06:34:45.410Z [INFO] - Staff issues: 0
2025-06-25T06:34:45.410Z [INFO] - Power issues: 0
2025-06-25T06:34:45.410Z [INFO] - Equipment issues: 0
2025-06-25T06:34:45.411Z [INFO] - Transport issues: 0
2025-06-25T06:34:45.412Z [INFO] Creating notification: SYSTEM_STATUS_OK - LOW - All systems operational - no critical issues detected
2025-06-25T06:34:45.412Z [INFO] Notification sent via websocket: notif_1750833285411_s5smg4cqf
2025-06-25T06:34:45.413Z [INFO] Exception detection completed successfully in 74ms
2025-06-25T06:34:45.413Z [INFO] Scheduler: Job 'exceptionDetection' completed, next run: Wed Jun 25 2025 09:35:45 GMT+0300 (Eastern European Summer Time)
2025-06-25T06:35:20.668Z [INFO] OPTIONS /api/stats/dashboard
2025-06-25T06:35:20.675Z [INFO] OPTIONS /api/orders
2025-06-25T06:35:20.678Z [INFO] GET /api/orders
2025-06-25T06:35:20.832Z [INFO] OPTIONS /api/stats/system-status
2025-06-25T06:35:20.833Z [INFO] GET /api/stats/system-status
2025-06-25T06:35:20.834Z [ERROR] Error getting system status: Cannot read properties of undefined (reading 'locationId')
2025-06-25T06:35:20.836Z [INFO] OPTIONS /api/notifications/recent
2025-06-25T06:35:20.837Z [INFO] GET /api/notifications/recent
2025-06-25T06:35:20.838Z [ERROR] Error getting recent notifications: Cannot read properties of undefined (reading 'limit')
2025-06-25T06:35:20.841Z [INFO] OPTIONS /api/stats/performance
2025-06-25T06:35:20.843Z [INFO] GET /api/stats/performance
2025-06-25T06:35:20.844Z [ERROR] Error getting performance stats: Cannot read properties of undefined (reading 'locationId')
2025-06-25T06:35:27.614Z [INFO] OPTIONS /api/auth/logout
2025-06-25T06:35:27.615Z [INFO] POST /api/auth/logout
2025-06-25T06:35:27.616Z [INFO] POST /api/auth/logout
2025-06-25T06:35:27.617Z [INFO] AuthService: Successful logout
2025-06-25T06:35:33.728Z [INFO] OPTIONS /api/auth/login
2025-06-25T06:35:33.730Z [INFO] POST /api/auth/login
2025-06-25T06:35:33.730Z [INFO] POST /api/login or /api/auth/login
2025-06-25T06:35:33.929Z [INFO] AuthService: Successful login for manager@cas.ro
2025-06-25T06:35:33.930Z [INFO] Login: Success for user manager@cas.ro
2025-06-25T06:35:35.480Z [INFO] OPTIONS /api/stats/dashboard
2025-06-25T06:35:35.482Z [INFO] GET /api/stats/dashboard
2025-06-25T06:35:35.483Z [ERROR] Error getting dashboard: Cannot read properties of undefined (reading 'locationId')
2025-06-25T06:35:35.490Z [INFO] OPTIONS /api/orders
2025-06-25T06:35:35.493Z [INFO] GET /api/orders
2025-06-25T06:35:35.500Z [INFO] OPTIONS /api/stats/system-status
2025-06-25T06:35:35.504Z [INFO] GET /api/stats/system-status
2025-06-25T06:35:35.505Z [ERROR] Error getting system status: Cannot read properties of undefined (reading 'locationId')
2025-06-25T06:35:35.510Z [INFO] OPTIONS /api/notifications/recent
2025-06-25T06:35:35.513Z [INFO] GET /api/notifications/recent
2025-06-25T06:35:35.513Z [ERROR] Error getting recent notifications: Cannot read properties of undefined (reading 'limit')
2025-06-25T06:35:35.517Z [INFO] OPTIONS /api/stats/performance
2025-06-25T06:35:35.518Z [INFO] GET /api/stats/performance
2025-06-25T06:35:35.519Z [ERROR] Error getting performance stats: Cannot read properties of undefined (reading 'locationId')
2025-06-25T06:35:39.943Z [INFO] GET /api/orders
2025-06-25T06:35:39.949Z [INFO] GET /api/stats/system-status
2025-06-25T06:35:39.949Z [ERROR] Error getting system status: Cannot read properties of undefined (reading 'locationId')
2025-06-25T06:35:39.951Z [INFO] GET /api/notifications/recent
2025-06-25T06:35:39.952Z [ERROR] Error getting recent notifications: Cannot read properties of undefined (reading 'limit')
2025-06-25T06:35:39.954Z [INFO] GET /api/stats/performance
2025-06-25T06:35:39.955Z [ERROR] Error getting performance stats: Cannot read properties of undefined (reading 'locationId')
2025-06-25T06:35:42.331Z [INFO] OPTIONS /api/stats/dashboard
2025-06-25T06:35:42.341Z [INFO] OPTIONS /api/orders
2025-06-25T06:35:42.345Z [INFO] OPTIONS /api/stats/system-status
2025-06-25T06:35:42.347Z [INFO] GET /api/stats/system-status
2025-06-25T06:35:42.348Z [ERROR] Error getting system status: Cannot read properties of undefined (reading 'locationId')
2025-06-25T06:35:42.353Z [INFO] OPTIONS /api/notifications/recent
2025-06-25T06:35:42.357Z [INFO] GET /api/notifications/recent
2025-06-25T06:35:42.359Z [ERROR] Error getting recent notifications: Cannot read properties of undefined (reading 'limit')
2025-06-25T06:35:42.362Z [INFO] OPTIONS /api/stats/performance
2025-06-25T06:35:42.364Z [INFO] GET /api/stats/performance
2025-06-25T06:35:42.364Z [ERROR] Error getting performance stats: Cannot read properties of undefined (reading 'locationId')
2025-06-25T06:35:45.234Z [INFO] Scheduler: Running job 'expandRecurrences'
2025-06-25T06:35:45.235Z [INFO] ExpandRecurrences: Starting job
2025-06-25T06:35:45.236Z [INFO] ExpandRecurrences: Job completed, created 0 new recurring orders
2025-06-25T06:35:45.236Z [INFO] Scheduler: Job 'expandRecurrences' completed, next run: Wed Jun 25 2025 09:35:00 GMT+0300 (Eastern European Summer Time)
2025-06-25T06:35:45.730Z [INFO] OPTIONS /api/locations
2025-06-25T06:35:45.733Z [INFO] GET /api/locations
2025-06-25T06:35:45.734Z [INFO] GET /api/locations
2025-06-25T06:35:48.226Z [INFO] OPTIONS /api/stats/dashboard
2025-06-25T06:35:48.242Z [INFO] OPTIONS /api/orders
2025-06-25T06:35:48.245Z [INFO] GET /api/orders
2025-06-25T06:35:48.252Z [INFO] OPTIONS /api/stats/system-status
2025-06-25T06:35:48.256Z [INFO] GET /api/stats/system-status
2025-06-25T06:35:48.257Z [ERROR] Error getting system status: Cannot read properties of undefined (reading 'locationId')
2025-06-25T06:35:48.262Z [INFO] OPTIONS /api/notifications/recent
2025-06-25T06:35:48.263Z [INFO] GET /api/notifications/recent
2025-06-25T06:35:48.264Z [ERROR] Error getting recent notifications: Cannot read properties of undefined (reading 'limit')
2025-06-25T06:35:48.266Z [INFO] OPTIONS /api/stats/performance
2025-06-25T06:35:48.267Z [INFO] GET /api/stats/performance
2025-06-25T06:35:48.268Z [ERROR] Error getting performance stats: Cannot read properties of undefined (reading 'locationId')
2025-06-25T06:35:49.024Z [INFO] OPTIONS /api/customers
2025-06-25T06:35:49.027Z [INFO] GET /api/customers
2025-06-25T06:35:49.027Z [INFO] GET /api/customers
2025-06-25T06:35:49.032Z [INFO] OPTIONS /api/services
2025-06-25T06:35:49.039Z [INFO] GET /api/services
2025-06-25T06:35:49.041Z [INFO] GET /api/services
2025-06-25T06:35:49.045Z [INFO] GET /api/locations
2025-06-25T06:35:49.046Z [INFO] GET /api/locations
2025-06-25T06:35:49.197Z [INFO] OPTIONS /api/orders
2025-06-25T06:35:49.198Z [INFO] GET /api/orders
2025-06-25T06:35:49.204Z [INFO] OPTIONS /api/stats/appointments
2025-06-25T06:35:49.205Z [INFO] GET /api/stats/appointments
2025-06-25T06:35:49.206Z [WARN] Route not found: GET /api/stats/appointments
2025-06-25T06:36:08.785Z [INFO] OPTIONS /api/stats/dashboard
2025-06-25T06:36:08.799Z [INFO] OPTIONS /api/orders
2025-06-25T06:36:08.802Z [INFO] GET /api/orders
2025-06-25T06:36:08.809Z [INFO] OPTIONS /api/stats/system-status
2025-06-25T06:36:08.811Z [INFO] GET /api/stats/system-status
2025-06-25T06:36:08.812Z [ERROR] Error getting system status: Cannot read properties of undefined (reading 'locationId')
2025-06-25T06:36:08.816Z [INFO] OPTIONS /api/notifications/recent
2025-06-25T06:36:08.820Z [INFO] GET /api/notifications/recent
2025-06-25T06:36:08.821Z [ERROR] Error getting recent notifications: Cannot read properties of undefined (reading 'limit')
2025-06-25T06:36:08.824Z [INFO] OPTIONS /api/stats/performance
2025-06-25T06:36:08.826Z [INFO] GET /api/stats/performance
2025-06-25T06:36:08.826Z [ERROR] Error getting performance stats: Cannot read properties of undefined (reading 'locationId')
2025-06-25T06:36:28.992Z [INFO] OPTIONS /api/equipment
2025-06-25T06:36:28.995Z [INFO] OPTIONS /api/locations
2025-06-25T06:43:21.598Z [INFO] Connecting to PostgreSQL: postgres@localhost:5432/twproject
2025-06-25T06:43:21.625Z [INFO] AlertService: SMTP client initialized
2025-06-25T06:43:21.634Z [INFO] Minimal server listening on port 8000
2025-06-25T06:43:21.637Z [INFO] Scheduler: Job 'expandRecurrences' added, next run: Wed Jun 25 2025 09:45:00 GMT+0300 (Eastern European Summer Time)
2025-06-25T06:43:21.638Z [INFO] Scheduler: Job 'checkInventory' added, next run: Wed Jun 25 2025 10:00:00 GMT+0300 (Eastern European Summer Time)
2025-06-25T06:43:21.638Z [INFO] Scheduler: Job 'checkEquipmentStatus' added, next run: Wed Jun 25 2025 09:44:21 GMT+0300 (Eastern European Summer Time)
2025-06-25T06:43:21.638Z [INFO] Scheduler: Job 'updateWeatherData' added, next run: Wed Jun 25 2025 09:44:21 GMT+0300 (Eastern European Summer Time)
2025-06-25T06:43:21.639Z [INFO] Scheduler: Job 'generateDailyStats' added, next run: Thu Jun 26 2025 00:00:00 GMT+0300 (Eastern European Summer Time)
2025-06-25T06:43:21.639Z [INFO] Scheduler: Job 'exceptionDetection' added, next run: Wed Jun 25 2025 09:44:21 GMT+0300 (Eastern European Summer Time)
2025-06-25T06:43:21.639Z [INFO] Scheduler: Starting...
2025-06-25T06:43:21.639Z [INFO] Scheduler: Started successfully
2025-06-25T06:43:21.639Z [INFO] Server and scheduler started successfully
2025-06-25T06:43:21.645Z [INFO] OPTIONS /api/stats/system-status
2025-06-25T06:43:21.651Z [INFO] OPTIONS /api/stats/system-status
2025-06-25T06:43:21.653Z [INFO] OPTIONS /api/notifications/recent
2025-06-25T06:43:21.655Z [INFO] GET /api/stats/system-status
2025-06-25T06:43:21.656Z [ERROR] Error getting system status: Cannot read properties of undefined (reading 'locationId')
2025-06-25T06:43:21.658Z [INFO] GET /api/notifications/recent
2025-06-25T06:43:21.659Z [ERROR] Error getting recent notifications: Cannot read properties of undefined (reading 'limit')
2025-06-25T06:43:21.660Z [INFO] GET /api/stats/system-status
2025-06-25T06:43:21.661Z [ERROR] Error getting system status: Cannot read properties of undefined (reading 'locationId')
2025-06-25T06:43:21.662Z [INFO] GET /api/notifications/recent
2025-06-25T06:43:21.663Z [ERROR] Error getting recent notifications: Cannot read properties of undefined (reading 'limit')
2025-06-25T06:43:21.664Z [INFO] OPTIONS /api/stats/performance
2025-06-25T06:43:21.665Z [INFO] GET /api/notifications/recent
2025-06-25T06:43:21.666Z [ERROR] Error getting recent notifications: Cannot read properties of undefined (reading 'limit')
2025-06-25T06:43:21.667Z [INFO] GET /api/stats/performance
2025-06-25T06:43:21.668Z [ERROR] Error getting performance stats: Cannot read properties of undefined (reading 'locationId')
2025-06-25T06:43:21.671Z [INFO] GET /api/stats/performance
2025-06-25T06:43:21.672Z [ERROR] Error getting performance stats: Cannot read properties of undefined (reading 'locationId')
2025-06-25T06:43:21.675Z [INFO] GET /api/stats/performance
2025-06-25T06:43:21.676Z [ERROR] Error getting performance stats: Cannot read properties of undefined (reading 'locationId')
2025-06-25T06:43:21.698Z [INFO] PostgreSQL connection successful. Server time: Wed Jun 25 2025 09:43:21 GMT+0300 (Eastern European Summer Time)
2025-06-25T06:43:32.644Z [INFO] OPTIONS /api/stats/dashboard
2025-06-25T06:43:32.648Z [INFO] GET /api/stats/dashboard
2025-06-25T06:43:32.651Z [ERROR] Error getting dashboard: Cannot read properties of undefined (reading 'locationId')
2025-06-25T06:43:32.688Z [INFO] OPTIONS /api/equipment
2025-06-25T06:43:32.692Z [INFO] OPTIONS /api/locations
2025-06-25T06:43:32.705Z [INFO] OPTIONS /api/orders
2025-06-25T06:43:32.712Z [INFO] GET /api/equipment
2025-06-25T06:52:21.411Z [INFO] Connecting to PostgreSQL: postgres@localhost:5432/twproject
2025-06-25T06:52:21.437Z [INFO] AlertService: SMTP client initialized
2025-06-25T06:52:21.446Z [INFO] Minimal server listening on port 8000
2025-06-25T06:52:21.449Z [INFO] Scheduler: Job 'expandRecurrences' added, next run: Wed Jun 25 2025 09:55:00 GMT+0300 (Eastern European Summer Time)
2025-06-25T06:52:21.450Z [INFO] Scheduler: Job 'checkInventory' added, next run: Wed Jun 25 2025 10:00:00 GMT+0300 (Eastern European Summer Time)
2025-06-25T06:52:21.450Z [INFO] Scheduler: Job 'checkEquipmentStatus' added, next run: Wed Jun 25 2025 09:53:21 GMT+0300 (Eastern European Summer Time)
2025-06-25T06:52:21.450Z [INFO] Scheduler: Job 'updateWeatherData' added, next run: Wed Jun 25 2025 09:53:21 GMT+0300 (Eastern European Summer Time)
2025-06-25T06:52:21.450Z [INFO] Scheduler: Job 'generateDailyStats' added, next run: Thu Jun 26 2025 00:00:00 GMT+0300 (Eastern European Summer Time)
2025-06-25T06:52:21.450Z [INFO] Scheduler: Job 'exceptionDetection' added, next run: Wed Jun 25 2025 09:53:21 GMT+0300 (Eastern European Summer Time)
2025-06-25T06:52:21.451Z [INFO] Scheduler: Starting...
2025-06-25T06:52:21.451Z [INFO] Scheduler: Started successfully
2025-06-25T06:52:21.451Z [INFO] Server and scheduler started successfully
2025-06-25T06:52:21.499Z [INFO] PostgreSQL connection successful. Server time: Wed Jun 25 2025 09:52:21 GMT+0300 (Eastern European Summer Time)
2025-06-25T06:52:46.898Z [INFO] OPTIONS /api/auth/login
2025-06-25T06:52:46.903Z [INFO] POST /api/auth/login
2025-06-25T06:52:46.905Z [INFO] POST /api/login or /api/auth/login
2025-06-25T06:52:47.096Z [INFO] AuthService: Successful login for admin@cas.ro
2025-06-25T06:52:47.097Z [INFO] Login: Success for user admin@cas.ro
2025-06-25T06:52:48.647Z [INFO] OPTIONS /api/stats/dashboard
2025-06-25T06:52:48.651Z [INFO] GET /api/stats/dashboard
2025-06-25T06:52:48.652Z [ERROR] Error getting dashboard: Cannot read properties of undefined (reading 'locationId')
2025-06-25T06:52:48.657Z [INFO] OPTIONS /api/orders
2025-06-25T06:52:48.659Z [INFO] GET /api/orders
2025-06-25T06:52:48.676Z [INFO] OPTIONS /api/stats/system-status
2025-06-25T06:52:48.679Z [INFO] GET /api/stats/system-status
2025-06-25T06:52:48.680Z [ERROR] Error getting system status: Cannot read properties of undefined (reading 'locationId')
2025-06-25T06:52:48.685Z [INFO] OPTIONS /api/notifications/recent
2025-06-25T06:52:48.688Z [INFO] GET /api/notifications/recent
2025-06-25T06:52:48.689Z [ERROR] Error getting recent notifications: Cannot read properties of undefined (reading 'limit')
2025-06-25T06:52:48.693Z [INFO] OPTIONS /api/stats/performance
2025-06-25T06:52:48.696Z [INFO] GET /api/stats/performance
2025-06-25T06:52:48.697Z [ERROR] Error getting performance stats: Cannot read properties of undefined (reading 'locationId')
2025-06-25T06:52:52.922Z [INFO] GET /api/orders
2025-06-25T06:52:52.931Z [INFO] GET /api/stats/system-status
2025-06-25T06:52:52.932Z [ERROR] Error getting system status: Cannot read properties of undefined (reading 'locationId')
2025-06-25T06:52:52.938Z [INFO] GET /api/notifications/recent
2025-06-25T06:52:52.939Z [ERROR] Error getting recent notifications: Cannot read properties of undefined (reading 'limit')
2025-06-25T06:52:52.943Z [INFO] GET /api/stats/performance
2025-06-25T06:52:52.945Z [ERROR] Error getting performance stats: Cannot read properties of undefined (reading 'locationId')
2025-06-25T06:52:54.879Z [INFO] OPTIONS /api/equipment
2025-06-25T06:52:54.882Z [INFO] OPTIONS /api/locations
2025-06-25T06:52:54.884Z [INFO] GET /api/equipment
2025-06-25T07:00:18.923Z [INFO] Connecting to PostgreSQL: postgres@localhost:5432/twproject
2025-06-25T07:00:18.952Z [INFO] AlertService: SMTP client initialized
2025-06-25T07:00:18.963Z [INFO] Minimal server listening on port 3000
2025-06-25T07:00:18.967Z [INFO] Scheduler: Job 'expandRecurrences' added, next run: Wed Jun 25 2025 10:00:00 GMT+0300 (Eastern European Summer Time)
2025-06-25T07:00:18.967Z [INFO] Scheduler: Job 'checkInventory' added, next run: Wed Jun 25 2025 11:00:00 GMT+0300 (Eastern European Summer Time)
2025-06-25T07:00:18.968Z [INFO] Scheduler: Job 'checkEquipmentStatus' added, next run: Wed Jun 25 2025 10:01:18 GMT+0300 (Eastern European Summer Time)
2025-06-25T07:00:18.968Z [INFO] Scheduler: Job 'updateWeatherData' added, next run: Wed Jun 25 2025 10:01:18 GMT+0300 (Eastern European Summer Time)
2025-06-25T07:00:18.968Z [INFO] Scheduler: Job 'generateDailyStats' added, next run: Thu Jun 26 2025 00:00:00 GMT+0300 (Eastern European Summer Time)
2025-06-25T07:00:18.968Z [INFO] Scheduler: Job 'exceptionDetection' added, next run: Wed Jun 25 2025 10:01:18 GMT+0300 (Eastern European Summer Time)
2025-06-25T07:00:18.969Z [INFO] Scheduler: Starting...
2025-06-25T07:00:18.969Z [INFO] Scheduler: Started successfully
2025-06-25T07:00:18.969Z [INFO] Server and scheduler started successfully
2025-06-25T07:00:19.130Z [INFO] PostgreSQL connection successful. Server time: Wed Jun 25 2025 10:00:19 GMT+0300 (Eastern European Summer Time)
2025-06-25T07:00:19.143Z [INFO] WebSocket upgrade request: /
2025-06-25T07:00:19.143Z [WARN] WebSocket upgrade rejected for path: /
2025-06-25T07:00:19.158Z [INFO] WebSocket upgrade request: /
2025-06-25T07:00:19.158Z [WARN] WebSocket upgrade rejected for path: /
2025-06-25T07:00:19.948Z [INFO] WebSocket upgrade request: /
2025-06-25T07:00:19.948Z [WARN] WebSocket upgrade rejected for path: /
2025-06-25T07:00:21.928Z [INFO] WebSocket upgrade request: /
2025-06-25T07:00:21.929Z [WARN] WebSocket upgrade rejected for path: /
2025-06-25T07:00:24.938Z [INFO] WebSocket upgrade request: /
2025-06-25T07:00:24.939Z [WARN] WebSocket upgrade rejected for path: /
2025-06-25T07:00:24.966Z [INFO] WebSocket upgrade request: /
2025-06-25T07:00:24.967Z [WARN] WebSocket upgrade rejected for path: /
2025-06-25T07:00:25.936Z [INFO] WebSocket upgrade request: /
2025-06-25T07:00:25.937Z [WARN] WebSocket upgrade rejected for path: /
2025-06-25T07:00:27.938Z [INFO] WebSocket upgrade request: /
2025-06-25T07:00:27.938Z [WARN] WebSocket upgrade rejected for path: /
2025-06-25T07:00:30.928Z [INFO] WebSocket upgrade request: /
2025-06-25T07:00:30.928Z [WARN] WebSocket upgrade rejected for path: /
2025-06-25T07:00:30.941Z [INFO] WebSocket upgrade request: /
2025-06-25T07:00:30.942Z [WARN] WebSocket upgrade rejected for path: /
2025-06-25T07:00:31.940Z [INFO] WebSocket upgrade request: /
2025-06-25T07:00:31.940Z [WARN] WebSocket upgrade rejected for path: /
2025-06-25T07:00:33.932Z [INFO] WebSocket upgrade request: /
2025-06-25T07:00:33.932Z [WARN] WebSocket upgrade rejected for path: /
2025-06-25T07:00:36.937Z [INFO] WebSocket upgrade request: /
2025-06-25T07:00:36.937Z [WARN] WebSocket upgrade rejected for path: /
2025-06-25T07:00:36.951Z [INFO] WebSocket upgrade request: /
2025-06-25T07:00:36.951Z [WARN] WebSocket upgrade rejected for path: /
2025-06-25T07:00:37.930Z [INFO] WebSocket upgrade request: /
2025-06-25T07:00:37.931Z [WARN] WebSocket upgrade rejected for path: /
2025-06-25T07:00:39.929Z [INFO] WebSocket upgrade request: /
2025-06-25T07:00:39.929Z [WARN] WebSocket upgrade rejected for path: /
2025-06-25T07:00:42.939Z [INFO] WebSocket upgrade request: /
2025-06-25T07:00:42.939Z [WARN] WebSocket upgrade rejected for path: /
2025-06-25T07:00:42.952Z [INFO] WebSocket upgrade request: /
2025-06-25T07:00:42.952Z [WARN] WebSocket upgrade rejected for path: /
2025-06-25T07:00:43.929Z [INFO] WebSocket upgrade request: /
2025-06-25T07:00:43.929Z [WARN] WebSocket upgrade rejected for path: /
2025-06-25T07:00:45.933Z [INFO] WebSocket upgrade request: /
2025-06-25T07:00:45.934Z [WARN] WebSocket upgrade rejected for path: /
2025-06-25T07:00:48.931Z [INFO] WebSocket upgrade request: /
2025-06-25T07:00:48.931Z [WARN] WebSocket upgrade rejected for path: /
2025-06-25T07:00:48.945Z [INFO] WebSocket upgrade request: /
2025-06-25T07:00:48.946Z [WARN] WebSocket upgrade rejected for path: /
2025-06-25T07:01:07.604Z [INFO] Connecting to PostgreSQL: postgres@localhost:5432/twproject
2025-06-25T07:01:07.628Z [INFO] AlertService: SMTP client initialized
2025-06-25T07:01:07.634Z [INFO] Minimal server listening on port 3000
2025-06-25T07:01:07.637Z [INFO] Scheduler: Job 'expandRecurrences' added, next run: Wed Jun 25 2025 10:05:00 GMT+0300 (Eastern European Summer Time)
2025-06-25T07:01:07.638Z [INFO] Scheduler: Job 'checkInventory' added, next run: Wed Jun 25 2025 11:00:00 GMT+0300 (Eastern European Summer Time)
2025-06-25T07:01:07.638Z [INFO] Scheduler: Job 'checkEquipmentStatus' added, next run: Wed Jun 25 2025 10:02:07 GMT+0300 (Eastern European Summer Time)
2025-06-25T07:01:07.639Z [INFO] Scheduler: Job 'updateWeatherData' added, next run: Wed Jun 25 2025 10:02:07 GMT+0300 (Eastern European Summer Time)
2025-06-25T07:01:07.639Z [INFO] Scheduler: Job 'generateDailyStats' added, next run: Thu Jun 26 2025 00:00:00 GMT+0300 (Eastern European Summer Time)
2025-06-25T07:01:07.639Z [INFO] Scheduler: Job 'exceptionDetection' added, next run: Wed Jun 25 2025 10:02:07 GMT+0300 (Eastern European Summer Time)
2025-06-25T07:01:07.640Z [INFO] Scheduler: Starting...
2025-06-25T07:01:07.640Z [INFO] Scheduler: Started successfully
2025-06-25T07:01:07.641Z [INFO] Server and scheduler started successfully
2025-06-25T07:01:07.685Z [INFO] PostgreSQL connection successful. Server time: Wed Jun 25 2025 10:01:07 GMT+0300 (Eastern European Summer Time)
2025-06-25T07:01:07.768Z [INFO] WebSocket upgrade request: /
2025-06-25T07:01:07.769Z [WARN] WebSocket upgrade rejected for path: /
2025-06-25T07:01:08.944Z [INFO] WebSocket upgrade request: /
2025-06-25T07:01:08.945Z [WARN] WebSocket upgrade rejected for path: /
2025-06-25T07:01:10.952Z [INFO] WebSocket upgrade request: /
2025-06-25T07:01:10.953Z [WARN] WebSocket upgrade rejected for path: /
2025-06-25T07:01:12.932Z [INFO] WebSocket upgrade request: /
2025-06-25T07:01:12.932Z [WARN] WebSocket upgrade rejected for path: /
2025-06-25T07:01:12.947Z [INFO] WebSocket upgrade request: /
2025-06-25T07:01:12.947Z [WARN] WebSocket upgrade rejected for path: /
2025-06-25T07:01:14.948Z [INFO] WebSocket upgrade request: /
2025-06-25T07:01:14.948Z [WARN] WebSocket upgrade rejected for path: /
2025-06-25T07:01:16.970Z [INFO] WebSocket upgrade request: /
2025-06-25T07:01:16.971Z [WARN] WebSocket upgrade rejected for path: /
2025-06-25T07:01:18.148Z [INFO] WebSocket upgrade request: /
2025-06-25T07:01:18.148Z [WARN] WebSocket upgrade rejected for path: /
2025-06-25T07:01:18.956Z [INFO] WebSocket upgrade request: /
2025-06-25T07:01:18.956Z [WARN] WebSocket upgrade rejected for path: /
2025-06-25T07:01:20.941Z [INFO] WebSocket upgrade request: /
2025-06-25T07:01:20.942Z [WARN] WebSocket upgrade rejected for path: /
2025-06-25T07:01:22.951Z [INFO] WebSocket upgrade request: /
2025-06-25T07:01:22.952Z [WARN] WebSocket upgrade rejected for path: /
2025-06-25T07:01:24.966Z [INFO] WebSocket upgrade request: /
2025-06-25T07:01:24.967Z [WARN] WebSocket upgrade rejected for path: /
2025-06-25T07:01:26.968Z [INFO] WebSocket upgrade request: /
2025-06-25T07:01:26.968Z [WARN] WebSocket upgrade rejected for path: /
2025-06-25T07:01:28.995Z [INFO] WebSocket upgrade request: /
2025-06-25T07:01:28.996Z [WARN] WebSocket upgrade rejected for path: /
2025-06-25T07:01:30.999Z [INFO] WebSocket upgrade request: /
2025-06-25T07:01:31.000Z [WARN] WebSocket upgrade rejected for path: /
2025-06-25T07:01:33.013Z [INFO] WebSocket upgrade request: /
2025-06-25T07:01:33.014Z [WARN] WebSocket upgrade rejected for path: /
2025-06-25T07:01:34.990Z [INFO] WebSocket upgrade request: /
2025-06-25T07:01:34.991Z [WARN] WebSocket upgrade rejected for path: /
2025-06-25T07:01:36.970Z [INFO] WebSocket upgrade request: /
2025-06-25T07:01:36.970Z [WARN] WebSocket upgrade rejected for path: /
2025-06-25T07:01:39.089Z [INFO] WebSocket upgrade request: /
2025-06-25T07:01:39.090Z [WARN] WebSocket upgrade rejected for path: /
2025-06-25T07:01:41.060Z [INFO] WebSocket upgrade request: /
2025-06-25T07:01:41.060Z [WARN] WebSocket upgrade rejected for path: /
2025-06-25T07:01:43.115Z [INFO] WebSocket upgrade request: /
2025-06-25T07:01:43.116Z [WARN] WebSocket upgrade rejected for path: /
2025-06-25T07:01:45.027Z [INFO] WebSocket upgrade request: /
2025-06-25T07:01:45.027Z [WARN] WebSocket upgrade rejected for path: /
2025-06-25T07:01:47.064Z [INFO] WebSocket upgrade request: /
2025-06-25T07:01:47.064Z [WARN] WebSocket upgrade rejected for path: /
2025-06-25T07:01:49.247Z [INFO] WebSocket upgrade request: /
2025-06-25T07:01:49.247Z [WARN] WebSocket upgrade rejected for path: /
2025-06-25T07:01:51.313Z [INFO] WebSocket upgrade request: /
2025-06-25T07:01:51.313Z [WARN] WebSocket upgrade rejected for path: /
2025-06-25T07:01:53.610Z [INFO] WebSocket upgrade request: /
2025-06-25T07:01:53.611Z [WARN] WebSocket upgrade rejected for path: /
2025-06-25T07:01:55.999Z [INFO] WebSocket upgrade request: /
2025-06-25T07:01:55.999Z [WARN] WebSocket upgrade rejected for path: /
2025-06-25T07:01:57.199Z [INFO] WebSocket upgrade request: /
2025-06-25T07:01:57.199Z [WARN] WebSocket upgrade rejected for path: /
2025-06-25T07:02:01.329Z [INFO] WebSocket upgrade request: /
2025-06-25T07:02:01.330Z [WARN] WebSocket upgrade rejected for path: /
2025-06-25T07:02:03.003Z [INFO] WebSocket upgrade request: /
2025-06-25T07:02:03.004Z [WARN] WebSocket upgrade rejected for path: /
2025-06-25T07:02:03.468Z [INFO] WebSocket upgrade request: /
2025-06-25T07:02:03.468Z [WARN] WebSocket upgrade rejected for path: /
2025-06-25T07:02:11.141Z [INFO] Connecting to PostgreSQL: postgres@localhost:5432/twproject
2025-06-25T07:02:11.163Z [INFO] AlertService: SMTP client initialized
2025-06-25T07:02:11.173Z [INFO] Minimal server listening on port 8000
2025-06-25T07:02:11.179Z [INFO] Scheduler: Job 'expandRecurrences' added, next run: Wed Jun 25 2025 10:05:00 GMT+0300 (Eastern European Summer Time)
2025-06-25T07:02:11.180Z [INFO] Scheduler: Job 'checkInventory' added, next run: Wed Jun 25 2025 11:00:00 GMT+0300 (Eastern European Summer Time)
2025-06-25T07:02:11.180Z [INFO] Scheduler: Job 'checkEquipmentStatus' added, next run: Wed Jun 25 2025 10:03:11 GMT+0300 (Eastern European Summer Time)
2025-06-25T07:02:11.181Z [INFO] Scheduler: Job 'updateWeatherData' added, next run: Wed Jun 25 2025 10:03:11 GMT+0300 (Eastern European Summer Time)
2025-06-25T07:02:11.181Z [INFO] Scheduler: Job 'generateDailyStats' added, next run: Thu Jun 26 2025 00:00:00 GMT+0300 (Eastern European Summer Time)
2025-06-25T07:02:11.181Z [INFO] Scheduler: Job 'exceptionDetection' added, next run: Wed Jun 25 2025 10:03:11 GMT+0300 (Eastern European Summer Time)
2025-06-25T07:02:11.182Z [INFO] Scheduler: Starting...
2025-06-25T07:02:11.182Z [INFO] Scheduler: Started successfully
2025-06-25T07:02:11.182Z [INFO] Server and scheduler started successfully
2025-06-25T07:02:11.232Z [INFO] PostgreSQL connection successful. Server time: Wed Jun 25 2025 10:02:11 GMT+0300 (Eastern European Summer Time)
2025-06-25T07:02:21.772Z [INFO] OPTIONS /api/auth/login
2025-06-25T07:02:21.777Z [INFO] POST /api/auth/login
2025-06-25T07:02:21.778Z [INFO] POST /api/login or /api/auth/login
2025-06-25T07:02:21.969Z [INFO] AuthService: Successful login for admin@cas.ro
2025-06-25T07:02:21.969Z [INFO] Login: Success for user admin@cas.ro
2025-06-25T07:02:23.507Z [INFO] OPTIONS /api/stats/dashboard
2025-06-25T07:02:23.509Z [INFO] GET /api/stats/dashboard
2025-06-25T07:02:23.510Z [ERROR] Error getting dashboard: Cannot read properties of undefined (reading 'locationId')
2025-06-25T07:02:23.515Z [INFO] OPTIONS /api/orders
2025-06-25T07:02:23.517Z [INFO] GET /api/orders
2025-06-25T07:02:23.532Z [INFO] OPTIONS /api/stats/system-status
2025-06-25T07:02:23.535Z [INFO] GET /api/stats/system-status
2025-06-25T07:02:23.537Z [ERROR] Error getting system status: Cannot read properties of undefined (reading 'locationId')
2025-06-25T07:02:23.543Z [INFO] OPTIONS /api/notifications/recent
2025-06-25T07:02:23.545Z [INFO] GET /api/notifications/recent
2025-06-25T07:02:23.546Z [ERROR] Error getting recent notifications: Cannot read properties of undefined (reading 'limit')
2025-06-25T07:02:23.550Z [INFO] OPTIONS /api/stats/performance
2025-06-25T07:02:23.554Z [INFO] GET /api/stats/performance
2025-06-25T07:02:23.555Z [ERROR] Error getting performance stats: Cannot read properties of undefined (reading 'locationId')
2025-06-25T07:02:26.770Z [INFO] OPTIONS /api/orders
2025-06-25T07:02:26.771Z [INFO] OPTIONS /api/customers
2025-06-25T07:02:26.772Z [INFO] OPTIONS /api/services
2025-06-25T07:02:26.774Z [INFO] OPTIONS /api/locations
2025-06-25T07:02:26.775Z [INFO] GET /api/orders
2025-06-25T07:02:26.777Z [INFO] GET /api/customers
2025-06-25T07:02:26.779Z [INFO] GET /api/customers
2025-06-25T07:02:26.783Z [INFO] GET /api/services
2025-06-25T07:02:26.785Z [INFO] GET /api/services
2025-06-25T07:02:26.788Z [INFO] GET /api/locations
2025-06-25T07:02:26.788Z [INFO] GET /api/locations
2025-06-25T07:02:48.458Z [INFO] OPTIONS /api/stats/dashboard
2025-06-25T07:02:48.475Z [INFO] OPTIONS /api/orders
2025-06-25T07:02:48.477Z [INFO] GET /api/orders
2025-06-25T07:02:48.489Z [INFO] OPTIONS /api/stats/system-status
2025-06-25T07:02:48.492Z [INFO] GET /api/stats/system-status
2025-06-25T07:02:48.494Z [ERROR] Error getting system status: Cannot read properties of undefined (reading 'locationId')
2025-06-25T07:02:48.499Z [INFO] OPTIONS /api/notifications/recent
2025-06-25T07:02:48.501Z [INFO] GET /api/notifications/recent
2025-06-25T07:02:48.502Z [ERROR] Error getting recent notifications: Cannot read properties of undefined (reading 'limit')
2025-06-25T07:02:48.506Z [INFO] OPTIONS /api/stats/performance
2025-06-25T07:02:48.508Z [INFO] GET /api/stats/performance
2025-06-25T07:02:48.510Z [ERROR] Error getting performance stats: Cannot read properties of undefined (reading 'locationId')
2025-06-25T07:02:48.856Z [INFO] GET /api/stats/dashboard
2025-06-25T07:02:48.857Z [ERROR] Error getting dashboard: Cannot read properties of undefined (reading 'locationId')
2025-06-25T07:02:48.864Z [INFO] GET /api/orders
2025-06-25T07:02:48.873Z [INFO] GET /api/stats/system-status
2025-06-25T07:02:48.874Z [ERROR] Error getting system status: Cannot read properties of undefined (reading 'locationId')
2025-06-25T07:02:48.881Z [INFO] GET /api/notifications/recent
2025-06-25T07:02:48.882Z [ERROR] Error getting recent notifications: Cannot read properties of undefined (reading 'limit')
2025-06-25T07:02:48.888Z [INFO] GET /api/stats/performance
2025-06-25T07:02:48.890Z [ERROR] Error getting performance stats: Cannot read properties of undefined (reading 'locationId')
2025-06-25T07:02:49.344Z [INFO] GET /api/stats/dashboard
2025-06-25T07:02:49.345Z [ERROR] Error getting dashboard: Cannot read properties of undefined (reading 'locationId')
2025-06-25T07:02:49.355Z [INFO] GET /api/orders
2025-06-25T07:02:49.362Z [INFO] GET /api/stats/system-status
2025-06-25T07:02:49.363Z [ERROR] Error getting system status: Cannot read properties of undefined (reading 'locationId')
2025-06-25T07:02:49.371Z [INFO] GET /api/notifications/recent
2025-06-25T07:02:49.373Z [ERROR] Error getting recent notifications: Cannot read properties of undefined (reading 'limit')
2025-06-25T07:02:49.378Z [INFO] GET /api/stats/performance
2025-06-25T07:02:49.379Z [ERROR] Error getting performance stats: Cannot read properties of undefined (reading 'locationId')
2025-06-25T07:02:51.738Z [INFO] OPTIONS /api/auth/logout
2025-06-25T07:02:51.740Z [INFO] POST /api/auth/logout
2025-06-25T07:02:51.741Z [INFO] POST /api/auth/logout
2025-06-25T07:02:51.741Z [INFO] AuthService: Successful logout
2025-06-25T07:02:59.958Z [INFO] OPTIONS /api/auth/login
2025-06-25T07:02:59.959Z [INFO] POST /api/auth/login
2025-06-25T07:02:59.960Z [INFO] POST /api/login or /api/auth/login
2025-06-25T07:03:00.160Z [INFO] AuthService: Successful login for client@cas.ro
2025-06-25T07:03:00.161Z [INFO] Login: Success for user client@cas.ro
2025-06-25T07:03:01.716Z [INFO] OPTIONS /api/stats/dashboard
2025-06-25T07:03:01.718Z [INFO] GET /api/stats/dashboard
2025-06-25T07:03:01.719Z [ERROR] Error getting dashboard: Cannot read properties of undefined (reading 'locationId')
2025-06-25T07:03:01.725Z [INFO] OPTIONS /api/orders
2025-06-25T07:03:01.727Z [INFO] GET /api/orders
2025-06-25T07:03:01.735Z [INFO] OPTIONS /api/stats/system-status
2025-06-25T07:03:01.737Z [INFO] GET /api/stats/system-status
2025-06-25T07:03:01.738Z [ERROR] Error getting system status: Cannot read properties of undefined (reading 'locationId')
2025-06-25T07:03:01.744Z [INFO] OPTIONS /api/notifications/recent
2025-06-25T07:03:01.748Z [INFO] GET /api/notifications/recent
2025-06-25T07:03:01.749Z [ERROR] Error getting recent notifications: Cannot read properties of undefined (reading 'limit')
2025-06-25T07:03:01.755Z [INFO] OPTIONS /api/stats/performance
2025-06-25T07:03:01.758Z [INFO] GET /api/stats/performance
2025-06-25T07:03:01.759Z [ERROR] Error getting performance stats: Cannot read properties of undefined (reading 'locationId')
2025-06-25T07:03:04.939Z [INFO] GET /api/stats/system-status
2025-06-25T07:03:04.939Z [ERROR] Error getting system status: Cannot read properties of undefined (reading 'locationId')
2025-06-25T07:03:04.940Z [INFO] GET /api/stats/dashboard
2025-06-25T07:03:04.941Z [ERROR] Error getting dashboard: Cannot read properties of undefined (reading 'locationId')
2025-06-25T07:03:04.941Z [INFO] GET /api/stats/system-status
2025-06-25T07:03:04.942Z [ERROR] Error getting system status: Cannot read properties of undefined (reading 'locationId')
2025-06-25T07:03:04.942Z [INFO] GET /api/stats/dashboard
2025-06-25T07:03:04.942Z [ERROR] Error getting dashboard: Cannot read properties of undefined (reading 'locationId')
2025-06-25T07:03:05.942Z [INFO] GET /api/orders
2025-06-25T07:03:05.946Z [INFO] GET /api/stats/system-status
2025-06-25T07:03:05.947Z [ERROR] Error getting system status: Cannot read properties of undefined (reading 'locationId')
2025-06-25T07:03:05.949Z [INFO] GET /api/notifications/recent
2025-06-25T07:03:05.950Z [ERROR] Error getting recent notifications: Cannot read properties of undefined (reading 'limit')
2025-06-25T07:03:05.955Z [INFO] GET /api/stats/performance
2025-06-25T07:03:05.957Z [ERROR] Error getting performance stats: Cannot read properties of undefined (reading 'locationId')
2025-06-25T07:03:06.925Z [INFO] OPTIONS /api/stats/dashboard
2025-06-25T07:03:06.926Z [INFO] OPTIONS /api/stats/system-status
2025-06-25T07:03:06.926Z [INFO] GET /api/stats/dashboard
2025-06-25T07:03:06.927Z [ERROR] Error getting dashboard: Cannot read properties of undefined (reading 'locationId')
2025-06-25T07:03:06.928Z [INFO] GET /api/stats/system-status
2025-06-25T07:03:06.928Z [ERROR] Error getting system status: Cannot read properties of undefined (reading 'locationId')
2025-06-25T07:03:08.691Z [INFO] OPTIONS /api/services
2025-06-25T07:03:08.693Z [INFO] GET /api/services
2025-06-25T07:03:08.694Z [INFO] GET /api/services
2025-06-25T07:03:08.705Z [INFO] OPTIONS /api/locations
2025-06-25T07:03:08.708Z [INFO] GET /api/locations
2025-06-25T07:03:08.709Z [INFO] GET /api/locations
2025-06-25T07:03:11.196Z [INFO] Scheduler: Running job 'checkEquipmentStatus'
2025-06-25T07:03:11.197Z [INFO] CheckEquipmentStatus: Starting equipment monitoring job
2025-06-25T07:03:11.197Z [INFO] Starting equipment status check...
2025-06-25T07:03:11.199Z [ERROR] SQL error after 2ms: column em.ended_at does not exist
2025-06-25T07:03:11.200Z [ERROR] Failed query: 
            SELECT 
                e.*,
                l.name as location_name,
                MAX(em.ended_at) as last_maintenance
            FROM equipment e
            JOIN locations l ON e.location_id = l.location_id
            LEFT JOIN equipment_maintenance em ON e.equipment_id = em.equipment_id 
                AND em.ended_at IS NOT NULL
            WHERE e.status = 'OPERATIVE'
            GROUP BY e.equipment_id, l.name
            HAVING MAX(em.ended_at) < NOW() - INTERVAL '90 days' OR MAX(em.ended_at) IS NULL
            ORDER BY last_maintenance ASC NULLS FIRST
        
2025-06-25T07:03:11.200Z [ERROR] Error checking equipment status:
2025-06-25T07:03:11.200Z [ERROR] CheckEquipmentStatus: Job failed
2025-06-25T07:03:11.200Z [INFO] Scheduler: Job 'checkEquipmentStatus' completed, next run: Wed Jun 25 2025 10:04:11 GMT+0300 (Eastern European Summer Time)
2025-06-25T07:03:11.200Z [INFO] Scheduler: Running job 'updateWeatherData'
2025-06-25T07:03:11.201Z [INFO] Starting weather data update job...
2025-06-25T07:03:11.201Z [INFO] Starting weather data update for all locations...
2025-06-25T07:03:11.249Z [ERROR] Error updating weather data:
2025-06-25T07:03:11.250Z [ERROR] Weather data update job failed:
2025-06-25T07:03:11.250Z [INFO] Scheduler: Job 'updateWeatherData' completed, next run: Wed Jun 25 2025 10:04:11 GMT+0300 (Eastern European Summer Time)
2025-06-25T07:03:11.251Z [INFO] Scheduler: Running job 'exceptionDetection'
2025-06-25T07:03:11.251Z [INFO] Starting automated exception detection...
2025-06-25T07:03:11.252Z [INFO] Running comprehensive exception detection...
2025-06-25T07:03:11.257Z [ERROR] SQL error after 4ms: column l.id does not exist
2025-06-25T07:03:11.258Z [ERROR] Failed query: 
        SELECT 
          l.id as location_id,
          l.name as location_name,
          COUNT(e.id) as total_employees,
          COUNT(CASE WHEN e.status = 'ACTIVE' THEN 1 END) as active_employees,
          COUNT(CASE WHEN e.status = 'SICK' THEN 1 END) as sick_employees,
          COUNT(CASE WHEN e.status = 'VACATION' THEN 1 END) as vacation_employees
        FROM locations l
        LEFT JOIN employees e ON l.id = e.location_id
       GROUP BY l.id, l.name
2025-06-25T07:03:11.258Z [ERROR] Error detecting staff unavailability: column l.id does not exist
2025-06-25T07:03:11.325Z [ERROR] SQL error after 71ms: column l.id does not exist
2025-06-25T07:03:11.326Z [ERROR] Failed query: 
        SELECT 
          e.id,
          e.name,
          e.type,
          e.status,
          e.location_id,
          l.name as location_name,
          EXTRACT(days FROM (NOW() - e.updated_at)) as days_since_update,
          COUNT(em.id) as recent_maintenance
        FROM equipment e
        JOIN locations l ON e.location_id = l.id
        LEFT JOIN equipment_maintenance em ON e.id = em.equipment_id 
          AND em.created_at >= NOW() - INTERVAL '30 days'
      
        GROUP BY e.id, e.name, e.type, e.status, e.location_id, l.name, e.updated_at
        HAVING e.status = 'OUT_OF_SERVICE' 
          OR EXTRACT(days FROM (NOW() - e.updated_at)) > 7
        ORDER BY days_since_update DESC
      
2025-06-25T07:03:11.327Z [ERROR] Error detecting equipment failures: column l.id does not exist
2025-06-25T07:03:11.330Z [ERROR] SQL error after 76ms: column o.id does not exist
2025-06-25T07:03:11.331Z [ERROR] Failed query: 
        SELECT 
          t.id,
          t.status,
          t.location_id,
          l.name as location_name,
          o.id as order_id,
          EXTRACT(hours FROM (NOW() - t.created_at)) as hours_since_created,
          EXTRACT(hours FROM (NOW() - t.updated_at)) as hours_since_updated
        FROM transports t
        JOIN orders o ON t.order_id = o.id
        JOIN locations l ON t.location_id = l.id
        WHERE t.status IN ('PENDING', 'IN_PROGRESS')
       ORDER BY t.created_at ASC
2025-06-25T07:03:11.331Z [ERROR] Error detecting transport issues: column o.id does not exist
2025-06-25T07:03:11.332Z [ERROR] SQL error after 79ms: column l.id does not exist
2025-06-25T07:03:11.333Z [ERROR] Failed query: 
        SELECT 
          l.id as location_id,
          l.name as location_name,
          COUNT(e.id) as total_equipment,
          COUNT(CASE WHEN e.status = 'OUT_OF_SERVICE' THEN 1 END) as out_of_service,
          COUNT(CASE WHEN e.updated_at < NOW() - INTERVAL '2 hours' THEN 1 END) as stale_equipment
        FROM locations l
        LEFT JOIN equipment e ON l.id = e.location_id
       GROUP BY l.id, l.name
2025-06-25T07:03:11.333Z [ERROR] Error detecting power outage: column l.id does not exist
2025-06-25T07:03:11.334Z [INFO] Exception detection completed: 0 issues found
2025-06-25T07:03:11.334Z [INFO] Exception detection completed: 0 total issues found
2025-06-25T07:03:11.334Z [INFO] - Staff issues: 0
2025-06-25T07:03:11.335Z [INFO] - Power issues: 0
2025-06-25T07:03:11.335Z [INFO] - Equipment issues: 0
2025-06-25T07:03:11.335Z [INFO] - Transport issues: 0
2025-06-25T07:03:11.336Z [INFO] Creating notification: SYSTEM_STATUS_OK - LOW - All systems operational - no critical issues detected
2025-06-25T07:03:11.337Z [INFO] Notification sent via websocket: notif_1750834991336_rzod1ilzl
2025-06-25T07:03:11.337Z [INFO] Exception detection completed successfully in 86ms
2025-06-25T07:03:11.338Z [INFO] Scheduler: Job 'exceptionDetection' completed, next run: Wed Jun 25 2025 10:04:11 GMT+0300 (Eastern European Summer Time)
2025-06-25T07:03:13.772Z [INFO] OPTIONS /api/services
2025-06-25T07:03:13.774Z [INFO] GET /api/services
2025-06-25T07:03:13.774Z [INFO] GET /api/services
2025-06-25T07:03:13.841Z [INFO] OPTIONS /api/locations
2025-06-25T07:03:13.843Z [INFO] GET /api/locations
2025-06-25T07:03:13.844Z [INFO] GET /api/locations
2025-06-25T07:03:14.383Z [INFO] GET /api/services
2025-06-25T07:03:14.384Z [INFO] GET /api/services
2025-06-25T07:03:14.389Z [INFO] GET /api/locations
2025-06-25T07:03:14.390Z [INFO] GET /api/locations
2025-06-25T07:03:16.239Z [INFO] OPTIONS /api/stats/dashboard
2025-06-25T07:03:16.255Z [INFO] OPTIONS /api/orders
2025-06-25T07:03:16.258Z [INFO] GET /api/orders
2025-06-25T07:03:16.277Z [INFO] OPTIONS /api/stats/system-status
2025-06-25T07:03:16.280Z [INFO] GET /api/stats/system-status
2025-06-25T07:03:16.281Z [ERROR] Error getting system status: Cannot read properties of undefined (reading 'locationId')
2025-06-25T07:03:16.284Z [INFO] OPTIONS /api/notifications/recent
2025-06-25T07:03:16.288Z [INFO] GET /api/notifications/recent
2025-06-25T07:03:16.289Z [ERROR] Error getting recent notifications: Cannot read properties of undefined (reading 'limit')
2025-06-25T07:03:16.293Z [INFO] OPTIONS /api/stats/performance
2025-06-25T07:03:16.296Z [INFO] GET /api/stats/performance
2025-06-25T07:03:16.297Z [ERROR] Error getting performance stats: Cannot read properties of undefined (reading 'locationId')
2025-06-25T07:03:18.912Z [INFO] GET /api/orders
2025-06-25T07:03:18.919Z [INFO] GET /api/stats/system-status
2025-06-25T07:03:18.919Z [ERROR] Error getting system status: Cannot read properties of undefined (reading 'locationId')
2025-06-25T07:03:18.923Z [INFO] GET /api/notifications/recent
2025-06-25T07:03:18.924Z [ERROR] Error getting recent notifications: Cannot read properties of undefined (reading 'limit')
2025-06-25T07:03:18.927Z [INFO] GET /api/stats/performance
2025-06-25T07:03:18.928Z [ERROR] Error getting performance stats: Cannot read properties of undefined (reading 'locationId')
2025-06-25T07:03:20.889Z [INFO] GET /api/orders
2025-06-25T07:03:20.893Z [INFO] GET /api/stats/system-status
2025-06-25T07:03:20.894Z [ERROR] Error getting system status: Cannot read properties of undefined (reading 'locationId')
2025-06-25T07:03:20.899Z [INFO] GET /api/notifications/recent
2025-06-25T07:03:20.900Z [ERROR] Error getting recent notifications: Cannot read properties of undefined (reading 'limit')
2025-06-25T07:03:20.904Z [INFO] GET /api/stats/performance
2025-06-25T07:03:20.904Z [ERROR] Error getting performance stats: Cannot read properties of undefined (reading 'locationId')
2025-06-25T07:03:23.465Z [INFO] OPTIONS /api/stats/dashboard
2025-06-25T07:03:23.475Z [INFO] OPTIONS /api/orders
2025-06-25T07:03:23.477Z [INFO] GET /api/orders
2025-06-25T07:03:23.483Z [INFO] OPTIONS /api/stats/system-status
2025-06-25T07:03:23.484Z [INFO] GET /api/stats/system-status
2025-06-25T07:03:23.485Z [ERROR] Error getting system status: Cannot read properties of undefined (reading 'locationId')
2025-06-25T07:03:23.490Z [INFO] OPTIONS /api/notifications/recent
2025-06-25T07:03:23.494Z [INFO] GET /api/notifications/recent
2025-06-25T07:03:23.495Z [ERROR] Error getting recent notifications: Cannot read properties of undefined (reading 'limit')
2025-06-25T07:03:23.499Z [INFO] OPTIONS /api/stats/performance
2025-06-25T07:03:23.500Z [INFO] GET /api/stats/performance
2025-06-25T07:03:23.501Z [ERROR] Error getting performance stats: Cannot read properties of undefined (reading 'locationId')
2025-06-25T07:03:24.395Z [INFO] OPTIONS /api/locations
2025-06-25T07:03:24.398Z [INFO] GET /api/locations
2025-06-25T07:03:24.399Z [INFO] GET /api/locations
2025-06-25T07:03:28.819Z [INFO] GET /api/locations
2025-06-25T07:03:28.820Z [INFO] GET /api/locations
2025-06-25T07:03:29.801Z [INFO] OPTIONS /api/stats/dashboard
2025-06-25T07:03:29.805Z [INFO] GET /api/stats/dashboard
2025-06-25T07:03:29.806Z [ERROR] Error getting dashboard: Cannot read properties of undefined (reading 'locationId')
2025-06-25T07:03:29.813Z [INFO] OPTIONS /api/orders
2025-06-25T07:03:29.815Z [INFO] GET /api/orders
2025-06-25T07:03:29.826Z [INFO] OPTIONS /api/stats/system-status
2025-06-25T07:03:29.830Z [INFO] GET /api/stats/system-status
2025-06-25T07:03:29.832Z [ERROR] Error getting system status: Cannot read properties of undefined (reading 'locationId')
2025-06-25T07:03:29.837Z [INFO] OPTIONS /api/notifications/recent
2025-06-25T07:03:29.840Z [INFO] GET /api/notifications/recent
2025-06-25T07:03:29.841Z [ERROR] Error getting recent notifications: Cannot read properties of undefined (reading 'limit')
2025-06-25T07:03:29.846Z [INFO] OPTIONS /api/stats/performance
2025-06-25T07:03:29.848Z [INFO] GET /api/stats/performance
2025-06-25T07:03:29.849Z [ERROR] Error getting performance stats: Cannot read properties of undefined (reading 'locationId')
2025-06-25T07:03:31.339Z [INFO] OPTIONS /api/locations
2025-06-25T07:03:31.340Z [INFO] GET /api/locations
2025-06-25T07:03:31.341Z [INFO] GET /api/locations
2025-06-25T07:03:32.756Z [INFO] GET /api/locations
2025-06-25T07:03:32.757Z [INFO] GET /api/locations
2025-06-25T07:03:34.413Z [INFO] GET /api/orders
2025-06-25T07:03:34.420Z [INFO] GET /api/stats/system-status
2025-06-25T07:03:34.421Z [ERROR] Error getting system status: Cannot read properties of undefined (reading 'locationId')
2025-06-25T07:03:34.427Z [INFO] GET /api/notifications/recent
2025-06-25T07:03:34.428Z [ERROR] Error getting recent notifications: Cannot read properties of undefined (reading 'limit')
2025-06-25T07:03:34.433Z [INFO] GET /api/stats/performance
2025-06-25T07:03:34.434Z [ERROR] Error getting performance stats: Cannot read properties of undefined (reading 'locationId')
2025-06-25T07:03:36.712Z [INFO] OPTIONS /api/stats/dashboard
2025-06-25T07:03:36.721Z [INFO] OPTIONS /api/orders
2025-06-25T07:03:36.725Z [INFO] GET /api/orders
2025-06-25T07:03:36.729Z [INFO] OPTIONS /api/stats/system-status
2025-06-25T07:03:36.732Z [INFO] GET /api/stats/system-status
2025-06-25T07:03:36.734Z [ERROR] Error getting system status: Cannot read properties of undefined (reading 'locationId')
2025-06-25T07:03:36.738Z [INFO] OPTIONS /api/notifications/recent
2025-06-25T07:03:36.740Z [INFO] GET /api/notifications/recent
2025-06-25T07:03:36.741Z [ERROR] Error getting recent notifications: Cannot read properties of undefined (reading 'limit')
2025-06-25T07:03:36.744Z [INFO] OPTIONS /api/stats/performance
2025-06-25T07:03:36.746Z [INFO] GET /api/stats/performance
2025-06-25T07:03:36.746Z [ERROR] Error getting performance stats: Cannot read properties of undefined (reading 'locationId')
2025-06-25T07:03:37.558Z [INFO] OPTIONS /api/orders
2025-06-25T07:03:37.559Z [INFO] OPTIONS /api/customers
2025-06-25T07:03:37.560Z [INFO] OPTIONS /api/services
2025-06-25T07:03:37.561Z [INFO] OPTIONS /api/locations
2025-06-25T07:03:37.561Z [INFO] GET /api/orders
2025-06-25T07:03:37.562Z [INFO] GET /api/customers
2025-06-25T07:03:37.563Z [INFO] GET /api/customers
2025-06-25T07:03:37.564Z [INFO] GET /api/services
2025-06-25T07:03:37.565Z [INFO] GET /api/services
2025-06-25T07:03:37.566Z [INFO] GET /api/locations
2025-06-25T07:03:37.566Z [INFO] GET /api/locations
2025-06-25T07:03:50.103Z [INFO] OPTIONS /api/orders
2025-06-25T07:03:50.104Z [INFO] POST /api/orders
2025-06-25T07:03:50.106Z [ERROR] OrderController: Create order failed: customer_id, location_id, and order_items are required
2025-06-25T07:03:58.946Z [INFO] OPTIONS /api/orders
2025-06-25T07:03:58.947Z [INFO] POST /api/orders
2025-06-25T07:03:58.947Z [ERROR] OrderController: Create order failed: customer_id, location_id, and order_items are required
2025-06-25T07:04:02.934Z [INFO] POST /api/orders
2025-06-25T07:04:02.935Z [ERROR] OrderController: Create order failed: customer_id, location_id, and order_items are required
2025-06-25T07:04:11.208Z [INFO] Scheduler: Running job 'checkEquipmentStatus'
2025-06-25T07:04:11.209Z [INFO] CheckEquipmentStatus: Starting equipment monitoring job
2025-06-25T07:04:11.210Z [INFO] Starting equipment status check...
2025-06-25T07:04:11.253Z [ERROR] SQL error after 43ms: column em.ended_at does not exist
2025-06-25T07:04:11.254Z [ERROR] Failed query: 
            SELECT 
                e.*,
                l.name as location_name,
                MAX(em.ended_at) as last_maintenance
            FROM equipment e
            JOIN locations l ON e.location_id = l.location_id
            LEFT JOIN equipment_maintenance em ON e.equipment_id = em.equipment_id 
                AND em.ended_at IS NOT NULL
            WHERE e.status = 'OPERATIVE'
            GROUP BY e.equipment_id, l.name
            HAVING MAX(em.ended_at) < NOW() - INTERVAL '90 days' OR MAX(em.ended_at) IS NULL
            ORDER BY last_maintenance ASC NULLS FIRST
        
2025-06-25T07:04:11.255Z [ERROR] Error checking equipment status:
2025-06-25T07:04:11.255Z [ERROR] CheckEquipmentStatus: Job failed
2025-06-25T07:04:11.256Z [INFO] Scheduler: Job 'checkEquipmentStatus' completed, next run: Wed Jun 25 2025 10:05:11 GMT+0300 (Eastern European Summer Time)
2025-06-25T07:04:38.964Z [INFO] OPTIONS /api/stats/dashboard
2025-06-25T07:04:38.977Z [INFO] OPTIONS /api/orders
2025-06-25T07:04:38.979Z [INFO] GET /api/orders
2025-06-25T07:04:39.049Z [INFO] OPTIONS /api/stats/system-status
2025-06-25T07:04:39.052Z [INFO] GET /api/stats/system-status
2025-06-25T07:04:39.053Z [ERROR] Error getting system status: Cannot read properties of undefined (reading 'locationId')
2025-06-25T07:04:39.056Z [INFO] OPTIONS /api/notifications/recent
2025-06-25T07:04:39.057Z [INFO] GET /api/notifications/recent
2025-06-25T07:04:39.058Z [ERROR] Error getting recent notifications: Cannot read properties of undefined (reading 'limit')
2025-06-25T07:04:39.060Z [INFO] OPTIONS /api/stats/performance
2025-06-25T07:04:39.062Z [INFO] GET /api/stats/performance
2025-06-25T07:04:39.063Z [ERROR] Error getting performance stats: Cannot read properties of undefined (reading 'locationId')
2025-06-25T07:04:42.946Z [INFO] GET /api/stats/system-status
2025-06-25T07:04:42.947Z [ERROR] Error getting system status: Cannot read properties of undefined (reading 'locationId')
2025-06-25T07:04:42.949Z [INFO] GET /api/notifications/recent
2025-06-25T07:04:42.949Z [ERROR] Error getting recent notifications: Cannot read properties of undefined (reading 'limit')
2025-06-25T07:04:42.952Z [INFO] GET /api/stats/performance
2025-06-25T07:04:42.952Z [ERROR] Error getting performance stats: Cannot read properties of undefined (reading 'locationId')
2025-06-25T07:04:44.105Z [INFO] OPTIONS /api/orders
2025-06-25T07:04:44.110Z [INFO] OPTIONS /api/customers
2025-06-25T07:04:44.111Z [INFO] OPTIONS /api/services
2025-06-25T07:04:44.111Z [INFO] OPTIONS /api/locations
2025-06-25T07:04:44.112Z [INFO] GET /api/orders
2025-06-25T07:04:44.113Z [INFO] GET /api/customers
2025-06-25T07:04:44.114Z [INFO] GET /api/customers
2025-06-25T07:04:44.115Z [INFO] GET /api/services
2025-06-25T07:04:44.115Z [INFO] GET /api/services
2025-06-25T07:04:44.117Z [INFO] GET /api/locations
2025-06-25T07:04:44.118Z [INFO] GET /api/locations
2025-06-25T07:04:46.518Z [INFO] OPTIONS /api/stats/dashboard
2025-06-25T07:04:46.530Z [INFO] OPTIONS /api/orders
2025-06-25T07:04:46.532Z [INFO] GET /api/orders
2025-06-25T07:04:46.548Z [INFO] OPTIONS /api/stats/system-status
2025-06-25T07:04:46.552Z [INFO] GET /api/stats/system-status
2025-06-25T07:04:46.553Z [ERROR] Error getting system status: Cannot read properties of undefined (reading 'locationId')
2025-06-25T07:04:46.555Z [INFO] OPTIONS /api/notifications/recent
2025-06-25T07:04:46.557Z [INFO] GET /api/notifications/recent
2025-06-25T07:04:46.557Z [ERROR] Error getting recent notifications: Cannot read properties of undefined (reading 'limit')
2025-06-25T07:04:46.560Z [INFO] OPTIONS /api/stats/performance
2025-06-25T07:04:46.564Z [INFO] GET /api/stats/performance
2025-06-25T07:04:46.565Z [ERROR] Error getting performance stats: Cannot read properties of undefined (reading 'locationId')
2025-06-25T07:04:52.503Z [INFO] OPTIONS /api/stats/performance
2025-06-25T07:04:52.506Z [INFO] GET /api/stats/performance
2025-06-25T07:04:52.506Z [ERROR] Error getting performance stats: Cannot read properties of undefined (reading 'locationId')
2025-06-25T07:05:09.476Z [INFO] OPTIONS /api/stats/dashboard
2025-06-25T07:05:09.487Z [INFO] OPTIONS /api/orders
2025-06-25T07:05:09.489Z [INFO] GET /api/orders
2025-06-25T07:05:09.495Z [INFO] OPTIONS /api/stats/system-status
2025-06-25T07:05:09.497Z [INFO] GET /api/stats/system-status
2025-06-25T07:05:09.497Z [ERROR] Error getting system status: Cannot read properties of undefined (reading 'locationId')
2025-06-25T07:05:09.501Z [INFO] OPTIONS /api/notifications/recent
2025-06-25T07:05:09.505Z [INFO] GET /api/notifications/recent
2025-06-25T07:05:09.506Z [ERROR] Error getting recent notifications: Cannot read properties of undefined (reading 'limit')
2025-06-25T07:05:09.509Z [INFO] OPTIONS /api/stats/performance
2025-06-25T07:05:09.511Z [INFO] GET /api/stats/performance
2025-06-25T07:05:09.511Z [ERROR] Error getting performance stats: Cannot read properties of undefined (reading 'locationId')
2025-06-25T07:05:11.219Z [INFO] Scheduler: Running job 'expandRecurrences'
2025-06-25T07:05:11.221Z [INFO] ExpandRecurrences: Starting job
2025-06-25T07:05:11.223Z [INFO] ExpandRecurrences: Job completed, created 0 new recurring orders
2025-06-25T07:05:11.223Z [INFO] Scheduler: Job 'expandRecurrences' completed, next run: Wed Jun 25 2025 10:05:00 GMT+0300 (Eastern European Summer Time)
2025-06-25T07:05:11.224Z [INFO] Scheduler: Running job 'updateWeatherData'
2025-06-25T07:05:11.224Z [INFO] Starting weather data update job...
2025-06-25T07:05:11.224Z [INFO] Starting weather data update for all locations...
2025-06-25T07:05:11.227Z [ERROR] Error updating weather data:
2025-06-25T07:05:11.227Z [ERROR] Weather data update job failed:
2025-06-25T07:05:11.228Z [INFO] Scheduler: Job 'updateWeatherData' completed, next run: Wed Jun 25 2025 10:06:11 GMT+0300 (Eastern European Summer Time)
2025-06-25T07:05:11.228Z [INFO] Scheduler: Running job 'exceptionDetection'
2025-06-25T07:05:11.228Z [INFO] Starting automated exception detection...
2025-06-25T07:05:11.228Z [INFO] Running comprehensive exception detection...
2025-06-25T07:05:11.230Z [ERROR] SQL error after 2ms: column l.id does not exist
2025-06-25T07:05:11.230Z [ERROR] Failed query: 
        SELECT 
          l.id as location_id,
          l.name as location_name,
          COUNT(e.id) as total_employees,
          COUNT(CASE WHEN e.status = 'ACTIVE' THEN 1 END) as active_employees,
          COUNT(CASE WHEN e.status = 'SICK' THEN 1 END) as sick_employees,
          COUNT(CASE WHEN e.status = 'VACATION' THEN 1 END) as vacation_employees
        FROM locations l
        LEFT JOIN employees e ON l.id = e.location_id
       GROUP BY l.id, l.name
2025-06-25T07:05:11.230Z [ERROR] Error detecting staff unavailability: column l.id does not exist
2025-06-25T07:05:11.231Z [ERROR] SQL error after 2ms: column l.id does not exist
2025-06-25T07:05:11.232Z [ERROR] Failed query: 
        SELECT 
          e.id,
          e.name,
          e.type,
          e.status,
          e.location_id,
          l.name as location_name,
          EXTRACT(days FROM (NOW() - e.updated_at)) as days_since_update,
          COUNT(em.id) as recent_maintenance
        FROM equipment e
        JOIN locations l ON e.location_id = l.id
        LEFT JOIN equipment_maintenance em ON e.id = em.equipment_id 
          AND em.created_at >= NOW() - INTERVAL '30 days'
      
        GROUP BY e.id, e.name, e.type, e.status, e.location_id, l.name, e.updated_at
        HAVING e.status = 'OUT_OF_SERVICE' 
          OR EXTRACT(days FROM (NOW() - e.updated_at)) > 7
        ORDER BY days_since_update DESC
      
2025-06-25T07:05:11.232Z [ERROR] Error detecting equipment failures: column l.id does not exist
2025-06-25T07:05:11.233Z [ERROR] SQL error after 4ms: column l.id does not exist
2025-06-25T07:05:11.234Z [ERROR] Failed query: 
        SELECT 
          l.id as location_id,
          l.name as location_name,
          COUNT(e.id) as total_equipment,
          COUNT(CASE WHEN e.status = 'OUT_OF_SERVICE' THEN 1 END) as out_of_service,
          COUNT(CASE WHEN e.updated_at < NOW() - INTERVAL '2 hours' THEN 1 END) as stale_equipment
        FROM locations l
        LEFT JOIN equipment e ON l.id = e.location_id
       GROUP BY l.id, l.name
2025-06-25T07:05:11.235Z [ERROR] Error detecting power outage: column l.id does not exist
2025-06-25T07:05:11.236Z [ERROR] SQL error after 7ms: column o.id does not exist
2025-06-25T07:05:11.237Z [ERROR] Failed query: 
        SELECT 
          t.id,
          t.status,
          t.location_id,
          l.name as location_name,
          o.id as order_id,
          EXTRACT(hours FROM (NOW() - t.created_at)) as hours_since_created,
          EXTRACT(hours FROM (NOW() - t.updated_at)) as hours_since_updated
        FROM transports t
        JOIN orders o ON t.order_id = o.id
        JOIN locations l ON t.location_id = l.id
        WHERE t.status IN ('PENDING', 'IN_PROGRESS')
       ORDER BY t.created_at ASC
2025-06-25T07:05:11.238Z [ERROR] Error detecting transport issues: column o.id does not exist
2025-06-25T07:05:11.238Z [INFO] Exception detection completed: 0 issues found
2025-06-25T07:05:11.238Z [INFO] Exception detection completed: 0 total issues found
2025-06-25T07:05:11.238Z [INFO] - Staff issues: 0
2025-06-25T07:05:11.239Z [INFO] - Power issues: 0
2025-06-25T07:05:11.239Z [INFO] - Equipment issues: 0
2025-06-25T07:05:11.239Z [INFO] - Transport issues: 0
2025-06-25T07:05:11.240Z [INFO] Creating notification: SYSTEM_STATUS_OK - LOW - All systems operational - no critical issues detected
2025-06-25T07:05:11.240Z [INFO] Notification sent via websocket: notif_1750835111240_siw86vi8e
2025-06-25T07:05:11.240Z [INFO] Exception detection completed successfully in 12ms
2025-06-25T07:05:11.240Z [INFO] Scheduler: Job 'exceptionDetection' completed, next run: Wed Jun 25 2025 10:06:11 GMT+0300 (Eastern European Summer Time)
2025-06-25T07:05:12.551Z [INFO] GET /api/orders
2025-06-25T07:05:12.610Z [INFO] GET /api/stats/system-status
2025-06-25T07:05:12.612Z [ERROR] Error getting system status: Cannot read properties of undefined (reading 'locationId')
2025-06-25T07:05:12.614Z [INFO] GET /api/notifications/recent
2025-06-25T07:05:12.615Z [ERROR] Error getting recent notifications: Cannot read properties of undefined (reading 'limit')
2025-06-25T07:05:12.618Z [INFO] GET /api/stats/performance
2025-06-25T07:05:12.618Z [ERROR] Error getting performance stats: Cannot read properties of undefined (reading 'locationId')
2025-06-25T07:05:18.735Z [INFO] OPTIONS /api/stats/dashboard
2025-06-25T07:05:18.745Z [INFO] OPTIONS /api/orders
2025-06-25T07:05:18.747Z [INFO] GET /api/orders
2025-06-25T07:05:18.752Z [INFO] OPTIONS /api/stats/system-status
2025-06-25T07:05:18.754Z [INFO] GET /api/stats/system-status
2025-06-25T07:05:18.755Z [ERROR] Error getting system status: Cannot read properties of undefined (reading 'locationId')
2025-06-25T07:05:18.760Z [INFO] OPTIONS /api/notifications/recent
2025-06-25T07:05:18.763Z [INFO] GET /api/notifications/recent
2025-06-25T07:05:18.764Z [ERROR] Error getting recent notifications: Cannot read properties of undefined (reading 'limit')
2025-06-25T07:05:18.767Z [INFO] OPTIONS /api/stats/performance
2025-06-25T07:05:18.769Z [INFO] GET /api/stats/performance
2025-06-25T07:05:18.769Z [ERROR] Error getting performance stats: Cannot read properties of undefined (reading 'locationId')
2025-06-25T07:06:11.226Z [INFO] Scheduler: Running job 'expandRecurrences'
2025-06-25T07:06:11.227Z [INFO] ExpandRecurrences: Starting job
2025-06-25T07:06:11.278Z [INFO] ExpandRecurrences: Job completed, created 0 new recurring orders
2025-06-25T07:06:11.279Z [INFO] Scheduler: Job 'expandRecurrences' completed, next run: Wed Jun 25 2025 10:10:00 GMT+0300 (Eastern European Summer Time)
2025-06-25T07:06:11.280Z [INFO] Scheduler: Running job 'checkEquipmentStatus'
2025-06-25T07:06:11.280Z [INFO] CheckEquipmentStatus: Starting equipment monitoring job
2025-06-25T07:06:11.280Z [INFO] Starting equipment status check...
2025-06-25T07:06:11.281Z [ERROR] SQL error after 1ms: column em.ended_at does not exist
2025-06-25T07:06:11.282Z [ERROR] Failed query: 
            SELECT 
                e.*,
                l.name as location_name,
                MAX(em.ended_at) as last_maintenance
            FROM equipment e
            JOIN locations l ON e.location_id = l.location_id
            LEFT JOIN equipment_maintenance em ON e.equipment_id = em.equipment_id 
                AND em.ended_at IS NOT NULL
            WHERE e.status = 'OPERATIVE'
            GROUP BY e.equipment_id, l.name
            HAVING MAX(em.ended_at) < NOW() - INTERVAL '90 days' OR MAX(em.ended_at) IS NULL
            ORDER BY last_maintenance ASC NULLS FIRST
        
2025-06-25T07:06:11.283Z [ERROR] Error checking equipment status:
2025-06-25T07:06:11.283Z [ERROR] CheckEquipmentStatus: Job failed
2025-06-25T07:06:11.284Z [INFO] Scheduler: Job 'checkEquipmentStatus' completed, next run: Wed Jun 25 2025 10:07:11 GMT+0300 (Eastern European Summer Time)
2025-06-25T07:07:11.230Z [INFO] Scheduler: Running job 'updateWeatherData'
2025-06-25T07:07:11.232Z [INFO] Starting weather data update job...
2025-06-25T07:07:11.233Z [INFO] Starting weather data update for all locations...
2025-06-25T07:07:11.288Z [ERROR] Error updating weather data:
2025-06-25T07:07:11.289Z [ERROR] Weather data update job failed:
2025-06-25T07:07:11.289Z [INFO] Scheduler: Job 'updateWeatherData' completed, next run: Wed Jun 25 2025 10:08:11 GMT+0300 (Eastern European Summer Time)
2025-06-25T07:07:11.290Z [INFO] Scheduler: Running job 'exceptionDetection'
2025-06-25T07:07:11.290Z [INFO] Starting automated exception detection...
2025-06-25T07:07:11.291Z [INFO] Running comprehensive exception detection...
2025-06-25T07:07:11.294Z [ERROR] SQL error after 3ms: column l.id does not exist
2025-06-25T07:07:11.294Z [ERROR] Failed query: 
        SELECT 
          l.id as location_id,
          l.name as location_name,
          COUNT(e.id) as total_employees,
          COUNT(CASE WHEN e.status = 'ACTIVE' THEN 1 END) as active_employees,
          COUNT(CASE WHEN e.status = 'SICK' THEN 1 END) as sick_employees,
          COUNT(CASE WHEN e.status = 'VACATION' THEN 1 END) as vacation_employees
        FROM locations l
        LEFT JOIN employees e ON l.id = e.location_id
       GROUP BY l.id, l.name
2025-06-25T07:07:11.294Z [ERROR] Error detecting staff unavailability: column l.id does not exist
2025-06-25T07:07:11.356Z [ERROR] SQL error after 64ms: column l.id does not exist
2025-06-25T07:07:11.356Z [ERROR] Failed query: 
        SELECT 
          l.id as location_id,
          l.name as location_name,
          COUNT(e.id) as total_equipment,
          COUNT(CASE WHEN e.status = 'OUT_OF_SERVICE' THEN 1 END) as out_of_service,
          COUNT(CASE WHEN e.updated_at < NOW() - INTERVAL '2 hours' THEN 1 END) as stale_equipment
        FROM locations l
        LEFT JOIN equipment e ON l.id = e.location_id
       GROUP BY l.id, l.name
2025-06-25T07:07:11.357Z [ERROR] Error detecting power outage: column l.id does not exist
2025-06-25T07:07:11.359Z [ERROR] SQL error after 68ms: column l.id does not exist
2025-06-25T07:07:11.359Z [ERROR] Failed query: 
        SELECT 
          e.id,
          e.name,
          e.type,
          e.status,
          e.location_id,
          l.name as location_name,
          EXTRACT(days FROM (NOW() - e.updated_at)) as days_since_update,
          COUNT(em.id) as recent_maintenance
        FROM equipment e
        JOIN locations l ON e.location_id = l.id
        LEFT JOIN equipment_maintenance em ON e.id = em.equipment_id 
          AND em.created_at >= NOW() - INTERVAL '30 days'
      
        GROUP BY e.id, e.name, e.type, e.status, e.location_id, l.name, e.updated_at
        HAVING e.status = 'OUT_OF_SERVICE' 
          OR EXTRACT(days FROM (NOW() - e.updated_at)) > 7
        ORDER BY days_since_update DESC
      
2025-06-25T07:07:11.360Z [ERROR] Error detecting equipment failures: column l.id does not exist
2025-06-25T07:07:11.360Z [ERROR] SQL error after 69ms: column o.id does not exist
2025-06-25T07:07:11.361Z [ERROR] Failed query: 
        SELECT 
          t.id,
          t.status,
          t.location_id,
          l.name as location_name,
          o.id as order_id,
          EXTRACT(hours FROM (NOW() - t.created_at)) as hours_since_created,
          EXTRACT(hours FROM (NOW() - t.updated_at)) as hours_since_updated
        FROM transports t
        JOIN orders o ON t.order_id = o.id
        JOIN locations l ON t.location_id = l.id
        WHERE t.status IN ('PENDING', 'IN_PROGRESS')
       ORDER BY t.created_at ASC
2025-06-25T07:07:11.361Z [ERROR] Error detecting transport issues: column o.id does not exist
2025-06-25T07:07:11.361Z [INFO] Exception detection completed: 0 issues found
2025-06-25T07:07:11.362Z [INFO] Exception detection completed: 0 total issues found
2025-06-25T07:07:11.362Z [INFO] - Staff issues: 0
2025-06-25T07:07:11.363Z [INFO] - Power issues: 0
2025-06-25T07:07:11.363Z [INFO] - Equipment issues: 0
2025-06-25T07:07:11.364Z [INFO] - Transport issues: 0
2025-06-25T07:07:11.364Z [INFO] Creating notification: SYSTEM_STATUS_OK - LOW - All systems operational - no critical issues detected
2025-06-25T07:07:11.365Z [INFO] Notification sent via websocket: notif_1750835231364_wjezh4nga
2025-06-25T07:07:11.365Z [INFO] Exception detection completed successfully in 75ms
2025-06-25T07:07:11.365Z [INFO] Scheduler: Job 'exceptionDetection' completed, next run: Wed Jun 25 2025 10:08:11 GMT+0300 (Eastern European Summer Time)
2025-06-25T07:08:04.937Z [INFO] OPTIONS /api/stats/dashboard
2025-06-25T07:08:04.938Z [INFO] OPTIONS /api/stats/dashboard
2025-06-25T07:08:04.939Z [INFO] OPTIONS /api/stats/system-status
2025-06-25T07:08:04.939Z [INFO] OPTIONS /api/stats/system-status
2025-06-25T07:08:04.940Z [INFO] GET /api/stats/dashboard
2025-06-25T07:08:04.940Z [ERROR] Error getting dashboard: Cannot read properties of undefined (reading 'locationId')
2025-06-25T07:08:04.941Z [INFO] GET /api/stats/system-status
2025-06-25T07:08:04.942Z [ERROR] Error getting system status: Cannot read properties of undefined (reading 'locationId')
2025-06-25T07:08:04.942Z [INFO] GET /api/stats/dashboard
2025-06-25T07:08:04.943Z [ERROR] Error getting dashboard: Cannot read properties of undefined (reading 'locationId')
2025-06-25T07:08:04.944Z [INFO] GET /api/stats/system-status
2025-06-25T07:08:04.945Z [ERROR] Error getting system status: Cannot read properties of undefined (reading 'locationId')
2025-06-25T07:08:06.936Z [INFO] GET /api/stats/dashboard
2025-06-25T07:08:06.937Z [ERROR] Error getting dashboard: Cannot read properties of undefined (reading 'locationId')
2025-06-25T07:08:06.937Z [INFO] GET /api/stats/system-status
2025-06-25T07:08:06.938Z [ERROR] Error getting system status: Cannot read properties of undefined (reading 'locationId')
2025-06-25T07:08:11.241Z [INFO] Scheduler: Running job 'checkEquipmentStatus'
2025-06-25T07:08:11.243Z [INFO] CheckEquipmentStatus: Starting equipment monitoring job
2025-06-25T07:08:11.244Z [INFO] Starting equipment status check...
2025-06-25T07:08:11.295Z [ERROR] SQL error after 50ms: column em.ended_at does not exist
2025-06-25T07:08:11.295Z [ERROR] Failed query: 
            SELECT 
                e.*,
                l.name as location_name,
                MAX(em.ended_at) as last_maintenance
            FROM equipment e
            JOIN locations l ON e.location_id = l.location_id
            LEFT JOIN equipment_maintenance em ON e.equipment_id = em.equipment_id 
                AND em.ended_at IS NOT NULL
            WHERE e.status = 'OPERATIVE'
            GROUP BY e.equipment_id, l.name
            HAVING MAX(em.ended_at) < NOW() - INTERVAL '90 days' OR MAX(em.ended_at) IS NULL
            ORDER BY last_maintenance ASC NULLS FIRST
        
2025-06-25T07:08:11.296Z [ERROR] Error checking equipment status:
2025-06-25T07:08:11.296Z [ERROR] CheckEquipmentStatus: Job failed
2025-06-25T07:08:11.296Z [INFO] Scheduler: Job 'checkEquipmentStatus' completed, next run: Wed Jun 25 2025 10:09:11 GMT+0300 (Eastern European Summer Time)
2025-06-25T07:08:13.787Z [INFO] OPTIONS /api/stats/dashboard
2025-06-25T07:08:13.789Z [INFO] GET /api/stats/dashboard
2025-06-25T07:08:13.789Z [ERROR] Error getting dashboard: Cannot read properties of undefined (reading 'locationId')
2025-06-25T07:08:13.798Z [INFO] OPTIONS /api/orders
2025-06-25T07:08:13.801Z [INFO] GET /api/orders
2025-06-25T07:08:13.868Z [INFO] OPTIONS /api/stats/system-status
2025-06-25T07:08:13.869Z [INFO] GET /api/stats/system-status
2025-06-25T07:08:13.870Z [ERROR] Error getting system status: Cannot read properties of undefined (reading 'locationId')
2025-06-25T07:08:13.873Z [INFO] OPTIONS /api/notifications/recent
2025-06-25T07:08:13.874Z [INFO] GET /api/notifications/recent
2025-06-25T07:08:13.875Z [ERROR] Error getting recent notifications: Cannot read properties of undefined (reading 'limit')
2025-06-25T07:08:13.878Z [INFO] OPTIONS /api/stats/performance
2025-06-25T07:08:13.880Z [INFO] GET /api/stats/performance
2025-06-25T07:08:13.880Z [ERROR] Error getting performance stats: Cannot read properties of undefined (reading 'locationId')
2025-06-25T07:08:14.799Z [INFO] GET /api/stats/dashboard
2025-06-25T07:08:14.800Z [ERROR] Error getting dashboard: Cannot read properties of undefined (reading 'locationId')
2025-06-25T07:08:14.809Z [INFO] GET /api/orders
2025-06-25T07:08:14.818Z [INFO] GET /api/stats/system-status
2025-06-25T07:08:14.820Z [ERROR] Error getting system status: Cannot read properties of undefined (reading 'locationId')
2025-06-25T07:08:14.826Z [INFO] GET /api/notifications/recent
2025-06-25T07:08:14.827Z [ERROR] Error getting recent notifications: Cannot read properties of undefined (reading 'limit')
2025-06-25T07:08:14.834Z [INFO] GET /api/stats/performance
2025-06-25T07:08:14.835Z [ERROR] Error getting performance stats: Cannot read properties of undefined (reading 'locationId')
2025-06-25T07:09:11.245Z [INFO] Scheduler: Running job 'updateWeatherData'
2025-06-25T07:09:11.246Z [INFO] Starting weather data update job...
2025-06-25T07:09:11.246Z [INFO] Starting weather data update for all locations...
2025-06-25T07:09:11.332Z [ERROR] Error updating weather data:
2025-06-25T07:09:11.333Z [ERROR] Weather data update job failed:
2025-06-25T07:09:11.333Z [INFO] Scheduler: Job 'updateWeatherData' completed, next run: Wed Jun 25 2025 10:10:11 GMT+0300 (Eastern European Summer Time)
2025-06-25T07:09:11.333Z [INFO] Scheduler: Running job 'exceptionDetection'
2025-06-25T07:09:11.333Z [INFO] Starting automated exception detection...
2025-06-25T07:09:11.334Z [INFO] Running comprehensive exception detection...
2025-06-25T07:09:11.336Z [ERROR] SQL error after 2ms: column l.id does not exist
2025-06-25T07:09:11.336Z [ERROR] Failed query: 
        SELECT 
          l.id as location_id,
          l.name as location_name,
          COUNT(e.id) as total_employees,
          COUNT(CASE WHEN e.status = 'ACTIVE' THEN 1 END) as active_employees,
          COUNT(CASE WHEN e.status = 'SICK' THEN 1 END) as sick_employees,
          COUNT(CASE WHEN e.status = 'VACATION' THEN 1 END) as vacation_employees
        FROM locations l
        LEFT JOIN employees e ON l.id = e.location_id
       GROUP BY l.id, l.name
2025-06-25T07:09:11.337Z [ERROR] Error detecting staff unavailability: column l.id does not exist
2025-06-25T07:09:11.422Z [ERROR] SQL error after 88ms: column l.id does not exist
2025-06-25T07:09:11.422Z [ERROR] Failed query: 
        SELECT 
          e.id,
          e.name,
          e.type,
          e.status,
          e.location_id,
          l.name as location_name,
          EXTRACT(days FROM (NOW() - e.updated_at)) as days_since_update,
          COUNT(em.id) as recent_maintenance
        FROM equipment e
        JOIN locations l ON e.location_id = l.id
        LEFT JOIN equipment_maintenance em ON e.id = em.equipment_id 
          AND em.created_at >= NOW() - INTERVAL '30 days'
      
        GROUP BY e.id, e.name, e.type, e.status, e.location_id, l.name, e.updated_at
        HAVING e.status = 'OUT_OF_SERVICE' 
          OR EXTRACT(days FROM (NOW() - e.updated_at)) > 7
        ORDER BY days_since_update DESC
      
2025-06-25T07:09:11.423Z [ERROR] Error detecting equipment failures: column l.id does not exist
2025-06-25T07:09:11.436Z [ERROR] SQL error after 102ms: column l.id does not exist
2025-06-25T07:09:11.436Z [ERROR] Failed query: 
        SELECT 
          l.id as location_id,
          l.name as location_name,
          COUNT(e.id) as total_equipment,
          COUNT(CASE WHEN e.status = 'OUT_OF_SERVICE' THEN 1 END) as out_of_service,
          COUNT(CASE WHEN e.updated_at < NOW() - INTERVAL '2 hours' THEN 1 END) as stale_equipment
        FROM locations l
        LEFT JOIN equipment e ON l.id = e.location_id
       GROUP BY l.id, l.name
2025-06-25T07:09:11.437Z [ERROR] Error detecting power outage: column l.id does not exist
2025-06-25T07:09:11.440Z [ERROR] SQL error after 106ms: column o.id does not exist
2025-06-25T07:09:11.442Z [ERROR] Failed query: 
        SELECT 
          t.id,
          t.status,
          t.location_id,
          l.name as location_name,
          o.id as order_id,
          EXTRACT(hours FROM (NOW() - t.created_at)) as hours_since_created,
          EXTRACT(hours FROM (NOW() - t.updated_at)) as hours_since_updated
        FROM transports t
        JOIN orders o ON t.order_id = o.id
        JOIN locations l ON t.location_id = l.id
        WHERE t.status IN ('PENDING', 'IN_PROGRESS')
       ORDER BY t.created_at ASC
2025-06-25T07:09:11.442Z [ERROR] Error detecting transport issues: column o.id does not exist
2025-06-25T07:09:11.443Z [INFO] Exception detection completed: 0 issues found
2025-06-25T07:09:11.443Z [INFO] Exception detection completed: 0 total issues found
2025-06-25T07:09:11.443Z [INFO] - Staff issues: 0
2025-06-25T07:09:11.444Z [INFO] - Power issues: 0
2025-06-25T07:09:11.444Z [INFO] - Equipment issues: 0
2025-06-25T07:09:11.444Z [INFO] - Transport issues: 0
2025-06-25T07:09:11.445Z [INFO] Creating notification: SYSTEM_STATUS_OK - LOW - All systems operational - no critical issues detected
2025-06-25T07:09:11.445Z [INFO] Notification sent via websocket: notif_1750835351445_szb8m7j7t
2025-06-25T07:09:11.445Z [INFO] Exception detection completed successfully in 112ms
2025-06-25T07:09:11.445Z [INFO] Scheduler: Job 'exceptionDetection' completed, next run: Wed Jun 25 2025 10:10:11 GMT+0300 (Eastern European Summer Time)
2025-06-25T07:10:11.259Z [INFO] Scheduler: Running job 'expandRecurrences'
2025-06-25T07:10:11.260Z [INFO] ExpandRecurrences: Starting job
2025-06-25T07:10:11.304Z [INFO] ExpandRecurrences: Job completed, created 0 new recurring orders
2025-06-25T07:10:11.305Z [INFO] Scheduler: Job 'expandRecurrences' completed, next run: Wed Jun 25 2025 10:10:00 GMT+0300 (Eastern European Summer Time)
2025-06-25T07:10:11.305Z [INFO] Scheduler: Running job 'checkEquipmentStatus'
2025-06-25T07:10:11.305Z [INFO] CheckEquipmentStatus: Starting equipment monitoring job
2025-06-25T07:10:11.305Z [INFO] Starting equipment status check...
2025-06-25T07:10:11.306Z [ERROR] SQL error after 1ms: column em.ended_at does not exist
2025-06-25T07:10:11.307Z [ERROR] Failed query: 
            SELECT 
                e.*,
                l.name as location_name,
                MAX(em.ended_at) as last_maintenance
            FROM equipment e
            JOIN locations l ON e.location_id = l.location_id
            LEFT JOIN equipment_maintenance em ON e.equipment_id = em.equipment_id 
                AND em.ended_at IS NOT NULL
            WHERE e.status = 'OPERATIVE'
            GROUP BY e.equipment_id, l.name
            HAVING MAX(em.ended_at) < NOW() - INTERVAL '90 days' OR MAX(em.ended_at) IS NULL
            ORDER BY last_maintenance ASC NULLS FIRST
        
2025-06-25T07:10:11.307Z [ERROR] Error checking equipment status:
2025-06-25T07:10:11.307Z [ERROR] CheckEquipmentStatus: Job failed
2025-06-25T07:10:11.308Z [INFO] Scheduler: Job 'checkEquipmentStatus' completed, next run: Wed Jun 25 2025 10:11:11 GMT+0300 (Eastern European Summer Time)
2025-06-25T07:11:11.258Z [INFO] Scheduler: Running job 'expandRecurrences'
2025-06-25T07:11:11.260Z [INFO] ExpandRecurrences: Starting job
2025-06-25T07:11:11.305Z [INFO] ExpandRecurrences: Job completed, created 0 new recurring orders
2025-06-25T07:11:11.306Z [INFO] Scheduler: Job 'expandRecurrences' completed, next run: Wed Jun 25 2025 10:15:00 GMT+0300 (Eastern European Summer Time)
2025-06-25T07:11:11.306Z [INFO] Scheduler: Running job 'updateWeatherData'
2025-06-25T07:11:11.306Z [INFO] Starting weather data update job...
2025-06-25T07:11:11.307Z [INFO] Starting weather data update for all locations...
2025-06-25T07:11:11.309Z [ERROR] Error updating weather data:
2025-06-25T07:11:11.310Z [ERROR] Weather data update job failed:
2025-06-25T07:11:11.310Z [INFO] Scheduler: Job 'updateWeatherData' completed, next run: Wed Jun 25 2025 10:12:11 GMT+0300 (Eastern European Summer Time)
2025-06-25T07:11:11.310Z [INFO] Scheduler: Running job 'exceptionDetection'
2025-06-25T07:11:11.311Z [INFO] Starting automated exception detection...
2025-06-25T07:11:11.311Z [INFO] Running comprehensive exception detection...
2025-06-25T07:11:11.312Z [ERROR] SQL error after 1ms: column l.id does not exist
2025-06-25T07:11:11.313Z [ERROR] Failed query: 
        SELECT 
          l.id as location_id,
          l.name as location_name,
          COUNT(e.id) as total_employees,
          COUNT(CASE WHEN e.status = 'ACTIVE' THEN 1 END) as active_employees,
          COUNT(CASE WHEN e.status = 'SICK' THEN 1 END) as sick_employees,
          COUNT(CASE WHEN e.status = 'VACATION' THEN 1 END) as vacation_employees
        FROM locations l
        LEFT JOIN employees e ON l.id = e.location_id
       GROUP BY l.id, l.name
2025-06-25T07:11:11.313Z [ERROR] Error detecting staff unavailability: column l.id does not exist
2025-06-25T07:11:11.379Z [ERROR] SQL error after 68ms: column l.id does not exist
2025-06-25T07:11:11.380Z [ERROR] Failed query: 
        SELECT 
          l.id as location_id,
          l.name as location_name,
          COUNT(e.id) as total_equipment,
          COUNT(CASE WHEN e.status = 'OUT_OF_SERVICE' THEN 1 END) as out_of_service,
          COUNT(CASE WHEN e.updated_at < NOW() - INTERVAL '2 hours' THEN 1 END) as stale_equipment
        FROM locations l
        LEFT JOIN equipment e ON l.id = e.location_id
       GROUP BY l.id, l.name
2025-06-25T07:11:11.381Z [ERROR] Error detecting power outage: column l.id does not exist
2025-06-25T07:11:11.384Z [ERROR] SQL error after 73ms: column l.id does not exist
2025-06-25T07:11:11.385Z [ERROR] Failed query: 
        SELECT 
          e.id,
          e.name,
          e.type,
          e.status,
          e.location_id,
          l.name as location_name,
          EXTRACT(days FROM (NOW() - e.updated_at)) as days_since_update,
          COUNT(em.id) as recent_maintenance
        FROM equipment e
        JOIN locations l ON e.location_id = l.id
        LEFT JOIN equipment_maintenance em ON e.id = em.equipment_id 
          AND em.created_at >= NOW() - INTERVAL '30 days'
      
        GROUP BY e.id, e.name, e.type, e.status, e.location_id, l.name, e.updated_at
        HAVING e.status = 'OUT_OF_SERVICE' 
          OR EXTRACT(days FROM (NOW() - e.updated_at)) > 7
        ORDER BY days_since_update DESC
      
2025-06-25T07:11:11.386Z [ERROR] Error detecting equipment failures: column l.id does not exist
2025-06-25T07:11:11.392Z [ERROR] SQL error after 80ms: column o.id does not exist
2025-06-25T07:11:11.392Z [ERROR] Failed query: 
        SELECT 
          t.id,
          t.status,
          t.location_id,
          l.name as location_name,
          o.id as order_id,
          EXTRACT(hours FROM (NOW() - t.created_at)) as hours_since_created,
          EXTRACT(hours FROM (NOW() - t.updated_at)) as hours_since_updated
        FROM transports t
        JOIN orders o ON t.order_id = o.id
        JOIN locations l ON t.location_id = l.id
        WHERE t.status IN ('PENDING', 'IN_PROGRESS')
       ORDER BY t.created_at ASC
2025-06-25T07:11:11.393Z [ERROR] Error detecting transport issues: column o.id does not exist
2025-06-25T07:11:11.393Z [INFO] Exception detection completed: 0 issues found
2025-06-25T07:11:11.393Z [INFO] Exception detection completed: 0 total issues found
2025-06-25T07:11:11.394Z [INFO] - Staff issues: 0
2025-06-25T07:11:11.394Z [INFO] - Power issues: 0
2025-06-25T07:11:11.394Z [INFO] - Equipment issues: 0
2025-06-25T07:11:11.394Z [INFO] - Transport issues: 0
2025-06-25T07:11:11.395Z [INFO] Creating notification: SYSTEM_STATUS_OK - LOW - All systems operational - no critical issues detected
2025-06-25T07:11:11.395Z [INFO] Notification sent via websocket: notif_1750835471395_9q114qd7q
2025-06-25T07:11:11.396Z [INFO] Exception detection completed successfully in 85ms
2025-06-25T07:11:11.396Z [INFO] Scheduler: Job 'exceptionDetection' completed, next run: Wed Jun 25 2025 10:12:11 GMT+0300 (Eastern European Summer Time)
2025-06-25T08:52:59.369Z [INFO] Connecting to PostgreSQL: postgres@localhost:5432/twproject
2025-06-25T08:52:59.417Z [INFO] AlertService: SMTP client initialized
2025-06-25T08:52:59.443Z [INFO] Minimal server listening on port 8000
2025-06-25T08:52:59.452Z [INFO] Scheduler: Job 'expandRecurrences' added, next run: Wed Jun 25 2025 11:55:00 GMT+0300 (Eastern European Summer Time)
2025-06-25T08:52:59.453Z [INFO] Scheduler: Job 'checkInventory' added, next run: Wed Jun 25 2025 12:00:00 GMT+0300 (Eastern European Summer Time)
2025-06-25T08:52:59.453Z [INFO] Scheduler: Job 'checkEquipmentStatus' added, next run: Wed Jun 25 2025 11:53:59 GMT+0300 (Eastern European Summer Time)
2025-06-25T08:52:59.454Z [INFO] Scheduler: Job 'updateWeatherData' added, next run: Wed Jun 25 2025 11:53:59 GMT+0300 (Eastern European Summer Time)
2025-06-25T08:52:59.454Z [INFO] Scheduler: Job 'generateDailyStats' added, next run: Thu Jun 26 2025 00:00:00 GMT+0300 (Eastern European Summer Time)
2025-06-25T08:52:59.454Z [INFO] Scheduler: Job 'exceptionDetection' added, next run: Wed Jun 25 2025 11:53:59 GMT+0300 (Eastern European Summer Time)
2025-06-25T08:52:59.455Z [INFO] Scheduler: Starting...
2025-06-25T08:52:59.455Z [INFO] Scheduler: Started successfully
2025-06-25T08:52:59.456Z [INFO] Server and scheduler started successfully
2025-06-25T08:52:59.537Z [INFO] PostgreSQL connection successful. Server time: Wed Jun 25 2025 11:52:59 GMT+0300 (Eastern European Summer Time)
2025-06-25T08:53:33.641Z [INFO] OPTIONS /api/auth/login
2025-06-25T08:53:33.644Z [INFO] POST /api/auth/login
2025-06-25T08:53:33.645Z [INFO] POST /api/login or /api/auth/login
2025-06-25T08:53:33.885Z [ERROR] AuthService: Login failed for admin@cas.ro: Input buffers must have the same byte length
2025-06-25T08:53:33.886Z [ERROR] Login error: Input buffers must have the same byte length
2025-06-25T08:53:59.461Z [INFO] Scheduler: Running job 'checkEquipmentStatus'
2025-06-25T08:53:59.463Z [INFO] CheckEquipmentStatus: Starting equipment monitoring job
2025-06-25T08:53:59.464Z [INFO] Starting equipment status check...
2025-06-25T08:53:59.467Z [ERROR] SQL error after 3ms: relation "equipment_maintenance" does not exist
2025-06-25T08:53:59.467Z [ERROR] Failed query: 
            SELECT 
                e.*,
                l.name as location_name,
                MAX(em.ended_at) as last_maintenance
            FROM equipment e
            JOIN locations l ON e.location_id = l.location_id
            LEFT JOIN equipment_maintenance em ON e.equipment_id = em.equipment_id 
                AND em.ended_at IS NOT NULL
            WHERE e.status = 'OPERATIVE'
            GROUP BY e.equipment_id, l.name
            HAVING MAX(em.ended_at) < NOW() - INTERVAL '90 days' OR MAX(em.ended_at) IS NULL
            ORDER BY last_maintenance ASC NULLS FIRST
        
2025-06-25T08:53:59.468Z [ERROR] Error checking equipment status:
2025-06-25T08:53:59.468Z [ERROR] CheckEquipmentStatus: Job failed
2025-06-25T08:53:59.468Z [INFO] Scheduler: Job 'checkEquipmentStatus' completed, next run: Wed Jun 25 2025 11:54:59 GMT+0300 (Eastern European Summer Time)
2025-06-25T08:53:59.468Z [INFO] Scheduler: Running job 'updateWeatherData'
2025-06-25T08:53:59.469Z [INFO] Starting weather data update job...
2025-06-25T08:53:59.469Z [INFO] Starting weather data update for all locations...
2025-06-25T08:53:59.527Z [ERROR] SQL error after 57ms: relation "weather_snapshots" does not exist
2025-06-25T08:53:59.527Z [ERROR] Failed query: 
            SELECT 
                l.location_id,
                l.name,
                l.latitude,
                l.longitude,
                MAX(ws.captured_at) as last_weather_update,
                EXTRACT(EPOCH FROM (NOW() - MAX(ws.captured_at)))/3600 as hours_since_update
            FROM locations l
            LEFT JOIN weather_snapshots ws ON l.location_id = ws.location_id
            GROUP BY l.location_id, l.name, l.latitude, l.longitude
            HAVING MAX(ws.captured_at) IS NULL 
            OR MAX(ws.captured_at) < NOW() - INTERVAL '2 hours'
            ORDER BY hours_since_update DESC NULLS FIRST
        
2025-06-25T08:53:59.528Z [ERROR] Error updating weather data:
2025-06-25T08:53:59.528Z [ERROR] Weather data update job failed:
2025-06-25T08:53:59.528Z [INFO] Scheduler: Job 'updateWeatherData' completed, next run: Wed Jun 25 2025 11:54:59 GMT+0300 (Eastern European Summer Time)
2025-06-25T08:53:59.529Z [INFO] Scheduler: Running job 'exceptionDetection'
2025-06-25T08:53:59.530Z [INFO] Starting automated exception detection...
2025-06-25T08:53:59.530Z [INFO] Running comprehensive exception detection...
2025-06-25T08:53:59.612Z [ERROR] SQL error after 81ms: column l.id does not exist
2025-06-25T08:53:59.613Z [ERROR] Failed query: 
        SELECT 
          l.id as location_id,
          l.name as location_name,
          COUNT(e.id) as total_employees,
          COUNT(CASE WHEN e.status = 'ACTIVE' THEN 1 END) as active_employees,
          COUNT(CASE WHEN e.status = 'SICK' THEN 1 END) as sick_employees,
          COUNT(CASE WHEN e.status = 'VACATION' THEN 1 END) as vacation_employees
        FROM locations l
        LEFT JOIN employees e ON l.id = e.location_id
       GROUP BY l.id, l.name
2025-06-25T08:53:59.613Z [ERROR] Error detecting staff unavailability: column l.id does not exist
2025-06-25T08:53:59.621Z [ERROR] SQL error after 87ms: relation "transports" does not exist
2025-06-25T08:53:59.622Z [ERROR] Failed query: 
        SELECT 
          t.id,
          t.status,
          t.location_id,
          l.name as location_name,
          o.id as order_id,
          EXTRACT(hours FROM (NOW() - t.created_at)) as hours_since_created,
          EXTRACT(hours FROM (NOW() - t.updated_at)) as hours_since_updated
        FROM transports t
        JOIN orders o ON t.order_id = o.id
        JOIN locations l ON t.location_id = l.id
        WHERE t.status IN ('PENDING', 'IN_PROGRESS')
       ORDER BY t.created_at ASC
2025-06-25T08:53:59.622Z [ERROR] Error detecting transport issues: relation "transports" does not exist
2025-06-25T08:53:59.623Z [ERROR] SQL error after 90ms: column l.id does not exist
2025-06-25T08:53:59.624Z [ERROR] Failed query: 
        SELECT 
          l.id as location_id,
          l.name as location_name,
          COUNT(e.id) as total_equipment,
          COUNT(CASE WHEN e.status = 'OUT_OF_SERVICE' THEN 1 END) as out_of_service,
          COUNT(CASE WHEN e.updated_at < NOW() - INTERVAL '2 hours' THEN 1 END) as stale_equipment
        FROM locations l
        LEFT JOIN equipment e ON l.id = e.location_id
       GROUP BY l.id, l.name
2025-06-25T08:53:59.624Z [ERROR] Error detecting power outage: column l.id does not exist
2025-06-25T08:53:59.626Z [ERROR] SQL error after 93ms: column l.id does not exist
2025-06-25T08:53:59.627Z [ERROR] Failed query: 
        SELECT 
          e.id,
          e.name,
          e.type,
          e.status,
          e.location_id,
          l.name as location_name,
          EXTRACT(days FROM (NOW() - e.updated_at)) as days_since_update,
          COUNT(em.id) as recent_maintenance
        FROM equipment e
        JOIN locations l ON e.location_id = l.id
        LEFT JOIN equipment_maintenance em ON e.id = em.equipment_id 
          AND em.created_at >= NOW() - INTERVAL '30 days'
      
        GROUP BY e.id, e.name, e.type, e.status, e.location_id, l.name, e.updated_at
        HAVING e.status = 'OUT_OF_SERVICE' 
          OR EXTRACT(days FROM (NOW() - e.updated_at)) > 7
        ORDER BY days_since_update DESC
      
2025-06-25T08:53:59.627Z [ERROR] Error detecting equipment failures: column l.id does not exist
2025-06-25T08:53:59.628Z [INFO] Exception detection completed: 0 issues found
2025-06-25T08:53:59.628Z [INFO] Exception detection completed: 0 total issues found
2025-06-25T08:53:59.629Z [INFO] - Staff issues: 0
2025-06-25T08:53:59.629Z [INFO] - Power issues: 0
2025-06-25T08:53:59.630Z [INFO] - Equipment issues: 0
2025-06-25T08:53:59.630Z [INFO] - Transport issues: 0
2025-06-25T08:53:59.631Z [INFO] Creating notification: SYSTEM_STATUS_OK - LOW - All systems operational - no critical issues detected
2025-06-25T08:53:59.632Z [INFO] Notification sent via websocket: notif_1750841639631_ltlxyegfj
2025-06-25T08:53:59.633Z [INFO] Exception detection completed successfully in 103ms
2025-06-25T08:53:59.634Z [INFO] Scheduler: Job 'exceptionDetection' completed, next run: Wed Jun 25 2025 11:54:59 GMT+0300 (Eastern European Summer Time)
2025-06-25T08:54:08.029Z [INFO] OPTIONS /api/auth/register
2025-06-25T08:54:08.031Z [INFO] POST /api/auth/register
2025-06-25T08:54:08.032Z [INFO] POST /api/register or /api/auth/register
2025-06-25T08:54:08.280Z [INFO] AuthService: Successfully registered user testtesttest@gmail.com with ID 21
2025-06-25T08:54:08.281Z [INFO] Register: Success for user testtesttest@gmail.com
2025-06-25T08:54:15.482Z [INFO] OPTIONS /api/auth/login
2025-06-25T08:54:15.483Z [INFO] POST /api/auth/login
2025-06-25T08:54:15.483Z [INFO] POST /api/login or /api/auth/login
2025-06-25T08:54:15.598Z [INFO] AuthService: Successful login for testtesttest@gmail.com
2025-06-25T08:54:15.598Z [INFO] Login: Success for user testtesttest@gmail.com
2025-06-25T08:54:17.193Z [INFO] OPTIONS /api/stats/dashboard
2025-06-25T08:54:17.198Z [INFO] GET /api/stats/dashboard
2025-06-25T08:54:17.200Z [ERROR] Error getting dashboard: Cannot read properties of undefined (reading 'locationId')
2025-06-25T08:54:17.207Z [INFO] OPTIONS /api/orders
2025-06-25T08:54:17.210Z [INFO] GET /api/orders
2025-06-25T08:54:17.212Z [INFO] GET /api/orders
2025-06-25T08:54:17.216Z [ERROR] SQL error after 3ms: column o.transport_request_id does not exist
2025-06-25T08:54:17.217Z [ERROR] Failed query: 
      SELECT o.order_id, o.customer_id, o.location_id, o.service_id, o.quantity,
             o.unit_price, o.total_amount, o.status, o.scheduled_for, o.started_at,
             o.completed_at, o.assigned_employee_id, o.transport_request_id, o.notes, o.created_at,
             c.customer_code, cu.first_name as customer_first_name, cu.last_name as customer_last_name, 
             cu.email as customer_email, cu.phone as customer_phone,
             l.name as location_name, l.address as location_address,
             s.name as service_name, s.description as service_description,
             e.employee_code, eu.first_name as employee_first_name, eu.last_name as employee_last_name,
             tr.pickup_address, tr.delivery_address, tr.status as transport_status
      FROM orders o
      JOIN customers c ON o.customer_id = c.customer_id
      JOIN users cu ON c.user_id = cu.user_id
      JOIN locations l ON o.location_id = l.location_id
      JOIN services s ON o.service_id = s.service_id
      LEFT JOIN employees e ON o.assigned_employee_id = e.employee_id
      LEFT JOIN users eu ON e.user_id = eu.user_id
      LEFT JOIN transport_requests tr ON o.transport_request_id = tr.transport_request_id
      WHERE 1=1
      ORDER BY o.created_at DESC
      LIMIT $1 OFFSET $2
    
2025-06-25T08:54:17.217Z [ERROR] OrderService: Failed to get orders: column o.transport_request_id does not exist
2025-06-25T08:54:17.218Z [ERROR] OrderController: Get orders failed: column o.transport_request_id does not exist
2025-06-25T08:54:17.222Z [INFO] OPTIONS /api/stats/system-status
2025-06-25T08:54:17.225Z [INFO] GET /api/stats/system-status
2025-06-25T08:54:17.226Z [ERROR] Error getting system status: Cannot read properties of undefined (reading 'locationId')
2025-06-25T08:54:17.232Z [INFO] OPTIONS /api/notifications/recent
2025-06-25T08:54:17.235Z [INFO] GET /api/notifications/recent
2025-06-25T08:54:17.236Z [ERROR] Error getting recent notifications: Cannot read properties of undefined (reading 'limit')
2025-06-25T08:54:17.240Z [INFO] OPTIONS /api/stats/performance
2025-06-25T08:54:17.243Z [INFO] GET /api/stats/performance
2025-06-25T08:54:17.244Z [ERROR] Error getting performance stats: Cannot read properties of undefined (reading 'locationId')
2025-06-25T08:54:24.501Z [INFO] OPTIONS /api/stats/dashboard
2025-06-25T08:54:24.512Z [INFO] OPTIONS /api/orders
2025-06-25T08:54:24.517Z [INFO] GET /api/orders
2025-06-25T08:54:24.518Z [INFO] GET /api/orders
2025-06-25T08:54:24.574Z [ERROR] SQL error after 56ms: column o.transport_request_id does not exist
2025-06-25T08:54:24.575Z [ERROR] Failed query: 
      SELECT o.order_id, o.customer_id, o.location_id, o.service_id, o.quantity,
             o.unit_price, o.total_amount, o.status, o.scheduled_for, o.started_at,
             o.completed_at, o.assigned_employee_id, o.transport_request_id, o.notes, o.created_at,
             c.customer_code, cu.first_name as customer_first_name, cu.last_name as customer_last_name, 
             cu.email as customer_email, cu.phone as customer_phone,
             l.name as location_name, l.address as location_address,
             s.name as service_name, s.description as service_description,
             e.employee_code, eu.first_name as employee_first_name, eu.last_name as employee_last_name,
             tr.pickup_address, tr.delivery_address, tr.status as transport_status
      FROM orders o
      JOIN customers c ON o.customer_id = c.customer_id
      JOIN users cu ON c.user_id = cu.user_id
      JOIN locations l ON o.location_id = l.location_id
      JOIN services s ON o.service_id = s.service_id
      LEFT JOIN employees e ON o.assigned_employee_id = e.employee_id
      LEFT JOIN users eu ON e.user_id = eu.user_id
      LEFT JOIN transport_requests tr ON o.transport_request_id = tr.transport_request_id
      WHERE 1=1
      ORDER BY o.created_at DESC
      LIMIT $1 OFFSET $2
    
2025-06-25T08:54:24.575Z [ERROR] OrderService: Failed to get orders: column o.transport_request_id does not exist
2025-06-25T08:54:24.576Z [ERROR] OrderController: Get orders failed: column o.transport_request_id does not exist
2025-06-25T08:54:24.580Z [INFO] OPTIONS /api/stats/system-status
2025-06-25T08:54:24.583Z [INFO] GET /api/stats/system-status
2025-06-25T08:54:24.585Z [ERROR] Error getting system status: Cannot read properties of undefined (reading 'locationId')
2025-06-25T08:54:24.589Z [INFO] OPTIONS /api/notifications/recent
2025-06-25T08:54:24.591Z [INFO] GET /api/notifications/recent
2025-06-25T08:54:24.591Z [ERROR] Error getting recent notifications: Cannot read properties of undefined (reading 'limit')
2025-06-25T08:54:24.596Z [INFO] OPTIONS /api/stats/performance
2025-06-25T08:54:24.598Z [INFO] GET /api/stats/performance
2025-06-25T08:54:24.599Z [ERROR] Error getting performance stats: Cannot read properties of undefined (reading 'locationId')
2025-06-25T08:54:25.426Z [INFO] OPTIONS /api/equipment
2025-06-25T08:54:25.428Z [INFO] OPTIONS /api/locations
2025-06-25T08:57:18.874Z [INFO] Connecting to PostgreSQL: postgres@localhost:5432/twproject
2025-06-25T08:57:18.909Z [INFO] AlertService: SMTP client initialized
2025-06-25T08:57:18.925Z [INFO] Minimal server listening on port 8000
2025-06-25T08:57:18.932Z [INFO] Scheduler: Job 'expandRecurrences' added, next run: Wed Jun 25 2025 12:00:00 GMT+0300 (Eastern European Summer Time)
2025-06-25T08:57:18.933Z [INFO] Scheduler: Job 'checkInventory' added, next run: Wed Jun 25 2025 12:00:00 GMT+0300 (Eastern European Summer Time)
2025-06-25T08:57:18.933Z [INFO] Scheduler: Job 'checkEquipmentStatus' added, next run: Wed Jun 25 2025 11:58:18 GMT+0300 (Eastern European Summer Time)
2025-06-25T08:57:18.934Z [INFO] Scheduler: Job 'updateWeatherData' added, next run: Wed Jun 25 2025 11:58:18 GMT+0300 (Eastern European Summer Time)
2025-06-25T08:57:18.934Z [INFO] Scheduler: Job 'generateDailyStats' added, next run: Thu Jun 26 2025 00:00:00 GMT+0300 (Eastern European Summer Time)
2025-06-25T08:57:18.934Z [INFO] Scheduler: Job 'exceptionDetection' added, next run: Wed Jun 25 2025 11:58:18 GMT+0300 (Eastern European Summer Time)
2025-06-25T08:57:18.934Z [INFO] Scheduler: Starting...
2025-06-25T08:57:18.934Z [INFO] Scheduler: Started successfully
2025-06-25T08:57:18.935Z [INFO] Server and scheduler started successfully
2025-06-25T08:57:19.077Z [INFO] PostgreSQL connection successful. Server time: Wed Jun 25 2025 11:57:19 GMT+0300 (Eastern European Summer Time)
2025-06-25T08:57:49.715Z [INFO] OPTIONS /api/auth/login
2025-06-25T08:57:49.720Z [INFO] POST /api/auth/login
2025-06-25T08:57:49.721Z [INFO] POST /api/login or /api/auth/login
2025-06-25T08:57:49.968Z [ERROR] AuthService: Login failed for admin@cas.ro: Input buffers must have the same byte length
2025-06-25T08:57:49.968Z [ERROR] Login error: Input buffers must have the same byte length
2025-06-25T08:57:57.902Z [INFO] OPTIONS /api/auth/login
2025-06-25T08:57:57.903Z [INFO] POST /api/auth/login
2025-06-25T08:57:57.904Z [INFO] POST /api/login or /api/auth/login
2025-06-25T08:57:58.046Z [ERROR] AuthService: Login failed for admin@cas.ro: Input buffers must have the same byte length
2025-06-25T08:57:58.047Z [ERROR] Login error: Input buffers must have the same byte length
2025-06-25T08:58:18.939Z [INFO] Scheduler: Running job 'checkEquipmentStatus'
2025-06-25T08:58:18.941Z [INFO] CheckEquipmentStatus: Starting equipment monitoring job
2025-06-25T08:58:18.942Z [INFO] Starting equipment status check...
2025-06-25T08:58:18.945Z [ERROR] SQL error after 2ms: relation "equipment_maintenance" does not exist
2025-06-25T08:58:18.945Z [ERROR] Failed query: 
            SELECT 
                e.*,
                l.name as location_name,
                MAX(em.ended_at) as last_maintenance
            FROM equipment e
            JOIN locations l ON e.location_id = l.location_id
            LEFT JOIN equipment_maintenance em ON e.equipment_id = em.equipment_id 
                AND em.ended_at IS NOT NULL
            WHERE e.status = 'OPERATIVE'
            GROUP BY e.equipment_id, l.name
            HAVING MAX(em.ended_at) < NOW() - INTERVAL '90 days' OR MAX(em.ended_at) IS NULL
            ORDER BY last_maintenance ASC NULLS FIRST
        
2025-06-25T08:58:18.945Z [ERROR] Error checking equipment status:
2025-06-25T08:58:18.946Z [ERROR] CheckEquipmentStatus: Job failed
2025-06-25T08:58:18.947Z [INFO] Scheduler: Job 'checkEquipmentStatus' completed, next run: Wed Jun 25 2025 11:59:18 GMT+0300 (Eastern European Summer Time)
2025-06-25T08:58:18.947Z [INFO] Scheduler: Running job 'updateWeatherData'
2025-06-25T08:58:18.947Z [INFO] Starting weather data update job...
2025-06-25T08:58:18.948Z [INFO] Starting weather data update for all locations...
2025-06-25T08:58:18.996Z [ERROR] SQL error after 48ms: relation "weather_snapshots" does not exist
2025-06-25T08:58:18.997Z [ERROR] Failed query: 
            SELECT 
                l.location_id,
                l.name,
                l.latitude,
                l.longitude,
                MAX(ws.captured_at) as last_weather_update,
                EXTRACT(EPOCH FROM (NOW() - MAX(ws.captured_at)))/3600 as hours_since_update
            FROM locations l
            LEFT JOIN weather_snapshots ws ON l.location_id = ws.location_id
            GROUP BY l.location_id, l.name, l.latitude, l.longitude
            HAVING MAX(ws.captured_at) IS NULL 
            OR MAX(ws.captured_at) < NOW() - INTERVAL '2 hours'
            ORDER BY hours_since_update DESC NULLS FIRST
        
2025-06-25T08:58:18.997Z [ERROR] Error updating weather data:
2025-06-25T08:58:18.998Z [ERROR] Weather data update job failed:
2025-06-25T08:58:18.998Z [INFO] Scheduler: Job 'updateWeatherData' completed, next run: Wed Jun 25 2025 11:59:18 GMT+0300 (Eastern European Summer Time)
2025-06-25T08:58:18.998Z [INFO] Scheduler: Running job 'exceptionDetection'
2025-06-25T08:58:18.999Z [INFO] Starting automated exception detection...
2025-06-25T08:58:18.999Z [INFO] Running comprehensive exception detection...
2025-06-25T08:58:19.069Z [ERROR] SQL error after 69ms: column l.id does not exist
2025-06-25T08:58:19.070Z [ERROR] Failed query: 
        SELECT 
          l.id as location_id,
          l.name as location_name,
          COUNT(e.id) as total_employees,
          COUNT(CASE WHEN e.status = 'ACTIVE' THEN 1 END) as active_employees,
          COUNT(CASE WHEN e.status = 'SICK' THEN 1 END) as sick_employees,
          COUNT(CASE WHEN e.status = 'VACATION' THEN 1 END) as vacation_employees
        FROM locations l
        LEFT JOIN employees e ON l.id = e.location_id
       GROUP BY l.id, l.name
2025-06-25T08:58:19.071Z [ERROR] Error detecting staff unavailability: column l.id does not exist
2025-06-25T08:58:19.075Z [ERROR] SQL error after 74ms: column l.id does not exist
2025-06-25T08:58:19.075Z [ERROR] Failed query: 
        SELECT 
          l.id as location_id,
          l.name as location_name,
          COUNT(e.id) as total_equipment,
          COUNT(CASE WHEN e.status = 'OUT_OF_SERVICE' THEN 1 END) as out_of_service,
          COUNT(CASE WHEN e.updated_at < NOW() - INTERVAL '2 hours' THEN 1 END) as stale_equipment
        FROM locations l
        LEFT JOIN equipment e ON l.id = e.location_id
       GROUP BY l.id, l.name
2025-06-25T08:58:19.076Z [ERROR] Error detecting power outage: column l.id does not exist
2025-06-25T08:58:19.079Z [ERROR] SQL error after 77ms: column l.id does not exist
2025-06-25T08:58:19.080Z [ERROR] Failed query: 
        SELECT 
          e.id,
          e.name,
          e.type,
          e.status,
          e.location_id,
          l.name as location_name,
          EXTRACT(days FROM (NOW() - e.updated_at)) as days_since_update,
          COUNT(em.id) as recent_maintenance
        FROM equipment e
        JOIN locations l ON e.location_id = l.id
        LEFT JOIN equipment_maintenance em ON e.id = em.equipment_id 
          AND em.created_at >= NOW() - INTERVAL '30 days'
      
        GROUP BY e.id, e.name, e.type, e.status, e.location_id, l.name, e.updated_at
        HAVING e.status = 'OUT_OF_SERVICE' 
          OR EXTRACT(days FROM (NOW() - e.updated_at)) > 7
        ORDER BY days_since_update DESC
      
2025-06-25T08:58:19.081Z [ERROR] Error detecting equipment failures: column l.id does not exist
2025-06-25T08:58:19.083Z [ERROR] SQL error after 81ms: relation "transports" does not exist
2025-06-25T08:58:19.084Z [ERROR] Failed query: 
        SELECT 
          t.id,
          t.status,
          t.location_id,
          l.name as location_name,
          o.id as order_id,
          EXTRACT(hours FROM (NOW() - t.created_at)) as hours_since_created,
          EXTRACT(hours FROM (NOW() - t.updated_at)) as hours_since_updated
        FROM transports t
        JOIN orders o ON t.order_id = o.id
        JOIN locations l ON t.location_id = l.id
        WHERE t.status IN ('PENDING', 'IN_PROGRESS')
       ORDER BY t.created_at ASC
2025-06-25T08:58:19.084Z [ERROR] Error detecting transport issues: relation "transports" does not exist
2025-06-25T08:58:19.085Z [INFO] Exception detection completed: 0 issues found
2025-06-25T08:58:19.086Z [INFO] Exception detection completed: 0 total issues found
2025-06-25T08:58:19.086Z [INFO] - Staff issues: 0
2025-06-25T08:58:19.087Z [INFO] - Power issues: 0
2025-06-25T08:58:19.087Z [INFO] - Equipment issues: 0
2025-06-25T08:58:19.088Z [INFO] - Transport issues: 0
2025-06-25T08:58:19.089Z [INFO] Creating notification: SYSTEM_STATUS_OK - LOW - All systems operational - no critical issues detected
2025-06-25T08:58:19.089Z [INFO] Notification sent via websocket: notif_1750841899089_lnhtmkjsn
2025-06-25T08:58:19.090Z [INFO] Exception detection completed successfully in 91ms
2025-06-25T08:58:19.090Z [INFO] Scheduler: Job 'exceptionDetection' completed, next run: Wed Jun 25 2025 11:59:19 GMT+0300 (Eastern European Summer Time)
2025-06-25T09:00:18.951Z [INFO] Scheduler: Running job 'expandRecurrences'
2025-06-25T09:00:18.951Z [INFO] ExpandRecurrences: Starting job
2025-06-25T09:00:18.952Z [ERROR] ExpandRecurrences: Job failed: orderService.getOrdersWithRecurrence is not a function
2025-06-25T09:00:18.952Z [ERROR] Scheduler: Job 'expandRecurrences' failed: orderService.getOrdersWithRecurrence is not a function
2025-06-25T09:00:18.952Z [WARN] Scheduler: Job 'expandRecurrences' will retry at Wed Jun 25 2025 12:05:18 GMT+0300 (Eastern European Summer Time)
2025-06-25T09:00:18.953Z [INFO] Scheduler: Running job 'checkInventory'
2025-06-25T09:00:18.953Z [INFO] CheckInventory: Starting inventory monitoring job
2025-06-25T09:00:19.002Z [ERROR] SQL error after 49ms: column i.quantity does not exist
2025-06-25T09:00:19.002Z [ERROR] Failed query: 
      SELECT i.location_id, i.resource_id, i.quantity, i.updated_at,
             r.name as resource_name, r.kind, r.unit, r.unit_cost,
             l.name as location_name
      FROM inventory i
      JOIN resources r ON i.resource_id = r.resource_id
      JOIN locations l ON i.location_id = l.location_id
      WHERE i.quantity <= $1 AND i.quantity >= 0
      ORDER BY i.quantity ASC, l.name, r.name
    
2025-06-25T09:00:19.003Z [ERROR] Failed to get low stock items: column i.quantity does not exist
2025-06-25T09:00:19.003Z [ERROR] Failed to get inventory alerts: column i.quantity does not exist
2025-06-25T09:00:19.004Z [ERROR] CheckInventory: Job failed - column i.quantity does not exist
2025-06-25T09:00:19.004Z [ERROR] Scheduler: Job 'checkInventory' failed: column i.quantity does not exist
2025-06-25T09:00:19.005Z [WARN] Scheduler: Job 'checkInventory' will retry at Wed Jun 25 2025 12:05:18 GMT+0300 (Eastern European Summer Time)
2025-06-25T09:00:19.005Z [INFO] Scheduler: Running job 'checkEquipmentStatus'
2025-06-25T09:00:19.005Z [INFO] CheckEquipmentStatus: Starting equipment monitoring job
2025-06-25T09:00:19.006Z [INFO] Starting equipment status check...
2025-06-25T09:00:19.060Z [ERROR] SQL error after 54ms: relation "equipment_maintenance" does not exist
2025-06-25T09:00:19.060Z [ERROR] Failed query: 
            SELECT 
                e.*,
                l.name as location_name,
                MAX(em.ended_at) as last_maintenance
            FROM equipment e
            JOIN locations l ON e.location_id = l.location_id
            LEFT JOIN equipment_maintenance em ON e.equipment_id = em.equipment_id 
                AND em.ended_at IS NOT NULL
            WHERE e.status = 'OPERATIVE'
            GROUP BY e.equipment_id, l.name
            HAVING MAX(em.ended_at) < NOW() - INTERVAL '90 days' OR MAX(em.ended_at) IS NULL
            ORDER BY last_maintenance ASC NULLS FIRST
        
2025-06-25T09:00:19.061Z [ERROR] Error checking equipment status:
2025-06-25T09:00:19.061Z [ERROR] CheckEquipmentStatus: Job failed
2025-06-25T09:00:19.062Z [INFO] Scheduler: Job 'checkEquipmentStatus' completed, next run: Wed Jun 25 2025 12:01:19 GMT+0300 (Eastern European Summer Time)
2025-06-25T09:00:19.062Z [INFO] Scheduler: Running job 'updateWeatherData'
2025-06-25T09:00:19.063Z [INFO] Starting weather data update job...
2025-06-25T09:00:19.063Z [INFO] Starting weather data update for all locations...
2025-06-25T09:00:19.116Z [ERROR] SQL error after 52ms: relation "weather_snapshots" does not exist
2025-06-25T09:00:19.116Z [ERROR] Failed query: 
            SELECT 
                l.location_id,
                l.name,
                l.latitude,
                l.longitude,
                MAX(ws.captured_at) as last_weather_update,
                EXTRACT(EPOCH FROM (NOW() - MAX(ws.captured_at)))/3600 as hours_since_update
            FROM locations l
            LEFT JOIN weather_snapshots ws ON l.location_id = ws.location_id
            GROUP BY l.location_id, l.name, l.latitude, l.longitude
            HAVING MAX(ws.captured_at) IS NULL 
            OR MAX(ws.captured_at) < NOW() - INTERVAL '2 hours'
            ORDER BY hours_since_update DESC NULLS FIRST
        
2025-06-25T09:00:19.117Z [ERROR] Error updating weather data:
2025-06-25T09:00:19.117Z [ERROR] Weather data update job failed:
2025-06-25T09:00:19.117Z [INFO] Scheduler: Job 'updateWeatherData' completed, next run: Wed Jun 25 2025 12:01:19 GMT+0300 (Eastern European Summer Time)
2025-06-25T09:00:19.118Z [INFO] Scheduler: Running job 'exceptionDetection'
2025-06-25T09:00:19.118Z [INFO] Starting automated exception detection...
2025-06-25T09:00:19.118Z [INFO] Running comprehensive exception detection...
2025-06-25T09:00:19.195Z [ERROR] SQL error after 76ms: column l.id does not exist
2025-06-25T09:00:19.196Z [ERROR] Failed query: 
        SELECT 
          l.id as location_id,
          l.name as location_name,
          COUNT(e.id) as total_employees,
          COUNT(CASE WHEN e.status = 'ACTIVE' THEN 1 END) as active_employees,
          COUNT(CASE WHEN e.status = 'SICK' THEN 1 END) as sick_employees,
          COUNT(CASE WHEN e.status = 'VACATION' THEN 1 END) as vacation_employees
        FROM locations l
        LEFT JOIN employees e ON l.id = e.location_id
       GROUP BY l.id, l.name
2025-06-25T09:00:19.196Z [ERROR] Error detecting staff unavailability: column l.id does not exist
2025-06-25T09:00:19.197Z [ERROR] SQL error after 78ms: column l.id does not exist
2025-06-25T09:00:19.198Z [ERROR] Failed query: 
        SELECT 
          l.id as location_id,
          l.name as location_name,
          COUNT(e.id) as total_equipment,
          COUNT(CASE WHEN e.status = 'OUT_OF_SERVICE' THEN 1 END) as out_of_service,
          COUNT(CASE WHEN e.updated_at < NOW() - INTERVAL '2 hours' THEN 1 END) as stale_equipment
        FROM locations l
        LEFT JOIN equipment e ON l.id = e.location_id
       GROUP BY l.id, l.name
2025-06-25T09:00:19.198Z [ERROR] Error detecting power outage: column l.id does not exist
2025-06-25T09:00:19.213Z [ERROR] SQL error after 94ms: column l.id does not exist
2025-06-25T09:00:19.214Z [ERROR] Failed query: 
        SELECT 
          e.id,
          e.name,
          e.type,
          e.status,
          e.location_id,
          l.name as location_name,
          EXTRACT(days FROM (NOW() - e.updated_at)) as days_since_update,
          COUNT(em.id) as recent_maintenance
        FROM equipment e
        JOIN locations l ON e.location_id = l.id
        LEFT JOIN equipment_maintenance em ON e.id = em.equipment_id 
          AND em.created_at >= NOW() - INTERVAL '30 days'
      
        GROUP BY e.id, e.name, e.type, e.status, e.location_id, l.name, e.updated_at
        HAVING e.status = 'OUT_OF_SERVICE' 
          OR EXTRACT(days FROM (NOW() - e.updated_at)) > 7
        ORDER BY days_since_update DESC
      
2025-06-25T09:00:19.214Z [ERROR] Error detecting equipment failures: column l.id does not exist
2025-06-25T09:00:19.217Z [ERROR] SQL error after 98ms: relation "transports" does not exist
2025-06-25T09:00:19.217Z [ERROR] Failed query: 
        SELECT 
          t.id,
          t.status,
          t.location_id,
          l.name as location_name,
          o.id as order_id,
          EXTRACT(hours FROM (NOW() - t.created_at)) as hours_since_created,
          EXTRACT(hours FROM (NOW() - t.updated_at)) as hours_since_updated
        FROM transports t
        JOIN orders o ON t.order_id = o.id
        JOIN locations l ON t.location_id = l.id
        WHERE t.status IN ('PENDING', 'IN_PROGRESS')
       ORDER BY t.created_at ASC
2025-06-25T09:00:19.218Z [ERROR] Error detecting transport issues: relation "transports" does not exist
2025-06-25T09:00:19.218Z [INFO] Exception detection completed: 0 issues found
2025-06-25T09:00:19.218Z [INFO] Exception detection completed: 0 total issues found
2025-06-25T09:00:19.219Z [INFO] - Staff issues: 0
2025-06-25T09:00:19.219Z [INFO] - Power issues: 0
2025-06-25T09:00:19.219Z [INFO] - Equipment issues: 0
2025-06-25T09:00:19.220Z [INFO] - Transport issues: 0
2025-06-25T09:00:19.220Z [INFO] Creating notification: SYSTEM_STATUS_OK - LOW - All systems operational - no critical issues detected
2025-06-25T09:00:19.221Z [INFO] Notification sent via websocket: notif_1750842019220_75sa819q3
2025-06-25T09:00:19.221Z [INFO] Exception detection completed successfully in 103ms
2025-06-25T09:00:19.222Z [INFO] Scheduler: Job 'exceptionDetection' completed, next run: Wed Jun 25 2025 12:01:19 GMT+0300 (Eastern European Summer Time)
2025-06-25T09:02:18.970Z [INFO] Scheduler: Running job 'checkEquipmentStatus'
2025-06-25T09:02:18.971Z [INFO] CheckEquipmentStatus: Starting equipment monitoring job
2025-06-25T09:02:18.971Z [INFO] Starting equipment status check...
2025-06-25T09:02:19.127Z [ERROR] SQL error after 156ms: relation "equipment" does not exist
2025-06-25T09:02:19.127Z [ERROR] Failed query: 
            SELECT 
                e.*,
                l.name as location_name,
                MAX(em.ended_at) as last_maintenance
            FROM equipment e
            JOIN locations l ON e.location_id = l.location_id
            LEFT JOIN equipment_maintenance em ON e.equipment_id = em.equipment_id 
                AND em.ended_at IS NOT NULL
            WHERE e.status = 'OPERATIVE'
            GROUP BY e.equipment_id, l.name
            HAVING MAX(em.ended_at) < NOW() - INTERVAL '90 days' OR MAX(em.ended_at) IS NULL
            ORDER BY last_maintenance ASC NULLS FIRST
        
2025-06-25T09:02:19.128Z [ERROR] Error checking equipment status:
2025-06-25T09:02:19.128Z [ERROR] CheckEquipmentStatus: Job failed
2025-06-25T09:02:19.128Z [INFO] Scheduler: Job 'checkEquipmentStatus' completed, next run: Wed Jun 25 2025 12:03:19 GMT+0300 (Eastern European Summer Time)
2025-06-25T09:02:19.129Z [INFO] Scheduler: Running job 'updateWeatherData'
2025-06-25T09:02:19.129Z [INFO] Starting weather data update job...
2025-06-25T09:02:19.129Z [INFO] Starting weather data update for all locations...
2025-06-25T09:02:19.173Z [ERROR] SQL error after 43ms: relation "locations" does not exist
2025-06-25T09:02:19.174Z [ERROR] Failed query: 
            SELECT 
                l.location_id,
                l.name,
                l.latitude,
                l.longitude,
                MAX(ws.captured_at) as last_weather_update,
                EXTRACT(EPOCH FROM (NOW() - MAX(ws.captured_at)))/3600 as hours_since_update
            FROM locations l
            LEFT JOIN weather_snapshots ws ON l.location_id = ws.location_id
            GROUP BY l.location_id, l.name, l.latitude, l.longitude
            HAVING MAX(ws.captured_at) IS NULL 
            OR MAX(ws.captured_at) < NOW() - INTERVAL '2 hours'
            ORDER BY hours_since_update DESC NULLS FIRST
        
2025-06-25T09:02:19.174Z [ERROR] Error updating weather data:
2025-06-25T09:02:19.174Z [ERROR] Weather data update job failed:
2025-06-25T09:02:19.174Z [INFO] Scheduler: Job 'updateWeatherData' completed, next run: Wed Jun 25 2025 12:03:19 GMT+0300 (Eastern European Summer Time)
2025-06-25T09:02:19.175Z [INFO] Scheduler: Running job 'exceptionDetection'
2025-06-25T09:02:19.175Z [INFO] Starting automated exception detection...
2025-06-25T09:02:19.175Z [INFO] Running comprehensive exception detection...
2025-06-25T09:02:19.240Z [ERROR] SQL error after 63ms: relation "locations" does not exist
2025-06-25T09:02:19.240Z [ERROR] Failed query: 
        SELECT 
          l.id as location_id,
          l.name as location_name,
          COUNT(e.id) as total_equipment,
          COUNT(CASE WHEN e.status = 'OUT_OF_SERVICE' THEN 1 END) as out_of_service,
          COUNT(CASE WHEN e.updated_at < NOW() - INTERVAL '2 hours' THEN 1 END) as stale_equipment
        FROM locations l
        LEFT JOIN equipment e ON l.id = e.location_id
       GROUP BY l.id, l.name
2025-06-25T09:02:19.241Z [ERROR] Error detecting power outage: relation "locations" does not exist
2025-06-25T09:02:19.242Z [ERROR] SQL error after 66ms: relation "equipment" does not exist
2025-06-25T09:02:19.243Z [ERROR] Failed query: 
        SELECT 
          e.id,
          e.name,
          e.type,
          e.status,
          e.location_id,
          l.name as location_name,
          EXTRACT(days FROM (NOW() - e.updated_at)) as days_since_update,
          COUNT(em.id) as recent_maintenance
        FROM equipment e
        JOIN locations l ON e.location_id = l.id
        LEFT JOIN equipment_maintenance em ON e.id = em.equipment_id 
          AND em.created_at >= NOW() - INTERVAL '30 days'
      
        GROUP BY e.id, e.name, e.type, e.status, e.location_id, l.name, e.updated_at
        HAVING e.status = 'OUT_OF_SERVICE' 
          OR EXTRACT(days FROM (NOW() - e.updated_at)) > 7
        ORDER BY days_since_update DESC
      
2025-06-25T09:02:19.243Z [ERROR] Error detecting equipment failures: relation "equipment" does not exist
2025-06-25T09:02:19.246Z [ERROR] SQL error after 70ms: relation "transports" does not exist
2025-06-25T09:02:19.246Z [ERROR] Failed query: 
        SELECT 
          t.id,
          t.status,
          t.location_id,
          l.name as location_name,
          o.id as order_id,
          EXTRACT(hours FROM (NOW() - t.created_at)) as hours_since_created,
          EXTRACT(hours FROM (NOW() - t.updated_at)) as hours_since_updated
        FROM transports t
        JOIN orders o ON t.order_id = o.id
        JOIN locations l ON t.location_id = l.id
        WHERE t.status IN ('PENDING', 'IN_PROGRESS')
       ORDER BY t.created_at ASC
2025-06-25T09:02:19.247Z [ERROR] Error detecting transport issues: relation "transports" does not exist
2025-06-25T09:02:19.338Z [ERROR] SQL error after 162ms: relation "locations" does not exist
2025-06-25T09:02:19.338Z [ERROR] Failed query: 
        SELECT 
          l.id as location_id,
          l.name as location_name,
          COUNT(e.id) as total_employees,
          COUNT(CASE WHEN e.status = 'ACTIVE' THEN 1 END) as active_employees,
          COUNT(CASE WHEN e.status = 'SICK' THEN 1 END) as sick_employees,
          COUNT(CASE WHEN e.status = 'VACATION' THEN 1 END) as vacation_employees
        FROM locations l
        LEFT JOIN employees e ON l.id = e.location_id
       GROUP BY l.id, l.name
2025-06-25T09:02:19.339Z [ERROR] Error detecting staff unavailability: relation "locations" does not exist
2025-06-25T09:02:19.339Z [INFO] Exception detection completed: 0 issues found
2025-06-25T09:02:19.340Z [INFO] Exception detection completed: 0 total issues found
2025-06-25T09:02:19.340Z [INFO] - Staff issues: 0
2025-06-25T09:02:19.340Z [INFO] - Power issues: 0
2025-06-25T09:02:19.341Z [INFO] - Equipment issues: 0
2025-06-25T09:02:19.341Z [INFO] - Transport issues: 0
2025-06-25T09:02:19.341Z [INFO] Creating notification: SYSTEM_STATUS_OK - LOW - All systems operational - no critical issues detected
2025-06-25T09:02:19.342Z [INFO] Notification sent via websocket: notif_1750842139341_lhxfppjwn
2025-06-25T09:02:19.342Z [INFO] Exception detection completed successfully in 167ms
2025-06-25T09:02:19.343Z [INFO] Scheduler: Job 'exceptionDetection' completed, next run: Wed Jun 25 2025 12:03:19 GMT+0300 (Eastern European Summer Time)
2025-06-25T09:06:24.765Z [INFO] Connecting to PostgreSQL: postgres@localhost:5432/twproject
2025-06-25T09:06:24.796Z [INFO] AlertService: SMTP client initialized
2025-06-25T09:06:24.815Z [INFO] Minimal server listening on port 8000
2025-06-25T09:06:24.822Z [INFO] Scheduler: Job 'expandRecurrences' added, next run: Wed Jun 25 2025 12:10:00 GMT+0300 (Eastern European Summer Time)
2025-06-25T09:06:24.822Z [INFO] Scheduler: Job 'checkInventory' added, next run: Wed Jun 25 2025 13:00:00 GMT+0300 (Eastern European Summer Time)
2025-06-25T09:06:24.823Z [INFO] Scheduler: Job 'checkEquipmentStatus' added, next run: Wed Jun 25 2025 12:07:24 GMT+0300 (Eastern European Summer Time)
2025-06-25T09:06:24.823Z [INFO] Scheduler: Job 'updateWeatherData' added, next run: Wed Jun 25 2025 12:07:24 GMT+0300 (Eastern European Summer Time)
2025-06-25T09:06:24.823Z [INFO] Scheduler: Job 'generateDailyStats' added, next run: Thu Jun 26 2025 00:00:00 GMT+0300 (Eastern European Summer Time)
2025-06-25T09:06:24.824Z [INFO] Scheduler: Job 'exceptionDetection' added, next run: Wed Jun 25 2025 12:07:24 GMT+0300 (Eastern European Summer Time)
2025-06-25T09:06:24.824Z [INFO] Scheduler: Starting...
2025-06-25T09:06:24.825Z [INFO] Scheduler: Started successfully
2025-06-25T09:06:24.825Z [INFO] Server and scheduler started successfully
2025-06-25T09:06:24.883Z [INFO] PostgreSQL connection successful. Server time: Wed Jun 25 2025 12:06:24 GMT+0300 (Eastern European Summer Time)
2025-06-25T09:06:36.561Z [INFO] OPTIONS /api/auth/login
2025-06-25T09:06:36.566Z [INFO] POST /api/auth/login
2025-06-25T09:06:36.568Z [INFO] POST /api/login or /api/auth/login
2025-06-25T09:06:36.720Z [INFO] AuthService: Successful login for admin@cas.ro
2025-06-25T09:06:36.720Z [INFO] Login: Success for user admin@cas.ro
2025-06-25T09:06:38.278Z [INFO] OPTIONS /api/stats/dashboard
2025-06-25T09:06:38.281Z [INFO] GET /api/stats/dashboard
2025-06-25T09:06:38.282Z [ERROR] Error getting dashboard: Cannot read properties of undefined (reading 'locationId')
2025-06-25T09:06:38.290Z [INFO] OPTIONS /api/orders
2025-06-25T09:06:38.295Z [INFO] GET /api/orders
2025-06-25T09:06:38.297Z [INFO] GET /api/orders
2025-06-25T09:06:38.304Z [ERROR] SQL error after 5ms: column o.transport_request_id does not exist
2025-06-25T09:06:38.305Z [ERROR] Failed query: 
      SELECT o.order_id, o.customer_id, o.location_id, o.service_id, o.quantity,
             o.unit_price, o.total_amount, o.status, o.scheduled_for, o.started_at,
             o.completed_at, o.assigned_employee_id, o.transport_request_id, o.notes, o.created_at,
             c.customer_code, cu.first_name as customer_first_name, cu.last_name as customer_last_name, 
             cu.email as customer_email, cu.phone as customer_phone,
             l.name as location_name, l.address as location_address,
             s.name as service_name, s.description as service_description,
             e.employee_code, eu.first_name as employee_first_name, eu.last_name as employee_last_name,
             tr.pickup_address, tr.delivery_address, tr.status as transport_status
      FROM orders o
      JOIN customers c ON o.customer_id = c.customer_id
      JOIN users cu ON c.user_id = cu.user_id
      JOIN locations l ON o.location_id = l.location_id
      JOIN services s ON o.service_id = s.service_id
      LEFT JOIN employees e ON o.assigned_employee_id = e.employee_id
      LEFT JOIN users eu ON e.user_id = eu.user_id
      LEFT JOIN transport_requests tr ON o.transport_request_id = tr.transport_request_id
      WHERE 1=1
      ORDER BY o.created_at DESC
      LIMIT $1 OFFSET $2
    
2025-06-25T09:06:38.305Z [ERROR] OrderService: Failed to get orders: column o.transport_request_id does not exist
2025-06-25T09:06:38.306Z [ERROR] OrderController: Get orders failed: column o.transport_request_id does not exist
2025-06-25T09:06:38.311Z [INFO] OPTIONS /api/stats/system-status
2025-06-25T09:06:38.315Z [INFO] GET /api/stats/system-status
2025-06-25T09:06:38.317Z [ERROR] Error getting system status: Cannot read properties of undefined (reading 'locationId')
2025-06-25T09:06:38.321Z [INFO] OPTIONS /api/notifications/recent
2025-06-25T09:06:38.324Z [INFO] GET /api/notifications/recent
2025-06-25T09:06:38.325Z [ERROR] Error getting recent notifications: Cannot read properties of undefined (reading 'limit')
2025-06-25T09:06:38.329Z [INFO] OPTIONS /api/stats/performance
2025-06-25T09:06:38.333Z [INFO] GET /api/stats/performance
2025-06-25T09:06:38.335Z [ERROR] Error getting performance stats: Cannot read properties of undefined (reading 'locationId')
2025-06-25T09:06:40.518Z [INFO] OPTIONS /api/orders
2025-06-25T09:06:40.524Z [INFO] OPTIONS /api/services
2025-06-25T09:06:40.526Z [INFO] OPTIONS /api/customers
2025-06-25T09:06:40.527Z [INFO] OPTIONS /api/locations
2025-06-25T09:06:40.528Z [INFO] GET /api/orders
2025-06-25T09:06:40.529Z [INFO] GET /api/orders
2025-06-25T09:06:40.532Z [INFO] GET /api/services
2025-06-25T09:06:40.533Z [INFO] GET /api/services
2025-06-25T09:06:40.536Z [INFO] GET /api/locations
2025-06-25T09:06:40.538Z [INFO] GET /api/locations
2025-06-25T09:06:40.540Z [INFO] GET /api/customers
2025-06-25T09:06:40.543Z [INFO] GET /api/customers
2025-06-25T09:06:40.619Z [ERROR] SQL error after 89ms: column o.transport_request_id does not exist
2025-06-25T09:06:40.619Z [ERROR] Failed query: 
      SELECT o.order_id, o.customer_id, o.location_id, o.service_id, o.quantity,
             o.unit_price, o.total_amount, o.status, o.scheduled_for, o.started_at,
             o.completed_at, o.assigned_employee_id, o.transport_request_id, o.notes, o.created_at,
             c.customer_code, cu.first_name as customer_first_name, cu.last_name as customer_last_name, 
             cu.email as customer_email, cu.phone as customer_phone,
             l.name as location_name, l.address as location_address,
             s.name as service_name, s.description as service_description,
             e.employee_code, eu.first_name as employee_first_name, eu.last_name as employee_last_name,
             tr.pickup_address, tr.delivery_address, tr.status as transport_status
      FROM orders o
      JOIN customers c ON o.customer_id = c.customer_id
      JOIN users cu ON c.user_id = cu.user_id
      JOIN locations l ON o.location_id = l.location_id
      JOIN services s ON o.service_id = s.service_id
      LEFT JOIN employees e ON o.assigned_employee_id = e.employee_id
      LEFT JOIN users eu ON e.user_id = eu.user_id
      LEFT JOIN transport_requests tr ON o.transport_request_id = tr.transport_request_id
      WHERE 1=1
      ORDER BY o.created_at DESC
      LIMIT $1 OFFSET $2
    
2025-06-25T09:06:40.620Z [ERROR] OrderService: Failed to get orders: column o.transport_request_id does not exist
2025-06-25T09:06:40.620Z [ERROR] OrderController: Get orders failed: column o.transport_request_id does not exist
2025-06-25T09:06:40.626Z [ERROR] SQL error after 92ms: column "service_type" does not exist
2025-06-25T09:06:40.626Z [ERROR] Failed query: 
      SELECT service_id, service_type, description, base_price
      FROM services
      ORDER BY service_type, service_id
    
2025-06-25T09:06:40.627Z [ERROR] ServiceService: Failed to get services: column "service_type" does not exist
2025-06-25T09:06:40.627Z [ERROR] Get services error: column "service_type" does not exist
2025-06-25T09:06:40.630Z [ERROR] SQL error after 91ms: column "timezone" does not exist
2025-06-25T09:06:40.631Z [ERROR] Failed query: 
      SELECT location_id, name, address, latitude, longitude, timezone, is_active, created_at
      FROM locations
      
      ORDER BY created_at DESC
    
2025-06-25T09:06:40.632Z [ERROR] LocationService: Failed to get locations: column "timezone" does not exist
2025-06-25T09:06:40.632Z [ERROR] Get locations error: column "timezone" does not exist
2025-06-25T09:06:51.849Z [INFO] OPTIONS /api/stats/dashboard
2025-06-25T09:06:51.854Z [INFO] OPTIONS /api/orders
2025-06-25T09:06:51.858Z [INFO] GET /api/orders
2025-06-25T09:06:51.859Z [INFO] GET /api/orders
2025-06-25T09:06:51.862Z [ERROR] SQL error after 2ms: column o.transport_request_id does not exist
2025-06-25T09:06:51.863Z [ERROR] Failed query: 
      SELECT o.order_id, o.customer_id, o.location_id, o.service_id, o.quantity,
             o.unit_price, o.total_amount, o.status, o.scheduled_for, o.started_at,
             o.completed_at, o.assigned_employee_id, o.transport_request_id, o.notes, o.created_at,
             c.customer_code, cu.first_name as customer_first_name, cu.last_name as customer_last_name, 
             cu.email as customer_email, cu.phone as customer_phone,
             l.name as location_name, l.address as location_address,
             s.name as service_name, s.description as service_description,
             e.employee_code, eu.first_name as employee_first_name, eu.last_name as employee_last_name,
             tr.pickup_address, tr.delivery_address, tr.status as transport_status
      FROM orders o
      JOIN customers c ON o.customer_id = c.customer_id
      JOIN users cu ON c.user_id = cu.user_id
      JOIN locations l ON o.location_id = l.location_id
      JOIN services s ON o.service_id = s.service_id
      LEFT JOIN employees e ON o.assigned_employee_id = e.employee_id
      LEFT JOIN users eu ON e.user_id = eu.user_id
      LEFT JOIN transport_requests tr ON o.transport_request_id = tr.transport_request_id
      WHERE 1=1
      ORDER BY o.created_at DESC
      LIMIT $1 OFFSET $2
    
2025-06-25T09:06:51.864Z [ERROR] OrderService: Failed to get orders: column o.transport_request_id does not exist
2025-06-25T09:06:51.865Z [ERROR] OrderController: Get orders failed: column o.transport_request_id does not exist
2025-06-25T09:06:51.874Z [INFO] OPTIONS /api/stats/system-status
2025-06-25T09:06:51.877Z [INFO] GET /api/stats/system-status
2025-06-25T09:06:51.879Z [ERROR] Error getting system status: Cannot read properties of undefined (reading 'locationId')
2025-06-25T09:06:51.883Z [INFO] OPTIONS /api/notifications/recent
2025-06-25T09:06:51.885Z [INFO] GET /api/notifications/recent
2025-06-25T09:06:51.886Z [ERROR] Error getting recent notifications: Cannot read properties of undefined (reading 'limit')
2025-06-25T09:06:51.891Z [INFO] OPTIONS /api/stats/performance
2025-06-25T09:06:51.895Z [INFO] GET /api/stats/performance
2025-06-25T09:06:51.896Z [ERROR] Error getting performance stats: Cannot read properties of undefined (reading 'locationId')
2025-06-25T09:06:52.878Z [INFO] OPTIONS /api/locations
2025-06-25T09:06:52.880Z [INFO] GET /api/locations
2025-06-25T09:06:52.880Z [INFO] GET /api/locations
2025-06-25T09:06:52.940Z [ERROR] SQL error after 59ms: column "timezone" does not exist
2025-06-25T09:06:52.941Z [ERROR] Failed query: 
      SELECT location_id, name, address, latitude, longitude, timezone, is_active, created_at
      FROM locations
      
      ORDER BY created_at DESC
    
2025-06-25T09:06:52.942Z [ERROR] LocationService: Failed to get locations: column "timezone" does not exist
2025-06-25T09:06:52.942Z [ERROR] Get locations error: column "timezone" does not exist
2025-06-25T09:06:56.852Z [INFO] GET /api/locations
2025-06-25T09:06:56.853Z [INFO] GET /api/locations
2025-06-25T09:06:56.914Z [ERROR] SQL error after 61ms: column "timezone" does not exist
2025-06-25T09:06:56.914Z [ERROR] Failed query: 
      SELECT location_id, name, address, latitude, longitude, timezone, is_active, created_at
      FROM locations
      
      ORDER BY created_at DESC
    
2025-06-25T09:06:56.915Z [ERROR] LocationService: Failed to get locations: column "timezone" does not exist
2025-06-25T09:06:56.915Z [ERROR] Get locations error: column "timezone" does not exist
2025-06-25T09:07:24.838Z [INFO] Scheduler: Running job 'checkEquipmentStatus'
2025-06-25T09:07:24.839Z [INFO] CheckEquipmentStatus: Starting equipment monitoring job
2025-06-25T09:07:24.839Z [INFO] Starting equipment status check...
2025-06-25T09:07:24.991Z [ERROR] SQL error after 152ms: relation "equipment_maintenance" does not exist
2025-06-25T09:07:24.992Z [ERROR] Failed query: 
            SELECT 
                e.*,
                l.name as location_name,
                MAX(em.ended_at) as last_maintenance
            FROM equipment e
            JOIN locations l ON e.location_id = l.location_id
            LEFT JOIN equipment_maintenance em ON e.equipment_id = em.equipment_id 
                AND em.ended_at IS NOT NULL
            WHERE e.status = 'OPERATIVE'
            GROUP BY e.equipment_id, l.name
            HAVING MAX(em.ended_at) < NOW() - INTERVAL '90 days' OR MAX(em.ended_at) IS NULL
            ORDER BY last_maintenance ASC NULLS FIRST
        
2025-06-25T09:07:24.992Z [ERROR] Error checking equipment status:
2025-06-25T09:07:24.992Z [ERROR] CheckEquipmentStatus: Job failed
2025-06-25T09:07:24.992Z [INFO] Scheduler: Job 'checkEquipmentStatus' completed, next run: Wed Jun 25 2025 12:08:24 GMT+0300 (Eastern European Summer Time)
2025-06-25T09:07:24.992Z [INFO] Scheduler: Running job 'updateWeatherData'
2025-06-25T09:07:24.993Z [INFO] Starting weather data update job...
2025-06-25T09:07:24.993Z [INFO] Starting weather data update for all locations...
2025-06-25T09:07:25.031Z [ERROR] SQL error after 38ms: relation "weather_snapshots" does not exist
2025-06-25T09:07:25.032Z [ERROR] Failed query: 
            SELECT 
                l.location_id,
                l.name,
                l.latitude,
                l.longitude,
                MAX(ws.captured_at) as last_weather_update,
                EXTRACT(EPOCH FROM (NOW() - MAX(ws.captured_at)))/3600 as hours_since_update
            FROM locations l
            LEFT JOIN weather_snapshots ws ON l.location_id = ws.location_id
            GROUP BY l.location_id, l.name, l.latitude, l.longitude
            HAVING MAX(ws.captured_at) IS NULL 
            OR MAX(ws.captured_at) < NOW() - INTERVAL '2 hours'
            ORDER BY hours_since_update DESC NULLS FIRST
        
2025-06-25T09:07:25.032Z [ERROR] Error updating weather data:
2025-06-25T09:07:25.033Z [ERROR] Weather data update job failed:
2025-06-25T09:07:25.033Z [INFO] Scheduler: Job 'updateWeatherData' completed, next run: Wed Jun 25 2025 12:08:25 GMT+0300 (Eastern European Summer Time)
2025-06-25T09:07:25.034Z [INFO] Scheduler: Running job 'exceptionDetection'
2025-06-25T09:07:25.034Z [INFO] Starting automated exception detection...
2025-06-25T09:07:25.035Z [INFO] Running comprehensive exception detection...
2025-06-25T09:07:25.106Z [ERROR] SQL error after 70ms: column l.id does not exist
2025-06-25T09:07:25.107Z [ERROR] Failed query: 
        SELECT 
          l.id as location_id,
          l.name as location_name,
          COUNT(e.id) as total_employees,
          COUNT(CASE WHEN e.status = 'ACTIVE' THEN 1 END) as active_employees,
          COUNT(CASE WHEN e.status = 'SICK' THEN 1 END) as sick_employees,
          COUNT(CASE WHEN e.status = 'VACATION' THEN 1 END) as vacation_employees
        FROM locations l
        LEFT JOIN employees e ON l.id = e.location_id
       GROUP BY l.id, l.name
2025-06-25T09:07:25.107Z [ERROR] Error detecting staff unavailability: column l.id does not exist
2025-06-25T09:07:25.108Z [ERROR] SQL error after 72ms: column l.id does not exist
2025-06-25T09:07:25.108Z [ERROR] Failed query: 
        SELECT 
          l.id as location_id,
          l.name as location_name,
          COUNT(e.id) as total_equipment,
          COUNT(CASE WHEN e.status = 'OUT_OF_SERVICE' THEN 1 END) as out_of_service,
          COUNT(CASE WHEN e.updated_at < NOW() - INTERVAL '2 hours' THEN 1 END) as stale_equipment
        FROM locations l
        LEFT JOIN equipment e ON l.id = e.location_id
       GROUP BY l.id, l.name
2025-06-25T09:07:25.109Z [ERROR] Error detecting power outage: column l.id does not exist
2025-06-25T09:07:25.110Z [ERROR] SQL error after 73ms: relation "transports" does not exist
2025-06-25T09:07:25.110Z [ERROR] Failed query: 
        SELECT 
          t.id,
          t.status,
          t.location_id,
          l.name as location_name,
          o.id as order_id,
          EXTRACT(hours FROM (NOW() - t.created_at)) as hours_since_created,
          EXTRACT(hours FROM (NOW() - t.updated_at)) as hours_since_updated
        FROM transports t
        JOIN orders o ON t.order_id = o.id
        JOIN locations l ON t.location_id = l.id
        WHERE t.status IN ('PENDING', 'IN_PROGRESS')
       ORDER BY t.created_at ASC
2025-06-25T09:07:25.111Z [ERROR] Error detecting transport issues: relation "transports" does not exist
2025-06-25T09:07:25.112Z [ERROR] SQL error after 75ms: column l.id does not exist
2025-06-25T09:07:25.112Z [ERROR] Failed query: 
        SELECT 
          e.id,
          e.name,
          e.type,
          e.status,
          e.location_id,
          l.name as location_name,
          EXTRACT(days FROM (NOW() - e.updated_at)) as days_since_update,
          COUNT(em.id) as recent_maintenance
        FROM equipment e
        JOIN locations l ON e.location_id = l.id
        LEFT JOIN equipment_maintenance em ON e.id = em.equipment_id 
          AND em.created_at >= NOW() - INTERVAL '30 days'
      
        GROUP BY e.id, e.name, e.type, e.status, e.location_id, l.name, e.updated_at
        HAVING e.status = 'OUT_OF_SERVICE' 
          OR EXTRACT(days FROM (NOW() - e.updated_at)) > 7
        ORDER BY days_since_update DESC
      
2025-06-25T09:07:25.113Z [ERROR] Error detecting equipment failures: column l.id does not exist
2025-06-25T09:07:25.113Z [INFO] Exception detection completed: 0 issues found
2025-06-25T09:07:25.114Z [INFO] Exception detection completed: 0 total issues found
2025-06-25T09:07:25.114Z [INFO] - Staff issues: 0
2025-06-25T09:07:25.115Z [INFO] - Power issues: 0
2025-06-25T09:07:25.116Z [INFO] - Equipment issues: 0
2025-06-25T09:07:25.116Z [INFO] - Transport issues: 0
2025-06-25T09:07:25.116Z [INFO] Creating notification: SYSTEM_STATUS_OK - LOW - All systems operational - no critical issues detected
2025-06-25T09:07:25.117Z [INFO] Notification sent via websocket: notif_1750842445116_x06ppcg34
2025-06-25T09:07:25.118Z [INFO] Exception detection completed successfully in 84ms
2025-06-25T09:07:25.119Z [INFO] Scheduler: Job 'exceptionDetection' completed, next run: Wed Jun 25 2025 12:08:25 GMT+0300 (Eastern European Summer Time)
2025-06-25T09:08:23.833Z [INFO] OPTIONS /api/locations
2025-06-25T09:08:23.836Z [INFO] GET /api/locations
2025-06-25T09:08:23.837Z [INFO] GET /api/locations
2025-06-25T09:08:23.920Z [ERROR] SQL error after 82ms: column "timezone" does not exist
2025-06-25T09:08:23.920Z [ERROR] Failed query: 
      SELECT location_id, name, address, latitude, longitude, timezone, is_active, created_at
      FROM locations
      
      ORDER BY created_at DESC
    
2025-06-25T09:08:23.921Z [ERROR] LocationService: Failed to get locations: column "timezone" does not exist
2025-06-25T09:08:23.921Z [ERROR] Get locations error: column "timezone" does not exist
2025-06-25T09:08:54.579Z [INFO] OPTIONS /api/locations
2025-06-25T09:08:54.581Z [INFO] GET /api/locations
2025-06-25T09:08:54.582Z [INFO] GET /api/locations
2025-06-25T09:08:54.652Z [ERROR] SQL error after 70ms: column "timezone" does not exist
2025-06-25T09:08:54.653Z [ERROR] Failed query: 
      SELECT location_id, name, address, latitude, longitude, timezone, is_active, created_at
      FROM locations
      
      ORDER BY created_at DESC
    
2025-06-25T09:08:54.653Z [ERROR] LocationService: Failed to get locations: column "timezone" does not exist
2025-06-25T09:08:54.653Z [ERROR] Get locations error: column "timezone" does not exist
2025-06-25T09:08:55.860Z [INFO] GET /api/locations
2025-06-25T09:08:55.861Z [INFO] GET /api/locations
2025-06-25T09:08:55.934Z [ERROR] SQL error after 72ms: column "timezone" does not exist
2025-06-25T09:08:55.935Z [ERROR] Failed query: 
      SELECT location_id, name, address, latitude, longitude, timezone, is_active, created_at
      FROM locations
      
      ORDER BY created_at DESC
    
2025-06-25T09:08:55.935Z [ERROR] LocationService: Failed to get locations: column "timezone" does not exist
2025-06-25T09:08:55.936Z [ERROR] Get locations error: column "timezone" does not exist
2025-06-25T09:09:22.987Z [INFO] OPTIONS /api/locations
2025-06-25T09:09:22.990Z [INFO] GET /api/locations
2025-06-25T09:09:22.990Z [INFO] GET /api/locations
2025-06-25T09:09:23.084Z [ERROR] SQL error after 93ms: column "timezone" does not exist
2025-06-25T09:09:23.085Z [ERROR] Failed query: 
      SELECT location_id, name, address, latitude, longitude, timezone, is_active, created_at
      FROM locations
      
      ORDER BY created_at DESC
    
2025-06-25T09:09:23.085Z [ERROR] LocationService: Failed to get locations: column "timezone" does not exist
2025-06-25T09:09:23.086Z [ERROR] Get locations error: column "timezone" does not exist
2025-06-25T09:09:24.856Z [INFO] Scheduler: Running job 'checkEquipmentStatus'
2025-06-25T09:09:24.856Z [INFO] CheckEquipmentStatus: Starting equipment monitoring job
2025-06-25T09:09:24.857Z [INFO] Starting equipment status check...
2025-06-25T09:09:24.910Z [ERROR] SQL error after 53ms: relation "equipment_maintenance" does not exist
2025-06-25T09:09:24.910Z [ERROR] Failed query: 
            SELECT 
                e.*,
                l.name as location_name,
                MAX(em.ended_at) as last_maintenance
            FROM equipment e
            JOIN locations l ON e.location_id = l.location_id
            LEFT JOIN equipment_maintenance em ON e.equipment_id = em.equipment_id 
                AND em.ended_at IS NOT NULL
            WHERE e.status = 'OPERATIVE'
            GROUP BY e.equipment_id, l.name
            HAVING MAX(em.ended_at) < NOW() - INTERVAL '90 days' OR MAX(em.ended_at) IS NULL
            ORDER BY last_maintenance ASC NULLS FIRST
        
2025-06-25T09:09:24.911Z [ERROR] Error checking equipment status:
2025-06-25T09:09:24.911Z [ERROR] CheckEquipmentStatus: Job failed
2025-06-25T09:09:24.911Z [INFO] Scheduler: Job 'checkEquipmentStatus' completed, next run: Wed Jun 25 2025 12:10:24 GMT+0300 (Eastern European Summer Time)
2025-06-25T09:09:24.911Z [INFO] Scheduler: Running job 'updateWeatherData'
2025-06-25T09:09:24.912Z [INFO] Starting weather data update job...
2025-06-25T09:09:24.912Z [INFO] Starting weather data update for all locations...
2025-06-25T09:09:24.969Z [ERROR] SQL error after 57ms: relation "weather_snapshots" does not exist
2025-06-25T09:09:24.970Z [ERROR] Failed query: 
            SELECT 
                l.location_id,
                l.name,
                l.latitude,
                l.longitude,
                MAX(ws.captured_at) as last_weather_update,
                EXTRACT(EPOCH FROM (NOW() - MAX(ws.captured_at)))/3600 as hours_since_update
            FROM locations l
            LEFT JOIN weather_snapshots ws ON l.location_id = ws.location_id
            GROUP BY l.location_id, l.name, l.latitude, l.longitude
            HAVING MAX(ws.captured_at) IS NULL 
            OR MAX(ws.captured_at) < NOW() - INTERVAL '2 hours'
            ORDER BY hours_since_update DESC NULLS FIRST
        
2025-06-25T09:09:24.970Z [ERROR] Error updating weather data:
2025-06-25T09:09:24.971Z [ERROR] Weather data update job failed:
2025-06-25T09:09:24.971Z [INFO] Scheduler: Job 'updateWeatherData' completed, next run: Wed Jun 25 2025 12:10:24 GMT+0300 (Eastern European Summer Time)
2025-06-25T09:09:24.972Z [INFO] Scheduler: Running job 'exceptionDetection'
2025-06-25T09:09:24.972Z [INFO] Starting automated exception detection...
2025-06-25T09:09:24.972Z [INFO] Running comprehensive exception detection...
2025-06-25T09:09:25.059Z [ERROR] SQL error after 86ms: column l.id does not exist
2025-06-25T09:09:25.060Z [ERROR] Failed query: 
        SELECT 
          l.id as location_id,
          l.name as location_name,
          COUNT(e.id) as total_employees,
          COUNT(CASE WHEN e.status = 'ACTIVE' THEN 1 END) as active_employees,
          COUNT(CASE WHEN e.status = 'SICK' THEN 1 END) as sick_employees,
          COUNT(CASE WHEN e.status = 'VACATION' THEN 1 END) as vacation_employees
        FROM locations l
        LEFT JOIN employees e ON l.id = e.location_id
       GROUP BY l.id, l.name
2025-06-25T09:09:25.061Z [ERROR] Error detecting staff unavailability: column l.id does not exist
2025-06-25T09:09:25.069Z [ERROR] SQL error after 96ms: column l.id does not exist
2025-06-25T09:09:25.070Z [ERROR] Failed query: 
        SELECT 
          l.id as location_id,
          l.name as location_name,
          COUNT(e.id) as total_equipment,
          COUNT(CASE WHEN e.status = 'OUT_OF_SERVICE' THEN 1 END) as out_of_service,
          COUNT(CASE WHEN e.updated_at < NOW() - INTERVAL '2 hours' THEN 1 END) as stale_equipment
        FROM locations l
        LEFT JOIN equipment e ON l.id = e.location_id
       GROUP BY l.id, l.name
2025-06-25T09:09:25.070Z [ERROR] Error detecting power outage: column l.id does not exist
2025-06-25T09:09:25.073Z [ERROR] SQL error after 99ms: relation "transports" does not exist
2025-06-25T09:09:25.073Z [ERROR] Failed query: 
        SELECT 
          t.id,
          t.status,
          t.location_id,
          l.name as location_name,
          o.id as order_id,
          EXTRACT(hours FROM (NOW() - t.created_at)) as hours_since_created,
          EXTRACT(hours FROM (NOW() - t.updated_at)) as hours_since_updated
        FROM transports t
        JOIN orders o ON t.order_id = o.id
        JOIN locations l ON t.location_id = l.id
        WHERE t.status IN ('PENDING', 'IN_PROGRESS')
       ORDER BY t.created_at ASC
2025-06-25T09:09:25.074Z [ERROR] Error detecting transport issues: relation "transports" does not exist
2025-06-25T09:09:25.075Z [ERROR] SQL error after 101ms: column l.id does not exist
2025-06-25T09:09:25.076Z [ERROR] Failed query: 
        SELECT 
          e.id,
          e.name,
          e.type,
          e.status,
          e.location_id,
          l.name as location_name,
          EXTRACT(days FROM (NOW() - e.updated_at)) as days_since_update,
          COUNT(em.id) as recent_maintenance
        FROM equipment e
        JOIN locations l ON e.location_id = l.id
        LEFT JOIN equipment_maintenance em ON e.id = em.equipment_id 
          AND em.created_at >= NOW() - INTERVAL '30 days'
      
        GROUP BY e.id, e.name, e.type, e.status, e.location_id, l.name, e.updated_at
        HAVING e.status = 'OUT_OF_SERVICE' 
          OR EXTRACT(days FROM (NOW() - e.updated_at)) > 7
        ORDER BY days_since_update DESC
      
2025-06-25T09:09:25.077Z [ERROR] Error detecting equipment failures: column l.id does not exist
2025-06-25T09:09:25.077Z [INFO] Exception detection completed: 0 issues found
2025-06-25T09:09:25.078Z [INFO] Exception detection completed: 0 total issues found
2025-06-25T09:09:25.078Z [INFO] - Staff issues: 0
2025-06-25T09:09:25.079Z [INFO] - Power issues: 0
2025-06-25T09:09:25.079Z [INFO] - Equipment issues: 0
2025-06-25T09:09:25.079Z [INFO] - Transport issues: 0
2025-06-25T09:09:25.080Z [INFO] Creating notification: SYSTEM_STATUS_OK - LOW - All systems operational - no critical issues detected
2025-06-25T09:09:25.080Z [INFO] Notification sent via websocket: notif_1750842565080_1ku5s8op7
2025-06-25T09:09:25.081Z [INFO] Exception detection completed successfully in 109ms
2025-06-25T09:09:25.081Z [INFO] Scheduler: Job 'exceptionDetection' completed, next run: Wed Jun 25 2025 12:10:25 GMT+0300 (Eastern European Summer Time)
2025-06-25T09:09:33.967Z [INFO] OPTIONS /api/locations
2025-06-25T09:09:33.970Z [INFO] GET /api/locations
2025-06-25T09:09:33.971Z [INFO] GET /api/locations
2025-06-25T09:09:34.035Z [ERROR] SQL error after 64ms: column "timezone" does not exist
2025-06-25T09:09:34.036Z [ERROR] Failed query: 
      SELECT location_id, name, address, latitude, longitude, timezone, is_active, created_at
      FROM locations
      
      ORDER BY created_at DESC
    
2025-06-25T09:09:34.037Z [ERROR] LocationService: Failed to get locations: column "timezone" does not exist
2025-06-25T09:09:34.037Z [ERROR] Get locations error: column "timezone" does not exist
2025-06-25T09:09:52.037Z [INFO] OPTIONS /api/locations
2025-06-25T09:09:52.039Z [INFO] GET /api/locations
2025-06-25T09:09:52.040Z [INFO] GET /api/locations
2025-06-25T09:09:52.121Z [ERROR] SQL error after 81ms: column "timezone" does not exist
2025-06-25T09:09:52.122Z [ERROR] Failed query: 
      SELECT location_id, name, address, latitude, longitude, timezone, is_active, created_at
      FROM locations
      
      ORDER BY created_at DESC
    
2025-06-25T09:09:52.122Z [ERROR] LocationService: Failed to get locations: column "timezone" does not exist
2025-06-25T09:09:52.123Z [ERROR] Get locations error: column "timezone" does not exist
2025-06-25T09:09:55.262Z [INFO] GET /api/locations
2025-06-25T09:09:55.262Z [INFO] GET /api/locations
2025-06-25T09:09:55.322Z [ERROR] SQL error after 59ms: column "timezone" does not exist
2025-06-25T09:09:55.323Z [ERROR] Failed query: 
      SELECT location_id, name, address, latitude, longitude, timezone, is_active, created_at
      FROM locations
      
      ORDER BY created_at DESC
    
2025-06-25T09:09:55.323Z [ERROR] LocationService: Failed to get locations: column "timezone" does not exist
2025-06-25T09:09:55.324Z [ERROR] Get locations error: column "timezone" does not exist
2025-06-25T09:10:24.857Z [INFO] Scheduler: Running job 'expandRecurrences'
2025-06-25T09:10:24.859Z [INFO] ExpandRecurrences: Starting job
2025-06-25T09:10:24.860Z [ERROR] ExpandRecurrences: Job failed: orderService.getOrdersWithRecurrence is not a function
2025-06-25T09:10:24.860Z [ERROR] Scheduler: Job 'expandRecurrences' failed: orderService.getOrdersWithRecurrence is not a function
2025-06-25T09:10:24.861Z [WARN] Scheduler: Job 'expandRecurrences' will retry at Wed Jun 25 2025 12:15:24 GMT+0300 (Eastern European Summer Time)
2025-06-25T09:10:25.155Z [INFO] OPTIONS /api/locations
2025-06-25T09:10:25.159Z [INFO] GET /api/locations
2025-06-25T09:10:25.160Z [INFO] GET /api/locations
2025-06-25T09:10:25.230Z [ERROR] SQL error after 69ms: column "timezone" does not exist
2025-06-25T09:10:25.231Z [ERROR] Failed query: 
      SELECT location_id, name, address, latitude, longitude, timezone, is_active, created_at
      FROM locations
      
      ORDER BY created_at DESC
    
2025-06-25T09:10:25.231Z [ERROR] LocationService: Failed to get locations: column "timezone" does not exist
2025-06-25T09:10:25.232Z [ERROR] Get locations error: column "timezone" does not exist
2025-06-25T09:10:26.489Z [INFO] GET /api/locations
2025-06-25T09:10:26.490Z [INFO] GET /api/locations
2025-06-25T09:10:26.598Z [ERROR] SQL error after 108ms: column "timezone" does not exist
2025-06-25T09:10:26.599Z [ERROR] Failed query: 
      SELECT location_id, name, address, latitude, longitude, timezone, is_active, created_at
      FROM locations
      
      ORDER BY created_at DESC
    
2025-06-25T09:10:26.599Z [ERROR] LocationService: Failed to get locations: column "timezone" does not exist
2025-06-25T09:10:26.599Z [ERROR] Get locations error: column "timezone" does not exist
2025-06-25T09:11:24.864Z [INFO] Scheduler: Running job 'checkEquipmentStatus'
2025-06-25T09:11:24.869Z [INFO] CheckEquipmentStatus: Starting equipment monitoring job
2025-06-25T09:11:24.869Z [INFO] Starting equipment status check...
2025-06-25T09:11:24.950Z [ERROR] SQL error after 81ms: relation "equipment_maintenance" does not exist
2025-06-25T09:11:24.951Z [ERROR] Failed query: 
            SELECT 
                e.*,
                l.name as location_name,
                MAX(em.ended_at) as last_maintenance
            FROM equipment e
            JOIN locations l ON e.location_id = l.location_id
            LEFT JOIN equipment_maintenance em ON e.equipment_id = em.equipment_id 
                AND em.ended_at IS NOT NULL
            WHERE e.status = 'OPERATIVE'
            GROUP BY e.equipment_id, l.name
            HAVING MAX(em.ended_at) < NOW() - INTERVAL '90 days' OR MAX(em.ended_at) IS NULL
            ORDER BY last_maintenance ASC NULLS FIRST
        
2025-06-25T09:11:24.951Z [ERROR] Error checking equipment status:
2025-06-25T09:11:24.951Z [ERROR] CheckEquipmentStatus: Job failed
2025-06-25T09:11:24.952Z [INFO] Scheduler: Job 'checkEquipmentStatus' completed, next run: Wed Jun 25 2025 12:12:24 GMT+0300 (Eastern European Summer Time)
2025-06-25T09:11:24.952Z [INFO] Scheduler: Running job 'updateWeatherData'
2025-06-25T09:11:24.953Z [INFO] Starting weather data update job...
2025-06-25T09:11:24.953Z [INFO] Starting weather data update for all locations...
2025-06-25T09:11:25.022Z [ERROR] SQL error after 68ms: relation "weather_snapshots" does not exist
2025-06-25T09:11:25.022Z [ERROR] Failed query: 
            SELECT 
                l.location_id,
                l.name,
                l.latitude,
                l.longitude,
                MAX(ws.captured_at) as last_weather_update,
                EXTRACT(EPOCH FROM (NOW() - MAX(ws.captured_at)))/3600 as hours_since_update
            FROM locations l
            LEFT JOIN weather_snapshots ws ON l.location_id = ws.location_id
            GROUP BY l.location_id, l.name, l.latitude, l.longitude
            HAVING MAX(ws.captured_at) IS NULL 
            OR MAX(ws.captured_at) < NOW() - INTERVAL '2 hours'
            ORDER BY hours_since_update DESC NULLS FIRST
        
2025-06-25T09:11:25.022Z [ERROR] Error updating weather data:
2025-06-25T09:11:25.023Z [ERROR] Weather data update job failed:
2025-06-25T09:11:25.023Z [INFO] Scheduler: Job 'updateWeatherData' completed, next run: Wed Jun 25 2025 12:12:25 GMT+0300 (Eastern European Summer Time)
2025-06-25T09:11:25.024Z [INFO] Scheduler: Running job 'exceptionDetection'
2025-06-25T09:11:25.024Z [INFO] Starting automated exception detection...
2025-06-25T09:11:25.025Z [INFO] Running comprehensive exception detection...
2025-06-25T09:11:25.117Z [ERROR] SQL error after 92ms: column l.id does not exist
2025-06-25T09:11:25.118Z [ERROR] Failed query: 
        SELECT 
          l.id as location_id,
          l.name as location_name,
          COUNT(e.id) as total_employees,
          COUNT(CASE WHEN e.status = 'ACTIVE' THEN 1 END) as active_employees,
          COUNT(CASE WHEN e.status = 'SICK' THEN 1 END) as sick_employees,
          COUNT(CASE WHEN e.status = 'VACATION' THEN 1 END) as vacation_employees
        FROM locations l
        LEFT JOIN employees e ON l.id = e.location_id
       GROUP BY l.id, l.name
2025-06-25T09:11:25.118Z [ERROR] Error detecting staff unavailability: column l.id does not exist
2025-06-25T09:11:25.129Z [ERROR] SQL error after 103ms: column l.id does not exist
2025-06-25T09:11:25.129Z [ERROR] Failed query: 
        SELECT 
          l.id as location_id,
          l.name as location_name,
          COUNT(e.id) as total_equipment,
          COUNT(CASE WHEN e.status = 'OUT_OF_SERVICE' THEN 1 END) as out_of_service,
          COUNT(CASE WHEN e.updated_at < NOW() - INTERVAL '2 hours' THEN 1 END) as stale_equipment
        FROM locations l
        LEFT JOIN equipment e ON l.id = e.location_id
       GROUP BY l.id, l.name
2025-06-25T09:11:25.130Z [ERROR] Error detecting power outage: column l.id does not exist
2025-06-25T09:11:25.134Z [ERROR] SQL error after 108ms: column l.id does not exist
2025-06-25T09:11:25.134Z [ERROR] Failed query: 
        SELECT 
          e.id,
          e.name,
          e.type,
          e.status,
          e.location_id,
          l.name as location_name,
          EXTRACT(days FROM (NOW() - e.updated_at)) as days_since_update,
          COUNT(em.id) as recent_maintenance
        FROM equipment e
        JOIN locations l ON e.location_id = l.id
        LEFT JOIN equipment_maintenance em ON e.id = em.equipment_id 
          AND em.created_at >= NOW() - INTERVAL '30 days'
      
        GROUP BY e.id, e.name, e.type, e.status, e.location_id, l.name, e.updated_at
        HAVING e.status = 'OUT_OF_SERVICE' 
          OR EXTRACT(days FROM (NOW() - e.updated_at)) > 7
        ORDER BY days_since_update DESC
      
2025-06-25T09:11:25.135Z [ERROR] Error detecting equipment failures: column l.id does not exist
2025-06-25T09:11:25.142Z [ERROR] SQL error after 116ms: relation "transports" does not exist
2025-06-25T09:11:25.143Z [ERROR] Failed query: 
        SELECT 
          t.id,
          t.status,
          t.location_id,
          l.name as location_name,
          o.id as order_id,
          EXTRACT(hours FROM (NOW() - t.created_at)) as hours_since_created,
          EXTRACT(hours FROM (NOW() - t.updated_at)) as hours_since_updated
        FROM transports t
        JOIN orders o ON t.order_id = o.id
        JOIN locations l ON t.location_id = l.id
        WHERE t.status IN ('PENDING', 'IN_PROGRESS')
       ORDER BY t.created_at ASC
2025-06-25T09:11:25.143Z [ERROR] Error detecting transport issues: relation "transports" does not exist
2025-06-25T09:11:25.144Z [INFO] Exception detection completed: 0 issues found
2025-06-25T09:11:25.144Z [INFO] Exception detection completed: 0 total issues found
2025-06-25T09:11:25.144Z [INFO] - Staff issues: 0
2025-06-25T09:11:25.145Z [INFO] - Power issues: 0
2025-06-25T09:11:25.145Z [INFO] - Equipment issues: 0
2025-06-25T09:11:25.145Z [INFO] - Transport issues: 0
2025-06-25T09:11:25.146Z [INFO] Creating notification: SYSTEM_STATUS_OK - LOW - All systems operational - no critical issues detected
2025-06-25T09:11:25.146Z [INFO] Notification sent via websocket: notif_1750842685146_c2aqrma66
2025-06-25T09:11:25.147Z [INFO] Exception detection completed successfully in 122ms
2025-06-25T09:11:25.147Z [INFO] Scheduler: Job 'exceptionDetection' completed, next run: Wed Jun 25 2025 12:12:25 GMT+0300 (Eastern European Summer Time)
2025-06-25T09:11:43.179Z [INFO] Connecting to PostgreSQL: postgres@localhost:5432/twproject
2025-06-25T09:11:43.206Z [INFO] AlertService: SMTP client initialized
2025-06-25T09:11:43.223Z [INFO] Minimal server listening on port 8000
2025-06-25T09:11:43.230Z [INFO] Scheduler: Job 'expandRecurrences' added, next run: Wed Jun 25 2025 12:15:00 GMT+0300 (Eastern European Summer Time)
2025-06-25T09:11:43.231Z [INFO] Scheduler: Job 'checkInventory' added, next run: Wed Jun 25 2025 13:00:00 GMT+0300 (Eastern European Summer Time)
2025-06-25T09:11:43.231Z [INFO] Scheduler: Job 'checkEquipmentStatus' added, next run: Wed Jun 25 2025 12:12:43 GMT+0300 (Eastern European Summer Time)
2025-06-25T09:11:43.231Z [INFO] Scheduler: Job 'updateWeatherData' added, next run: Wed Jun 25 2025 12:12:43 GMT+0300 (Eastern European Summer Time)
2025-06-25T09:11:43.232Z [INFO] Scheduler: Job 'generateDailyStats' added, next run: Thu Jun 26 2025 00:00:00 GMT+0300 (Eastern European Summer Time)
2025-06-25T09:11:43.232Z [INFO] Scheduler: Job 'exceptionDetection' added, next run: Wed Jun 25 2025 12:12:43 GMT+0300 (Eastern European Summer Time)
2025-06-25T09:11:43.233Z [INFO] Scheduler: Starting...
2025-06-25T09:11:43.233Z [INFO] Scheduler: Started successfully
2025-06-25T09:11:43.233Z [INFO] Server and scheduler started successfully
2025-06-25T09:11:43.287Z [INFO] PostgreSQL connection successful. Server time: Wed Jun 25 2025 12:11:43 GMT+0300 (Eastern European Summer Time)
2025-06-25T09:11:48.297Z [INFO] OPTIONS /api/locations
2025-06-25T09:11:48.303Z [INFO] GET /api/locations
2025-06-25T09:11:48.305Z [INFO] GET /api/locations
2025-06-25T09:11:52.542Z [INFO] GET /api/locations
2025-06-25T09:11:52.543Z [INFO] GET /api/locations
2025-06-25T09:11:53.556Z [INFO] OPTIONS /api/stats/dashboard
2025-06-25T09:11:53.558Z [INFO] GET /api/stats/dashboard
2025-06-25T09:11:53.559Z [ERROR] Error getting dashboard: Cannot read properties of undefined (reading 'locationId')
2025-06-25T09:11:53.565Z [INFO] OPTIONS /api/orders
2025-06-25T09:11:53.569Z [INFO] GET /api/orders
2025-06-25T09:11:53.571Z [INFO] GET /api/orders
2025-06-25T09:11:53.614Z [INFO] OPTIONS /api/stats/system-status
2025-06-25T09:11:53.617Z [INFO] GET /api/stats/system-status
2025-06-25T09:11:53.618Z [ERROR] Error getting system status: Cannot read properties of undefined (reading 'locationId')
2025-06-25T09:11:53.623Z [INFO] OPTIONS /api/notifications/recent
2025-06-25T09:11:53.625Z [INFO] GET /api/notifications/recent
2025-06-25T09:11:53.625Z [ERROR] Error getting recent notifications: Cannot read properties of undefined (reading 'limit')
2025-06-25T09:11:53.628Z [INFO] OPTIONS /api/stats/performance
2025-06-25T09:11:53.630Z [INFO] GET /api/stats/performance
2025-06-25T09:11:53.631Z [ERROR] Error getting performance stats: Cannot read properties of undefined (reading 'locationId')
2025-06-25T09:11:56.748Z [INFO] GET /api/orders
2025-06-25T09:11:56.748Z [INFO] GET /api/orders
2025-06-25T09:11:56.764Z [INFO] GET /api/stats/system-status
2025-06-25T09:11:56.765Z [ERROR] Error getting system status: Cannot read properties of undefined (reading 'locationId')
2025-06-25T09:11:56.768Z [INFO] GET /api/notifications/recent
2025-06-25T09:11:56.769Z [ERROR] Error getting recent notifications: Cannot read properties of undefined (reading 'limit')
2025-06-25T09:11:56.774Z [INFO] GET /api/stats/performance
2025-06-25T09:11:56.777Z [ERROR] Error getting performance stats: Cannot read properties of undefined (reading 'locationId')
2025-06-25T09:11:57.545Z [INFO] OPTIONS /api/locations
2025-06-25T09:11:57.547Z [INFO] GET /api/locations
2025-06-25T09:11:57.548Z [INFO] GET /api/locations
2025-06-25T09:12:00.115Z [INFO] GET /api/locations
2025-06-25T09:12:00.116Z [INFO] GET /api/locations
2025-06-25T09:12:00.901Z [INFO] OPTIONS /api/stats/dashboard
2025-06-25T09:12:00.904Z [INFO] GET /api/stats/dashboard
2025-06-25T09:12:00.905Z [ERROR] Error getting dashboard: Cannot read properties of undefined (reading 'locationId')
2025-06-25T09:12:00.908Z [INFO] OPTIONS /api/orders
2025-06-25T09:12:00.910Z [INFO] GET /api/orders
2025-06-25T09:12:00.911Z [INFO] GET /api/orders
2025-06-25T09:12:00.926Z [INFO] OPTIONS /api/stats/system-status
2025-06-25T09:12:00.930Z [INFO] GET /api/stats/system-status
2025-06-25T09:12:00.931Z [ERROR] Error getting system status: Cannot read properties of undefined (reading 'locationId')
2025-06-25T09:12:00.936Z [INFO] OPTIONS /api/notifications/recent
2025-06-25T09:12:00.938Z [INFO] GET /api/notifications/recent
2025-06-25T09:12:00.939Z [ERROR] Error getting recent notifications: Cannot read properties of undefined (reading 'limit')
2025-06-25T09:12:00.944Z [INFO] OPTIONS /api/stats/performance
2025-06-25T09:12:00.949Z [INFO] GET /api/stats/performance
2025-06-25T09:12:00.950Z [ERROR] Error getting performance stats: Cannot read properties of undefined (reading 'locationId')
2025-06-25T09:12:43.236Z [INFO] Scheduler: Running job 'checkEquipmentStatus'
2025-06-25T09:12:43.237Z [INFO] CheckEquipmentStatus: Starting equipment monitoring job
2025-06-25T09:12:43.237Z [INFO] Starting equipment status check...
2025-06-25T09:12:43.288Z [ERROR] SQL error after 50ms: relation "equipment_maintenance" does not exist
2025-06-25T09:12:43.288Z [ERROR] Failed query: 
            SELECT 
                e.*,
                l.name as location_name,
                MAX(em.ended_at) as last_maintenance
            FROM equipment e
            JOIN locations l ON e.location_id = l.location_id
            LEFT JOIN equipment_maintenance em ON e.equipment_id = em.equipment_id 
                AND em.ended_at IS NOT NULL
            WHERE e.status = 'OPERATIVE'
            GROUP BY e.equipment_id, l.name
            HAVING MAX(em.ended_at) < NOW() - INTERVAL '90 days' OR MAX(em.ended_at) IS NULL
            ORDER BY last_maintenance ASC NULLS FIRST
        
2025-06-25T09:12:43.289Z [ERROR] Error checking equipment status:
2025-06-25T09:12:43.289Z [ERROR] CheckEquipmentStatus: Job failed
2025-06-25T09:12:43.290Z [INFO] Scheduler: Job 'checkEquipmentStatus' completed, next run: Wed Jun 25 2025 12:13:43 GMT+0300 (Eastern European Summer Time)
2025-06-25T09:12:43.290Z [INFO] Scheduler: Running job 'updateWeatherData'
2025-06-25T09:12:43.291Z [INFO] Starting weather data update job...
2025-06-25T09:12:43.291Z [INFO] Starting weather data update for all locations...
2025-06-25T09:12:43.342Z [ERROR] SQL error after 50ms: relation "weather_snapshots" does not exist
2025-06-25T09:12:43.343Z [ERROR] Failed query: 
            SELECT 
                l.location_id,
                l.name,
                l.latitude,
                l.longitude,
                MAX(ws.captured_at) as last_weather_update,
                EXTRACT(EPOCH FROM (NOW() - MAX(ws.captured_at)))/3600 as hours_since_update
            FROM locations l
            LEFT JOIN weather_snapshots ws ON l.location_id = ws.location_id
            GROUP BY l.location_id, l.name, l.latitude, l.longitude
            HAVING MAX(ws.captured_at) IS NULL 
            OR MAX(ws.captured_at) < NOW() - INTERVAL '2 hours'
            ORDER BY hours_since_update DESC NULLS FIRST
        
2025-06-25T09:12:43.343Z [ERROR] Error updating weather data:
2025-06-25T09:12:43.344Z [ERROR] Weather data update job failed:
2025-06-25T09:12:43.344Z [INFO] Scheduler: Job 'updateWeatherData' completed, next run: Wed Jun 25 2025 12:13:43 GMT+0300 (Eastern European Summer Time)
2025-06-25T09:12:43.345Z [INFO] Scheduler: Running job 'exceptionDetection'
2025-06-25T09:12:43.345Z [INFO] Starting automated exception detection...
2025-06-25T09:12:43.345Z [INFO] Running comprehensive exception detection...
2025-06-25T09:12:43.427Z [ERROR] SQL error after 80ms: column l.id does not exist
2025-06-25T09:12:43.427Z [ERROR] Failed query: 
        SELECT 
          l.id as location_id,
          l.name as location_name,
          COUNT(e.id) as total_employees,
          COUNT(CASE WHEN e.status = 'ACTIVE' THEN 1 END) as active_employees,
          COUNT(CASE WHEN e.status = 'SICK' THEN 1 END) as sick_employees,
          COUNT(CASE WHEN e.status = 'VACATION' THEN 1 END) as vacation_employees
        FROM locations l
        LEFT JOIN employees e ON l.id = e.location_id
       GROUP BY l.id, l.name
2025-06-25T09:12:43.428Z [ERROR] Error detecting staff unavailability: column l.id does not exist
2025-06-25T09:12:43.430Z [ERROR] SQL error after 80ms: relation "transports" does not exist
2025-06-25T09:12:43.431Z [ERROR] Failed query: 
        SELECT 
          t.id,
          t.status,
          t.location_id,
          l.name as location_name,
          o.id as order_id,
          EXTRACT(hours FROM (NOW() - t.created_at)) as hours_since_created,
          EXTRACT(hours FROM (NOW() - t.updated_at)) as hours_since_updated
        FROM transports t
        JOIN orders o ON t.order_id = o.id
        JOIN locations l ON t.location_id = l.id
        WHERE t.status IN ('PENDING', 'IN_PROGRESS')
       ORDER BY t.created_at ASC
2025-06-25T09:12:43.431Z [ERROR] Error detecting transport issues: relation "transports" does not exist
2025-06-25T09:12:43.433Z [ERROR] SQL error after 84ms: column l.id does not exist
2025-06-25T09:12:43.434Z [ERROR] Failed query: 
        SELECT 
          e.id,
          e.name,
          e.type,
          e.status,
          e.location_id,
          l.name as location_name,
          EXTRACT(days FROM (NOW() - e.updated_at)) as days_since_update,
          COUNT(em.id) as recent_maintenance
        FROM equipment e
        JOIN locations l ON e.location_id = l.id
        LEFT JOIN equipment_maintenance em ON e.id = em.equipment_id 
          AND em.created_at >= NOW() - INTERVAL '30 days'
      
        GROUP BY e.id, e.name, e.type, e.status, e.location_id, l.name, e.updated_at
        HAVING e.status = 'OUT_OF_SERVICE' 
          OR EXTRACT(days FROM (NOW() - e.updated_at)) > 7
        ORDER BY days_since_update DESC
      
2025-06-25T09:12:43.434Z [ERROR] Error detecting equipment failures: column l.id does not exist
2025-06-25T09:12:43.436Z [ERROR] SQL error after 89ms: column l.id does not exist
2025-06-25T09:12:43.436Z [ERROR] Failed query: 
        SELECT 
          l.id as location_id,
          l.name as location_name,
          COUNT(e.id) as total_equipment,
          COUNT(CASE WHEN e.status = 'OUT_OF_SERVICE' THEN 1 END) as out_of_service,
          COUNT(CASE WHEN e.updated_at < NOW() - INTERVAL '2 hours' THEN 1 END) as stale_equipment
        FROM locations l
        LEFT JOIN equipment e ON l.id = e.location_id
       GROUP BY l.id, l.name
2025-06-25T09:12:43.437Z [ERROR] Error detecting power outage: column l.id does not exist
2025-06-25T09:12:43.437Z [INFO] Exception detection completed: 0 issues found
2025-06-25T09:12:43.438Z [INFO] Exception detection completed: 0 total issues found
2025-06-25T09:12:43.439Z [INFO] - Staff issues: 0
2025-06-25T09:12:43.439Z [INFO] - Power issues: 0
2025-06-25T09:12:43.440Z [INFO] - Equipment issues: 0
2025-06-25T09:12:43.440Z [INFO] - Transport issues: 0
2025-06-25T09:12:43.441Z [INFO] Creating notification: SYSTEM_STATUS_OK - LOW - All systems operational - no critical issues detected
2025-06-25T09:12:43.441Z [INFO] Notification sent via websocket: notif_1750842763441_ml7bfpq14
2025-06-25T09:12:43.442Z [INFO] Exception detection completed successfully in 97ms
2025-06-25T09:12:43.442Z [INFO] Scheduler: Job 'exceptionDetection' completed, next run: Wed Jun 25 2025 12:13:43 GMT+0300 (Eastern European Summer Time)
2025-06-25T09:13:11.582Z [INFO] Connecting to PostgreSQL: postgres@localhost:5432/twproject
2025-06-25T09:13:11.612Z [INFO] AlertService: SMTP client initialized
2025-06-25T09:13:11.629Z [INFO] Minimal server listening on port 8000
2025-06-25T09:13:11.637Z [INFO] Scheduler: Job 'expandRecurrences' added, next run: Wed Jun 25 2025 12:15:00 GMT+0300 (Eastern European Summer Time)
2025-06-25T09:13:11.638Z [INFO] Scheduler: Job 'checkInventory' added, next run: Wed Jun 25 2025 13:00:00 GMT+0300 (Eastern European Summer Time)
2025-06-25T09:13:11.638Z [INFO] Scheduler: Job 'checkEquipmentStatus' added, next run: Wed Jun 25 2025 12:14:11 GMT+0300 (Eastern European Summer Time)
2025-06-25T09:13:11.638Z [INFO] Scheduler: Job 'updateWeatherData' added, next run: Wed Jun 25 2025 12:14:11 GMT+0300 (Eastern European Summer Time)
2025-06-25T09:13:11.639Z [INFO] Scheduler: Job 'generateDailyStats' added, next run: Thu Jun 26 2025 00:00:00 GMT+0300 (Eastern European Summer Time)
2025-06-25T09:13:11.639Z [INFO] Scheduler: Job 'exceptionDetection' added, next run: Wed Jun 25 2025 12:14:11 GMT+0300 (Eastern European Summer Time)
2025-06-25T09:13:11.639Z [INFO] Scheduler: Starting...
2025-06-25T09:13:11.640Z [INFO] Scheduler: Started successfully
2025-06-25T09:13:11.640Z [INFO] Server and scheduler started successfully
2025-06-25T09:13:11.691Z [INFO] PostgreSQL connection successful. Server time: Wed Jun 25 2025 12:13:11 GMT+0300 (Eastern European Summer Time)
2025-06-25T09:13:11.753Z [INFO] OPTIONS /api/stats/dashboard
2025-06-25T09:13:11.756Z [INFO] GET /api/stats/dashboard
2025-06-25T09:13:11.756Z [ERROR] Error getting dashboard: Cannot read properties of undefined (reading 'locationId')
2025-06-25T09:13:11.760Z [INFO] OPTIONS /api/orders
2025-06-25T09:13:11.762Z [INFO] GET /api/orders
2025-06-25T09:13:11.763Z [INFO] GET /api/orders
2025-06-25T09:13:11.791Z [INFO] OPTIONS /api/stats/system-status
2025-06-25T09:13:11.792Z [INFO] GET /api/stats/system-status
2025-06-25T09:13:11.793Z [ERROR] Error getting system status: Cannot read properties of undefined (reading 'locationId')
2025-06-25T09:13:11.796Z [INFO] OPTIONS /api/notifications/recent
2025-06-25T09:13:11.797Z [INFO] GET /api/notifications/recent
2025-06-25T09:13:11.798Z [ERROR] Error getting recent notifications: Cannot read properties of undefined (reading 'limit')
2025-06-25T09:13:11.803Z [INFO] OPTIONS /api/stats/performance
2025-06-25T09:13:11.805Z [INFO] GET /api/stats/performance
2025-06-25T09:13:11.806Z [ERROR] Error getting performance stats: Cannot read properties of undefined (reading 'locationId')
2025-06-25T09:13:14.016Z [INFO] GET /api/stats/dashboard
2025-06-25T09:13:14.016Z [ERROR] Error getting dashboard: Cannot read properties of undefined (reading 'locationId')
2025-06-25T09:13:14.024Z [INFO] GET /api/orders
2025-06-25T09:13:14.024Z [INFO] GET /api/orders
2025-06-25T09:13:14.037Z [INFO] GET /api/stats/system-status
2025-06-25T09:13:14.038Z [ERROR] Error getting system status: Cannot read properties of undefined (reading 'locationId')
2025-06-25T09:13:14.042Z [INFO] GET /api/notifications/recent
2025-06-25T09:13:14.043Z [ERROR] Error getting recent notifications: Cannot read properties of undefined (reading 'limit')
2025-06-25T09:13:14.049Z [INFO] GET /api/stats/performance
2025-06-25T09:13:14.050Z [ERROR] Error getting performance stats: Cannot read properties of undefined (reading 'locationId')
2025-06-25T09:13:14.862Z [INFO] GET /api/stats/dashboard
2025-06-25T09:13:14.863Z [ERROR] Error getting dashboard: Cannot read properties of undefined (reading 'locationId')
2025-06-25T09:13:14.872Z [INFO] GET /api/orders
2025-06-25T09:13:14.873Z [INFO] GET /api/orders
2025-06-25T09:13:14.888Z [INFO] GET /api/stats/system-status
2025-06-25T09:13:14.889Z [ERROR] Error getting system status: Cannot read properties of undefined (reading 'locationId')
2025-06-25T09:13:14.897Z [INFO] GET /api/notifications/recent
2025-06-25T09:13:14.898Z [ERROR] Error getting recent notifications: Cannot read properties of undefined (reading 'limit')
2025-06-25T09:13:14.904Z [INFO] GET /api/stats/performance
2025-06-25T09:13:14.905Z [ERROR] Error getting performance stats: Cannot read properties of undefined (reading 'locationId')
2025-06-25T09:13:20.635Z [INFO] OPTIONS /api/locations
2025-06-25T09:13:20.637Z [INFO] GET /api/locations
2025-06-25T09:13:20.637Z [INFO] GET /api/locations
2025-06-25T09:13:22.975Z [INFO] GET /api/locations
2025-06-25T09:13:22.976Z [INFO] GET /api/locations
2025-06-25T09:13:24.357Z [INFO] OPTIONS /api/stats/dashboard
2025-06-25T09:13:24.359Z [INFO] GET /api/stats/dashboard
2025-06-25T09:13:24.360Z [ERROR] Error getting dashboard: Cannot read properties of undefined (reading 'locationId')
2025-06-25T09:13:24.363Z [INFO] OPTIONS /api/orders
2025-06-25T09:13:24.367Z [INFO] GET /api/orders
2025-06-25T09:13:24.368Z [INFO] GET /api/orders
2025-06-25T09:13:24.386Z [INFO] OPTIONS /api/stats/system-status
2025-06-25T09:13:24.391Z [INFO] GET /api/stats/system-status
2025-06-25T09:13:24.392Z [ERROR] Error getting system status: Cannot read properties of undefined (reading 'locationId')
2025-06-25T09:13:24.396Z [INFO] OPTIONS /api/notifications/recent
2025-06-25T09:13:24.398Z [INFO] GET /api/notifications/recent
2025-06-25T09:13:24.399Z [ERROR] Error getting recent notifications: Cannot read properties of undefined (reading 'limit')
2025-06-25T09:13:24.407Z [INFO] OPTIONS /api/stats/performance
2025-06-25T09:13:24.409Z [INFO] GET /api/stats/performance
2025-06-25T09:13:24.410Z [ERROR] Error getting performance stats: Cannot read properties of undefined (reading 'locationId')
2025-06-25T09:13:25.493Z [INFO] OPTIONS /api/customers
2025-06-25T09:13:25.495Z [INFO] OPTIONS /api/services
2025-06-25T09:13:25.498Z [INFO] GET /api/locations
2025-06-25T09:13:25.500Z [INFO] GET /api/locations
2025-06-25T09:13:25.503Z [INFO] GET /api/customers
2025-06-25T09:13:25.504Z [INFO] GET /api/customers
2025-06-25T09:13:25.508Z [INFO] GET /api/services
2025-06-25T09:13:25.509Z [INFO] GET /api/services
2025-06-25T09:13:25.592Z [INFO] OPTIONS /api/orders
2025-06-25T09:13:25.593Z [INFO] GET /api/orders
2025-06-25T09:13:25.594Z [INFO] GET /api/orders
2025-06-25T09:13:25.613Z [INFO] OPTIONS /api/stats/appointments
2025-06-25T09:13:25.616Z [INFO] GET /api/stats/appointments
2025-06-25T09:13:25.618Z [WARN] Route not found: GET /api/stats/appointments
2025-06-25T09:13:34.544Z [INFO] OPTIONS /api/orders/36
2025-06-25T09:13:34.545Z [INFO] PUT /api/orders/36
2025-06-25T09:13:34.548Z [INFO] PUT /api/orders/36
2025-06-25T09:13:34.551Z [ERROR] SQL error after 2ms: column "quantity" does not exist
2025-06-25T09:13:34.551Z [ERROR] Failed query: 
      UPDATE orders 
      SET service_id = COALESCE($2, service_id),
          quantity = COALESCE($3, quantity),
          unit_price = COALESCE($4, unit_price),
          total_amount = COALESCE($5, total_amount),
          scheduled_for = COALESCE($6, scheduled_for),
          assigned_employee_id = COALESCE($7, assigned_employee_id),
          notes = COALESCE($8, notes)
      WHERE order_id = $1
      RETURNING order_id, customer_id, location_id, service_id, quantity, unit_price,
                total_amount, status, scheduled_for, assigned_employee_id, notes, updated_at
    
2025-06-25T09:13:34.552Z [ERROR] OrderService: Failed to update order 36: column "quantity" does not exist
2025-06-25T09:13:34.552Z [ERROR] OrderController: Update order failed: column "quantity" does not exist
2025-06-25T09:14:10.424Z [INFO] OPTIONS /api/stats/dashboard
2025-06-25T09:14:10.439Z [INFO] OPTIONS /api/orders
2025-06-25T09:14:10.443Z [INFO] GET /api/orders
2025-06-25T09:14:10.444Z [INFO] GET /api/orders
2025-06-25T09:14:10.527Z [INFO] OPTIONS /api/stats/system-status
2025-06-25T09:14:10.529Z [INFO] GET /api/stats/system-status
2025-06-25T09:14:10.530Z [ERROR] Error getting system status: Cannot read properties of undefined (reading 'locationId')
2025-06-25T09:14:10.533Z [INFO] OPTIONS /api/notifications/recent
2025-06-25T09:14:10.535Z [INFO] GET /api/notifications/recent
2025-06-25T09:14:10.536Z [ERROR] Error getting recent notifications: Cannot read properties of undefined (reading 'limit')
2025-06-25T09:14:10.539Z [INFO] OPTIONS /api/stats/performance
2025-06-25T09:14:10.542Z [INFO] GET /api/stats/performance
2025-06-25T09:14:10.543Z [ERROR] Error getting performance stats: Cannot read properties of undefined (reading 'locationId')
2025-06-25T09:14:11.651Z [INFO] Scheduler: Running job 'checkEquipmentStatus'
2025-06-25T09:14:11.652Z [INFO] CheckEquipmentStatus: Starting equipment monitoring job
2025-06-25T09:14:11.653Z [INFO] Starting equipment status check...
2025-06-25T09:14:11.657Z [ERROR] SQL error after 3ms: relation "equipment_maintenance" does not exist
2025-06-25T09:14:11.657Z [ERROR] Failed query: 
            SELECT 
                e.*,
                l.name as location_name,
                MAX(em.ended_at) as last_maintenance
            FROM equipment e
            JOIN locations l ON e.location_id = l.location_id
            LEFT JOIN equipment_maintenance em ON e.equipment_id = em.equipment_id 
                AND em.ended_at IS NOT NULL
            WHERE e.status = 'OPERATIVE'
            GROUP BY e.equipment_id, l.name
            HAVING MAX(em.ended_at) < NOW() - INTERVAL '90 days' OR MAX(em.ended_at) IS NULL
            ORDER BY last_maintenance ASC NULLS FIRST
        
2025-06-25T09:14:11.658Z [ERROR] Error checking equipment status:
2025-06-25T09:14:11.658Z [ERROR] CheckEquipmentStatus: Job failed
2025-06-25T09:14:11.659Z [INFO] Scheduler: Job 'checkEquipmentStatus' completed, next run: Wed Jun 25 2025 12:15:11 GMT+0300 (Eastern European Summer Time)
2025-06-25T09:14:11.660Z [INFO] Scheduler: Running job 'updateWeatherData'
2025-06-25T09:14:11.660Z [INFO] Starting weather data update job...
2025-06-25T09:14:11.660Z [INFO] Starting weather data update for all locations...
2025-06-25T09:14:11.703Z [ERROR] SQL error after 42ms: relation "weather_snapshots" does not exist
2025-06-25T09:14:11.704Z [ERROR] Failed query: 
            SELECT 
                l.location_id,
                l.name,
                l.latitude,
                l.longitude,
                MAX(ws.captured_at) as last_weather_update,
                EXTRACT(EPOCH FROM (NOW() - MAX(ws.captured_at)))/3600 as hours_since_update
            FROM locations l
            LEFT JOIN weather_snapshots ws ON l.location_id = ws.location_id
            GROUP BY l.location_id, l.name, l.latitude, l.longitude
            HAVING MAX(ws.captured_at) IS NULL 
            OR MAX(ws.captured_at) < NOW() - INTERVAL '2 hours'
            ORDER BY hours_since_update DESC NULLS FIRST
        
2025-06-25T09:14:11.704Z [ERROR] Error updating weather data:
2025-06-25T09:14:11.705Z [ERROR] Weather data update job failed:
2025-06-25T09:14:11.705Z [INFO] Scheduler: Job 'updateWeatherData' completed, next run: Wed Jun 25 2025 12:15:11 GMT+0300 (Eastern European Summer Time)
2025-06-25T09:14:11.705Z [INFO] Scheduler: Running job 'exceptionDetection'
2025-06-25T09:14:11.706Z [INFO] Starting automated exception detection...
2025-06-25T09:14:11.706Z [INFO] Running comprehensive exception detection...
2025-06-25T09:14:11.778Z [ERROR] SQL error after 71ms: column l.id does not exist
2025-06-25T09:14:11.778Z [ERROR] Failed query: 
        SELECT 
          l.id as location_id,
          l.name as location_name,
          COUNT(e.id) as total_employees,
          COUNT(CASE WHEN e.status = 'ACTIVE' THEN 1 END) as active_employees,
          COUNT(CASE WHEN e.status = 'SICK' THEN 1 END) as sick_employees,
          COUNT(CASE WHEN e.status = 'VACATION' THEN 1 END) as vacation_employees
        FROM locations l
        LEFT JOIN employees e ON l.id = e.location_id
       GROUP BY l.id, l.name
2025-06-25T09:14:11.779Z [ERROR] Error detecting staff unavailability: column l.id does not exist
2025-06-25T09:14:11.781Z [ERROR] SQL error after 73ms: column l.id does not exist
2025-06-25T09:14:11.782Z [ERROR] Failed query: 
        SELECT 
          l.id as location_id,
          l.name as location_name,
          COUNT(e.id) as total_equipment,
          COUNT(CASE WHEN e.status = 'OUT_OF_SERVICE' THEN 1 END) as out_of_service,
          COUNT(CASE WHEN e.updated_at < NOW() - INTERVAL '2 hours' THEN 1 END) as stale_equipment
        FROM locations l
        LEFT JOIN equipment e ON l.id = e.location_id
       GROUP BY l.id, l.name
2025-06-25T09:14:11.782Z [ERROR] Error detecting power outage: column l.id does not exist
2025-06-25T09:14:11.783Z [ERROR] SQL error after 74ms: column l.id does not exist
2025-06-25T09:14:11.784Z [ERROR] Failed query: 
        SELECT 
          e.id,
          e.name,
          e.type,
          e.status,
          e.location_id,
          l.name as location_name,
          EXTRACT(days FROM (NOW() - e.updated_at)) as days_since_update,
          COUNT(em.id) as recent_maintenance
        FROM equipment e
        JOIN locations l ON e.location_id = l.id
        LEFT JOIN equipment_maintenance em ON e.id = em.equipment_id 
          AND em.created_at >= NOW() - INTERVAL '30 days'
      
        GROUP BY e.id, e.name, e.type, e.status, e.location_id, l.name, e.updated_at
        HAVING e.status = 'OUT_OF_SERVICE' 
          OR EXTRACT(days FROM (NOW() - e.updated_at)) > 7
        ORDER BY days_since_update DESC
      
2025-06-25T09:14:11.785Z [ERROR] Error detecting equipment failures: column l.id does not exist
2025-06-25T09:14:11.791Z [ERROR] SQL error after 81ms: relation "transports" does not exist
2025-06-25T09:14:11.792Z [ERROR] Failed query: 
        SELECT 
          t.id,
          t.status,
          t.location_id,
          l.name as location_name,
          o.id as order_id,
          EXTRACT(hours FROM (NOW() - t.created_at)) as hours_since_created,
          EXTRACT(hours FROM (NOW() - t.updated_at)) as hours_since_updated
        FROM transports t
        JOIN orders o ON t.order_id = o.id
        JOIN locations l ON t.location_id = l.id
        WHERE t.status IN ('PENDING', 'IN_PROGRESS')
       ORDER BY t.created_at ASC
2025-06-25T09:14:11.793Z [ERROR] Error detecting transport issues: relation "transports" does not exist
2025-06-25T09:14:11.793Z [INFO] Exception detection completed: 0 issues found
2025-06-25T09:14:11.794Z [INFO] Exception detection completed: 0 total issues found
2025-06-25T09:14:11.794Z [INFO] - Staff issues: 0
2025-06-25T09:14:11.795Z [INFO] - Power issues: 0
2025-06-25T09:14:11.795Z [INFO] - Equipment issues: 0
2025-06-25T09:14:11.796Z [INFO] - Transport issues: 0
2025-06-25T09:14:11.797Z [INFO] Creating notification: SYSTEM_STATUS_OK - LOW - All systems operational - no critical issues detected
2025-06-25T09:14:11.797Z [INFO] Notification sent via websocket: notif_1750842851797_459pzrlzj
2025-06-25T09:14:11.798Z [INFO] Exception detection completed successfully in 92ms
2025-06-25T09:14:11.798Z [INFO] Scheduler: Job 'exceptionDetection' completed, next run: Wed Jun 25 2025 12:15:11 GMT+0300 (Eastern European Summer Time)
2025-06-25T09:14:14.916Z [INFO] GET /api/orders
2025-06-25T09:14:14.917Z [INFO] GET /api/orders
2025-06-25T09:14:14.994Z [INFO] GET /api/stats/system-status
2025-06-25T09:14:14.995Z [ERROR] Error getting system status: Cannot read properties of undefined (reading 'locationId')
2025-06-25T09:14:14.999Z [INFO] GET /api/notifications/recent
2025-06-25T09:14:15.000Z [ERROR] Error getting recent notifications: Cannot read properties of undefined (reading 'limit')
2025-06-25T09:14:15.004Z [INFO] GET /api/stats/performance
2025-06-25T09:14:15.005Z [ERROR] Error getting performance stats: Cannot read properties of undefined (reading 'locationId')
2025-06-25T09:14:18.210Z [INFO] OPTIONS /api/equipment
2025-06-25T09:14:18.214Z [INFO] OPTIONS /api/locations
2025-06-25T09:35:24.475Z [INFO] Connecting to PostgreSQL: postgres@localhost:5432/twproject
2025-06-25T09:35:24.502Z [INFO] AlertService: SMTP client initialized
2025-06-25T09:35:24.521Z [INFO] Minimal server listening on port 8000
2025-06-25T09:35:24.525Z [INFO] Scheduler: Job 'expandRecurrences' added, next run: Wed Jun 25 2025 12:35:00 GMT+0300 (Eastern European Summer Time)
2025-06-25T09:35:24.525Z [INFO] Scheduler: Job 'checkInventory' added, next run: Wed Jun 25 2025 13:00:00 GMT+0300 (Eastern European Summer Time)
2025-06-25T09:35:24.525Z [INFO] Scheduler: Job 'checkEquipmentStatus' added, next run: Wed Jun 25 2025 12:36:24 GMT+0300 (Eastern European Summer Time)
2025-06-25T09:35:24.525Z [INFO] Scheduler: Job 'updateWeatherData' added, next run: Wed Jun 25 2025 12:36:24 GMT+0300 (Eastern European Summer Time)
2025-06-25T09:35:24.526Z [INFO] Scheduler: Job 'generateDailyStats' added, next run: Thu Jun 26 2025 00:00:00 GMT+0300 (Eastern European Summer Time)
2025-06-25T09:35:24.526Z [INFO] Scheduler: Job 'exceptionDetection' added, next run: Wed Jun 25 2025 12:36:24 GMT+0300 (Eastern European Summer Time)
2025-06-25T09:35:24.526Z [INFO] Scheduler: Starting...
2025-06-25T09:35:24.527Z [INFO] Scheduler: Started successfully
2025-06-25T09:35:24.527Z [INFO] Server and scheduler started successfully
2025-06-25T09:35:24.578Z [INFO] PostgreSQL connection successful. Server time: Wed Jun 25 2025 12:35:24 GMT+0300 (Eastern European Summer Time)
2025-06-25T09:36:24.533Z [INFO] Scheduler: Running job 'expandRecurrences'
2025-06-25T09:36:24.535Z [INFO] ExpandRecurrences: Starting job
2025-06-25T09:36:24.535Z [ERROR] ExpandRecurrences: Job failed: orderService.getOrdersWithRecurrence is not a function
2025-06-25T09:36:24.536Z [ERROR] Scheduler: Job 'expandRecurrences' failed: orderService.getOrdersWithRecurrence is not a function
2025-06-25T09:36:24.536Z [WARN] Scheduler: Job 'expandRecurrences' will retry at Wed Jun 25 2025 12:41:24 GMT+0300 (Eastern European Summer Time)
2025-06-25T09:36:24.536Z [INFO] Scheduler: Running job 'checkEquipmentStatus'
2025-06-25T09:36:24.537Z [INFO] CheckEquipmentStatus: Starting equipment monitoring job
2025-06-25T09:36:24.537Z [INFO] Starting equipment status check...
2025-06-25T09:36:24.583Z [ERROR] SQL error after 46ms: relation "equipment_maintenance" does not exist
2025-06-25T09:36:24.583Z [ERROR] Failed query: 
            SELECT 
                e.*,
                l.name as location_name,
                MAX(em.ended_at) as last_maintenance
            FROM equipment e
            JOIN locations l ON e.location_id = l.location_id
            LEFT JOIN equipment_maintenance em ON e.equipment_id = em.equipment_id 
                AND em.ended_at IS NOT NULL
            WHERE e.status = 'OPERATIVE'
            GROUP BY e.equipment_id, l.name
            HAVING MAX(em.ended_at) < NOW() - INTERVAL '90 days' OR MAX(em.ended_at) IS NULL
            ORDER BY last_maintenance ASC NULLS FIRST
        
2025-06-25T09:36:24.584Z [ERROR] Error checking equipment status:
2025-06-25T09:36:24.584Z [ERROR] CheckEquipmentStatus: Job failed
2025-06-25T09:36:24.584Z [INFO] Scheduler: Job 'checkEquipmentStatus' completed, next run: Wed Jun 25 2025 12:37:24 GMT+0300 (Eastern European Summer Time)
2025-06-25T09:36:24.584Z [INFO] Scheduler: Running job 'updateWeatherData'
2025-06-25T09:36:24.585Z [INFO] Starting weather data update job...
2025-06-25T09:36:24.585Z [INFO] Starting weather data update for all locations...
2025-06-25T09:36:24.621Z [ERROR] SQL error after 36ms: relation "weather_snapshots" does not exist
2025-06-25T09:36:24.622Z [ERROR] Failed query: 
            SELECT 
                l.location_id,
                l.name,
                l.latitude,
                l.longitude,
                MAX(ws.captured_at) as last_weather_update,
                EXTRACT(EPOCH FROM (NOW() - MAX(ws.captured_at)))/3600 as hours_since_update
            FROM locations l
            LEFT JOIN weather_snapshots ws ON l.location_id = ws.location_id
            GROUP BY l.location_id, l.name, l.latitude, l.longitude
            HAVING MAX(ws.captured_at) IS NULL 
            OR MAX(ws.captured_at) < NOW() - INTERVAL '2 hours'
            ORDER BY hours_since_update DESC NULLS FIRST
        
2025-06-25T09:36:24.622Z [ERROR] Error updating weather data:
2025-06-25T09:36:24.622Z [ERROR] Weather data update job failed:
2025-06-25T09:36:24.623Z [INFO] Scheduler: Job 'updateWeatherData' completed, next run: Wed Jun 25 2025 12:37:24 GMT+0300 (Eastern European Summer Time)
2025-06-25T09:36:24.623Z [INFO] Scheduler: Running job 'exceptionDetection'
2025-06-25T09:36:24.623Z [ERROR] Scheduler: Job 'exceptionDetection' failed: Cannot read properties of undefined (reading 'error')
2025-06-25T09:36:24.624Z [WARN] Scheduler: Job 'exceptionDetection' will retry at Wed Jun 25 2025 12:41:24 GMT+0300 (Eastern European Summer Time)
2025-06-25T09:37:55.929Z [INFO] OPTIONS /api/stats/system-status
2025-06-25T09:37:55.932Z [INFO] OPTIONS /api/stats/dashboard
2025-06-25T09:37:55.932Z [INFO] GET /api/stats/system-status
2025-06-25T09:37:55.937Z [INFO] GET /api/stats/dashboard
2025-06-25T09:37:56.073Z [ERROR] Error checking for critical issues: kpis.forEach is not a function
2025-06-25T09:37:56.074Z [ERROR] Error checking for critical issues: kpis.forEach is not a function
2025-06-25T09:38:24.545Z [INFO] Scheduler: Running job 'checkEquipmentStatus'
2025-06-25T09:38:24.546Z [INFO] CheckEquipmentStatus: Starting equipment monitoring job
2025-06-25T09:38:24.546Z [INFO] Starting equipment status check...
2025-06-25T09:38:24.547Z [ERROR] SQL error after 1ms: relation "equipment_maintenance" does not exist
2025-06-25T09:38:24.548Z [ERROR] Failed query: 
            SELECT 
                e.*,
                l.name as location_name,
                MAX(em.ended_at) as last_maintenance
            FROM equipment e
            JOIN locations l ON e.location_id = l.location_id
            LEFT JOIN equipment_maintenance em ON e.equipment_id = em.equipment_id 
                AND em.ended_at IS NOT NULL
            WHERE e.status = 'OPERATIVE'
            GROUP BY e.equipment_id, l.name
            HAVING MAX(em.ended_at) < NOW() - INTERVAL '90 days' OR MAX(em.ended_at) IS NULL
            ORDER BY last_maintenance ASC NULLS FIRST
        
2025-06-25T09:38:24.548Z [ERROR] Error checking equipment status:
2025-06-25T09:38:24.549Z [ERROR] CheckEquipmentStatus: Job failed
2025-06-25T09:38:24.549Z [INFO] Scheduler: Job 'checkEquipmentStatus' completed, next run: Wed Jun 25 2025 12:39:24 GMT+0300 (Eastern European Summer Time)
2025-06-25T09:38:24.549Z [INFO] Scheduler: Running job 'updateWeatherData'
2025-06-25T09:38:24.549Z [INFO] Starting weather data update job...
2025-06-25T09:38:24.550Z [INFO] Starting weather data update for all locations...
2025-06-25T09:38:24.551Z [ERROR] SQL error after 0ms: relation "weather_snapshots" does not exist
2025-06-25T09:38:24.551Z [ERROR] Failed query: 
            SELECT 
                l.location_id,
                l.name,
                l.latitude,
                l.longitude,
                MAX(ws.captured_at) as last_weather_update,
                EXTRACT(EPOCH FROM (NOW() - MAX(ws.captured_at)))/3600 as hours_since_update
            FROM locations l
            LEFT JOIN weather_snapshots ws ON l.location_id = ws.location_id
            GROUP BY l.location_id, l.name, l.latitude, l.longitude
            HAVING MAX(ws.captured_at) IS NULL 
            OR MAX(ws.captured_at) < NOW() - INTERVAL '2 hours'
            ORDER BY hours_since_update DESC NULLS FIRST
        
2025-06-25T09:38:24.551Z [ERROR] Error updating weather data:
2025-06-25T09:38:24.551Z [ERROR] Weather data update job failed:
2025-06-25T09:38:24.551Z [INFO] Scheduler: Job 'updateWeatherData' completed, next run: Wed Jun 25 2025 12:39:24 GMT+0300 (Eastern European Summer Time)
