2025-06-24T00:07:36.233Z [INFO] Scheduler: Running job 'expandRecurrences'
2025-06-24T00:07:36.304Z [INFO] ExpandRecurrences: Starting job
2025-06-24T00:07:36.455Z [INFO] ExpandRecurrences: Job completed, created 0 new recurring orders
2025-06-24T00:07:36.455Z [INFO] Scheduler: Job 'expandRecurrences' completed, next run: Tue Jun 24 2025 03:10:00 GMT+0300 (Ora de vară a Europei de Est)
2025-06-24T00:07:36.455Z [INFO] Scheduler: Running job 'checkInventory'
2025-06-24T00:07:36.456Z [INFO] CheckInventory: Starting inventory monitoring job
2025-06-24T00:07:36.461Z [INFO] Found 0 low stock items (threshold: 10)
2025-06-24T00:07:36.463Z [INFO] Found 0 out of stock items
2025-06-24T00:07:36.463Z [INFO] CheckInventory: All inventory levels are adequate
2025-06-24T00:07:36.464Z [INFO] Scheduler: Job 'checkInventory' completed, next run: Tue Jun 24 2025 04:00:00 GMT+0300 (Ora de vară a Europei de Est)
2025-06-24T00:07:36.464Z [INFO] Scheduler: Running job 'checkEquipmentStatus'
2025-06-24T00:07:36.465Z [INFO] CheckEquipmentStatus: Starting equipment monitoring job
2025-06-24T00:07:36.465Z [INFO] Starting equipment status check...
2025-06-24T00:07:36.469Z [ERROR] Error checking equipment status:
2025-06-24T00:07:36.469Z [ERROR] CheckEquipmentStatus: Job failed
2025-06-24T00:07:36.470Z [INFO] Scheduler: Job 'checkEquipmentStatus' completed, next run: Tue Jun 24 2025 03:08:36 GMT+0300 (Ora de vară a Europei de Est)
2025-06-24T00:07:36.470Z [INFO] Scheduler: Running job 'updateWeatherData'
2025-06-24T00:07:36.470Z [INFO] Starting weather data update job...
2025-06-24T00:07:36.470Z [INFO] Starting weather data update for all locations...
2025-06-24T00:07:36.474Z [ERROR] Error updating weather data:
2025-06-24T00:07:36.475Z [ERROR] Weather data update job failed:
2025-06-24T00:07:36.475Z [INFO] Scheduler: Job 'updateWeatherData' completed, next run: Tue Jun 24 2025 03:08:36 GMT+0300 (Ora de vară a Europei de Est)
2025-06-24T00:07:36.475Z [INFO] Scheduler: Running job 'exceptionDetection'
2025-06-24T00:07:36.476Z [INFO] Starting automated exception detection...
2025-06-24T00:07:36.476Z [INFO] Running comprehensive exception detection...
2025-06-24T00:07:36.509Z [ERROR] Error detecting staff unavailability: result.rows is not iterable
2025-06-24T00:07:36.614Z [ERROR] SQL error after 138ms: column e.updated_at does not exist
2025-06-24T00:07:36.614Z [ERROR] Failed query: 
        SELECT 
          l.id as location_id,
          l.name as location_name,
          COUNT(e.id) as total_equipment,
          COUNT(CASE WHEN e.status = 'OUT_OF_SERVICE' THEN 1 END) as out_of_service,
          COUNT(CASE WHEN e.updated_at < NOW() - INTERVAL '2 hours' THEN 1 END) as stale_equipment
        FROM locations l
        LEFT JOIN equipment e ON l.id = e.location_id
       GROUP BY l.id, l.name
2025-06-24T00:07:36.615Z [ERROR] Error detecting power outage: column e.updated_at does not exist
2025-06-24T00:07:36.616Z [ERROR] SQL error after 140ms: column o.id does not exist
2025-06-24T00:07:36.616Z [ERROR] Failed query: 
        SELECT 
          t.id,
          t.status,
          t.location_id,
          l.name as location_name,
          o.id as order_id,
          EXTRACT(hours FROM (NOW() - t.created_at)) as hours_since_created,
          EXTRACT(hours FROM (NOW() - t.updated_at)) as hours_since_updated
        FROM transports t
        JOIN orders o ON t.order_id = o.id
        JOIN locations l ON t.location_id = l.id
        WHERE t.status IN ('PENDING', 'IN_PROGRESS')
       ORDER BY t.created_at ASC
2025-06-24T00:07:36.617Z [ERROR] Error detecting transport issues: column o.id does not exist
2025-06-24T00:07:36.673Z [ERROR] SQL error after 197ms: column em.created_at does not exist
2025-06-24T00:07:36.674Z [ERROR] Failed query: 
        SELECT 
          e.id,
          e.name,
          e.type,
          e.status,
          e.location_id,
          l.name as location_name,
          EXTRACT(days FROM (NOW() - e.updated_at)) as days_since_update,
          COUNT(em.id) as recent_maintenance
        FROM equipment e
        JOIN locations l ON e.location_id = l.id
        LEFT JOIN equipment_maintenance em ON e.id = em.equipment_id 
          AND em.created_at >= NOW() - INTERVAL '30 days'
      
        GROUP BY e.id, e.name, e.type, e.status, e.location_id, l.name, e.updated_at
        HAVING e.status = 'OUT_OF_SERVICE' 
          OR EXTRACT(days FROM (NOW() - e.updated_at)) > 7
        ORDER BY days_since_update DESC
      
2025-06-24T00:07:36.675Z [ERROR] Error detecting equipment failures: column em.created_at does not exist
2025-06-24T00:07:36.675Z [INFO] Exception detection completed: 0 issues found
2025-06-24T00:07:36.676Z [INFO] Exception detection completed: 0 total issues found
2025-06-24T00:07:36.676Z [INFO] - Staff issues: 0
2025-06-24T00:07:36.676Z [INFO] - Power issues: 0
2025-06-24T00:07:36.677Z [INFO] - Equipment issues: 0
2025-06-24T00:07:36.677Z [INFO] - Transport issues: 0
2025-06-24T00:07:36.677Z [INFO] Creating notification: SYSTEM_STATUS_OK - LOW - All systems operational - no critical issues detected
2025-06-24T00:07:36.688Z [ERROR] Failed to send notification via websocket: WebSocket notification failed: broadcastToAllClients is not a function
2025-06-24T00:07:36.695Z [INFO] Exception detection completed successfully in 219ms
2025-06-24T00:07:36.702Z [INFO] Scheduler: Job 'exceptionDetection' completed, next run: Tue Jun 24 2025 03:08:36 GMT+0300 (Ora de vară a Europei de Est)
2025-06-24T07:25:44.930Z [INFO] Scheduler: Running job 'expandRecurrences'
2025-06-24T07:25:44.940Z [INFO] ExpandRecurrences: Starting job
2025-06-24T07:25:45.384Z [INFO] ExpandRecurrences: Job completed, created 0 new recurring orders
2025-06-24T07:25:45.384Z [INFO] Scheduler: Job 'expandRecurrences' completed, next run: Tue Jun 24 2025 10:25:00 GMT+0300 (Ora de vară a Europei de Est)
2025-06-24T07:25:45.385Z [INFO] Scheduler: Running job 'checkInventory'
2025-06-24T07:25:45.385Z [INFO] CheckInventory: Starting inventory monitoring job
2025-06-24T07:25:45.390Z [INFO] Found 0 low stock items (threshold: 10)
2025-06-24T07:25:45.392Z [INFO] Found 0 out of stock items
2025-06-24T07:25:45.392Z [INFO] CheckInventory: All inventory levels are adequate
2025-06-24T07:25:45.392Z [INFO] Scheduler: Job 'checkInventory' completed, next run: Tue Jun 24 2025 11:00:00 GMT+0300 (Ora de vară a Europei de Est)
2025-06-24T07:25:45.392Z [INFO] Scheduler: Running job 'checkEquipmentStatus'
2025-06-24T07:25:45.393Z [INFO] CheckEquipmentStatus: Starting equipment monitoring job
2025-06-24T07:25:45.393Z [INFO] Starting equipment status check...
2025-06-24T07:25:45.397Z [ERROR] Error checking equipment status:
2025-06-24T07:25:45.397Z [ERROR] CheckEquipmentStatus: Job failed
2025-06-24T07:25:45.397Z [INFO] Scheduler: Job 'checkEquipmentStatus' completed, next run: Tue Jun 24 2025 10:26:45 GMT+0300 (Ora de vară a Europei de Est)
2025-06-24T07:25:45.398Z [INFO] Scheduler: Running job 'updateWeatherData'
2025-06-24T07:25:45.398Z [INFO] Starting weather data update job...
2025-06-24T07:25:45.398Z [INFO] Starting weather data update for all locations...
2025-06-24T07:25:45.401Z [ERROR] Error updating weather data:
2025-06-24T07:25:45.401Z [ERROR] Weather data update job failed:
2025-06-24T07:25:45.402Z [INFO] Scheduler: Job 'updateWeatherData' completed, next run: Tue Jun 24 2025 10:26:45 GMT+0300 (Ora de vară a Europei de Est)
2025-06-24T07:25:45.402Z [INFO] Scheduler: Running job 'exceptionDetection'
2025-06-24T07:25:45.403Z [INFO] Starting automated exception detection...
2025-06-24T07:25:45.403Z [INFO] Running comprehensive exception detection...
2025-06-24T07:25:45.455Z [ERROR] Error detecting staff unavailability: result.rows is not iterable
2025-06-24T07:25:45.680Z [ERROR] SQL error after 276ms: column em.created_at does not exist
2025-06-24T07:25:45.699Z [ERROR] Failed query: 
        SELECT 
          e.id,
          e.name,
          e.type,
          e.status,
          e.location_id,
          l.name as location_name,
          EXTRACT(days FROM (NOW() - e.updated_at)) as days_since_update,
          COUNT(em.id) as recent_maintenance
        FROM equipment e
        JOIN locations l ON e.location_id = l.id
        LEFT JOIN equipment_maintenance em ON e.id = em.equipment_id 
          AND em.created_at >= NOW() - INTERVAL '30 days'
      
        GROUP BY e.id, e.name, e.type, e.status, e.location_id, l.name, e.updated_at
        HAVING e.status = 'OUT_OF_SERVICE' 
          OR EXTRACT(days FROM (NOW() - e.updated_at)) > 7
        ORDER BY days_since_update DESC
      
2025-06-24T07:25:45.726Z [ERROR] Error detecting equipment failures: column em.created_at does not exist
2025-06-24T07:25:45.755Z [ERROR] SQL error after 351ms: column e.updated_at does not exist
2025-06-24T07:25:45.766Z [ERROR] Failed query: 
        SELECT 
          l.id as location_id,
          l.name as location_name,
          COUNT(e.id) as total_equipment,
          COUNT(CASE WHEN e.status = 'OUT_OF_SERVICE' THEN 1 END) as out_of_service,
          COUNT(CASE WHEN e.updated_at < NOW() - INTERVAL '2 hours' THEN 1 END) as stale_equipment
        FROM locations l
        LEFT JOIN equipment e ON l.id = e.location_id
       GROUP BY l.id, l.name
2025-06-24T07:25:45.810Z [ERROR] Error detecting power outage: column e.updated_at does not exist
2025-06-24T07:25:45.854Z [ERROR] SQL error after 450ms: column o.id does not exist
2025-06-24T07:25:45.854Z [ERROR] Failed query: 
        SELECT 
          t.id,
          t.status,
          t.location_id,
          l.name as location_name,
          o.id as order_id,
          EXTRACT(hours FROM (NOW() - t.created_at)) as hours_since_created,
          EXTRACT(hours FROM (NOW() - t.updated_at)) as hours_since_updated
        FROM transports t
        JOIN orders o ON t.order_id = o.id
        JOIN locations l ON t.location_id = l.id
        WHERE t.status IN ('PENDING', 'IN_PROGRESS')
       ORDER BY t.created_at ASC
2025-06-24T07:25:45.855Z [ERROR] Error detecting transport issues: column o.id does not exist
2025-06-24T07:25:45.855Z [INFO] Exception detection completed: 0 issues found
2025-06-24T07:25:45.855Z [INFO] Exception detection completed: 0 total issues found
2025-06-24T07:25:45.856Z [INFO] - Staff issues: 0
2025-06-24T07:25:45.856Z [INFO] - Power issues: 0
2025-06-24T07:25:45.856Z [INFO] - Equipment issues: 0
2025-06-24T07:25:45.856Z [INFO] - Transport issues: 0
2025-06-24T07:25:45.857Z [INFO] Creating notification: SYSTEM_STATUS_OK - LOW - All systems operational - no critical issues detected
2025-06-24T07:25:45.857Z [ERROR] Failed to send notification via websocket: WebSocket notification failed: broadcastToAllClients is not a function
2025-06-24T07:25:45.873Z [INFO] Exception detection completed successfully in 470ms
2025-06-24T07:25:45.889Z [INFO] Scheduler: Job 'exceptionDetection' completed, next run: Tue Jun 24 2025 10:26:45 GMT+0300 (Ora de vară a Europei de Est)
2025-06-24T09:07:17.453Z [INFO] Scheduler: Running job 'expandRecurrences'
2025-06-24T09:07:17.460Z [INFO] ExpandRecurrences: Starting job
2025-06-24T09:07:17.566Z [INFO] ExpandRecurrences: Job completed, created 0 new recurring orders
2025-06-24T09:07:17.566Z [INFO] Scheduler: Job 'expandRecurrences' completed, next run: Tue Jun 24 2025 12:10:00 GMT+0300 (Ora de vară a Europei de Est)
2025-06-24T09:07:17.567Z [INFO] Scheduler: Running job 'checkInventory'
2025-06-24T09:07:17.567Z [INFO] CheckInventory: Starting inventory monitoring job
2025-06-24T09:07:17.572Z [INFO] Found 0 low stock items (threshold: 10)
2025-06-24T09:07:17.577Z [INFO] Found 0 out of stock items
2025-06-24T09:07:17.577Z [INFO] CheckInventory: All inventory levels are adequate
2025-06-24T09:07:17.578Z [INFO] Scheduler: Job 'checkInventory' completed, next run: Tue Jun 24 2025 13:00:00 GMT+0300 (Ora de vară a Europei de Est)
2025-06-24T09:07:17.578Z [INFO] Scheduler: Running job 'checkEquipmentStatus'
2025-06-24T09:07:17.578Z [INFO] CheckEquipmentStatus: Starting equipment monitoring job
2025-06-24T09:07:17.579Z [INFO] Starting equipment status check...
2025-06-24T09:07:17.582Z [ERROR] Error checking equipment status:
2025-06-24T09:07:17.582Z [ERROR] CheckEquipmentStatus: Job failed
2025-06-24T09:07:17.582Z [INFO] Scheduler: Job 'checkEquipmentStatus' completed, next run: Tue Jun 24 2025 12:08:17 GMT+0300 (Ora de vară a Europei de Est)
2025-06-24T09:07:17.583Z [INFO] Scheduler: Running job 'updateWeatherData'
2025-06-24T09:07:17.583Z [INFO] Starting weather data update job...
2025-06-24T09:07:17.583Z [INFO] Starting weather data update for all locations...
2025-06-24T09:07:17.586Z [ERROR] Error updating weather data:
2025-06-24T09:07:17.586Z [ERROR] Weather data update job failed:
2025-06-24T09:07:17.587Z [INFO] Scheduler: Job 'updateWeatherData' completed, next run: Tue Jun 24 2025 12:08:17 GMT+0300 (Ora de vară a Europei de Est)
2025-06-24T09:07:17.587Z [INFO] Scheduler: Running job 'exceptionDetection'
2025-06-24T09:07:17.587Z [INFO] Starting automated exception detection...
2025-06-24T09:07:17.587Z [INFO] Running comprehensive exception detection...
2025-06-24T09:07:17.590Z [ERROR] Error detecting staff unavailability: result.rows is not iterable
2025-06-24T09:07:18.010Z [ERROR] SQL error after 422ms: column o.id does not exist
2025-06-24T09:07:18.010Z [ERROR] Failed query: 
        SELECT 
          t.id,
          t.status,
          t.location_id,
          l.name as location_name,
          o.id as order_id,
          EXTRACT(hours FROM (NOW() - t.created_at)) as hours_since_created,
          EXTRACT(hours FROM (NOW() - t.updated_at)) as hours_since_updated
        FROM transports t
        JOIN orders o ON t.order_id = o.id
        JOIN locations l ON t.location_id = l.id
        WHERE t.status IN ('PENDING', 'IN_PROGRESS')
       ORDER BY t.created_at ASC
2025-06-24T09:07:18.011Z [ERROR] Error detecting transport issues: column o.id does not exist
2025-06-24T09:07:18.012Z [ERROR] SQL error after 424ms: column em.created_at does not exist
2025-06-24T09:07:18.012Z [ERROR] Failed query: 
        SELECT 
          e.id,
          e.name,
          e.type,
          e.status,
          e.location_id,
          l.name as location_name,
          EXTRACT(days FROM (NOW() - e.updated_at)) as days_since_update,
          COUNT(em.id) as recent_maintenance
        FROM equipment e
        JOIN locations l ON e.location_id = l.id
        LEFT JOIN equipment_maintenance em ON e.id = em.equipment_id 
          AND em.created_at >= NOW() - INTERVAL '30 days'
      
        GROUP BY e.id, e.name, e.type, e.status, e.location_id, l.name, e.updated_at
        HAVING e.status = 'OUT_OF_SERVICE' 
          OR EXTRACT(days FROM (NOW() - e.updated_at)) > 7
        ORDER BY days_since_update DESC
      
2025-06-24T09:07:18.026Z [ERROR] Error detecting equipment failures: column em.created_at does not exist
2025-06-24T09:07:18.032Z [ERROR] SQL error after 444ms: column e.updated_at does not exist
2025-06-24T09:07:18.042Z [ERROR] Failed query: 
        SELECT 
          l.id as location_id,
          l.name as location_name,
          COUNT(e.id) as total_equipment,
          COUNT(CASE WHEN e.status = 'OUT_OF_SERVICE' THEN 1 END) as out_of_service,
          COUNT(CASE WHEN e.updated_at < NOW() - INTERVAL '2 hours' THEN 1 END) as stale_equipment
        FROM locations l
        LEFT JOIN equipment e ON l.id = e.location_id
       GROUP BY l.id, l.name
2025-06-24T09:07:18.053Z [ERROR] Error detecting power outage: column e.updated_at does not exist
2025-06-24T09:07:18.072Z [INFO] Exception detection completed: 0 issues found
2025-06-24T09:07:18.087Z [INFO] Exception detection completed: 0 total issues found
2025-06-24T09:07:18.100Z [INFO] - Staff issues: 0
2025-06-24T09:07:18.112Z [INFO] - Power issues: 0
2025-06-24T09:07:18.122Z [INFO] - Equipment issues: 0
2025-06-24T09:07:18.139Z [INFO] - Transport issues: 0
2025-06-24T09:07:18.149Z [INFO] Creating notification: SYSTEM_STATUS_OK - LOW - All systems operational - no critical issues detected
2025-06-24T09:07:18.160Z [ERROR] Failed to send notification via websocket: WebSocket notification failed: broadcastToAllClients is not a function
2025-06-24T09:07:18.166Z [INFO] Exception detection completed successfully in 579ms
2025-06-24T09:07:18.175Z [INFO] Scheduler: Job 'exceptionDetection' completed, next run: Tue Jun 24 2025 12:08:18 GMT+0300 (Ora de vară a Europei de Est)
2025-06-24T09:09:17.467Z [INFO] Scheduler: Running job 'checkEquipmentStatus'
2025-06-24T09:09:17.468Z [INFO] CheckEquipmentStatus: Starting equipment monitoring job
2025-06-24T09:09:17.468Z [INFO] Starting equipment status check...
2025-06-24T09:09:17.534Z [ERROR] Error checking equipment status:
2025-06-24T09:09:17.534Z [ERROR] CheckEquipmentStatus: Job failed
2025-06-24T09:09:17.535Z [INFO] Scheduler: Job 'checkEquipmentStatus' completed, next run: Tue Jun 24 2025 12:10:17 GMT+0300 (Ora de vară a Europei de Est)
2025-06-24T09:09:17.535Z [INFO] Scheduler: Running job 'updateWeatherData'
2025-06-24T09:09:17.536Z [INFO] Starting weather data update job...
2025-06-24T09:09:17.536Z [INFO] Starting weather data update for all locations...
2025-06-24T09:09:17.539Z [ERROR] Error updating weather data:
2025-06-24T09:09:17.539Z [ERROR] Weather data update job failed:
2025-06-24T09:09:17.539Z [INFO] Scheduler: Job 'updateWeatherData' completed, next run: Tue Jun 24 2025 12:10:17 GMT+0300 (Ora de vară a Europei de Est)
2025-06-24T09:09:17.540Z [INFO] Scheduler: Running job 'exceptionDetection'
2025-06-24T09:09:17.540Z [INFO] Starting automated exception detection...
2025-06-24T09:09:17.540Z [INFO] Running comprehensive exception detection...
2025-06-24T09:09:17.547Z [ERROR] Error detecting staff unavailability: result.rows is not iterable
2025-06-24T09:09:17.614Z [ERROR] SQL error after 73ms: column e.updated_at does not exist
2025-06-24T09:09:17.615Z [ERROR] Failed query: 
        SELECT 
          l.id as location_id,
          l.name as location_name,
          COUNT(e.id) as total_equipment,
          COUNT(CASE WHEN e.status = 'OUT_OF_SERVICE' THEN 1 END) as out_of_service,
          COUNT(CASE WHEN e.updated_at < NOW() - INTERVAL '2 hours' THEN 1 END) as stale_equipment
        FROM locations l
        LEFT JOIN equipment e ON l.id = e.location_id
       GROUP BY l.id, l.name
2025-06-24T09:09:17.615Z [ERROR] Error detecting power outage: column e.updated_at does not exist
2025-06-24T09:09:17.618Z [ERROR] SQL error after 77ms: column em.created_at does not exist
2025-06-24T09:09:17.619Z [ERROR] Failed query: 
        SELECT 
          e.id,
          e.name,
          e.type,
          e.status,
          e.location_id,
          l.name as location_name,
          EXTRACT(days FROM (NOW() - e.updated_at)) as days_since_update,
          COUNT(em.id) as recent_maintenance
        FROM equipment e
        JOIN locations l ON e.location_id = l.id
        LEFT JOIN equipment_maintenance em ON e.id = em.equipment_id 
          AND em.created_at >= NOW() - INTERVAL '30 days'
      
        GROUP BY e.id, e.name, e.type, e.status, e.location_id, l.name, e.updated_at
        HAVING e.status = 'OUT_OF_SERVICE' 
          OR EXTRACT(days FROM (NOW() - e.updated_at)) > 7
        ORDER BY days_since_update DESC
      
2025-06-24T09:09:17.619Z [ERROR] Error detecting equipment failures: column em.created_at does not exist
2025-06-24T09:09:17.732Z [ERROR] SQL error after 191ms: column o.id does not exist
2025-06-24T09:09:17.732Z [ERROR] Failed query: 
        SELECT 
          t.id,
          t.status,
          t.location_id,
          l.name as location_name,
          o.id as order_id,
          EXTRACT(hours FROM (NOW() - t.created_at)) as hours_since_created,
          EXTRACT(hours FROM (NOW() - t.updated_at)) as hours_since_updated
        FROM transports t
        JOIN orders o ON t.order_id = o.id
        JOIN locations l ON t.location_id = l.id
        WHERE t.status IN ('PENDING', 'IN_PROGRESS')
       ORDER BY t.created_at ASC
2025-06-24T09:09:17.733Z [ERROR] Error detecting transport issues: column o.id does not exist
2025-06-24T09:09:17.733Z [INFO] Exception detection completed: 0 issues found
2025-06-24T09:09:17.733Z [INFO] Exception detection completed: 0 total issues found
2025-06-24T09:09:17.733Z [INFO] - Staff issues: 0
2025-06-24T09:09:17.734Z [INFO] - Power issues: 0
2025-06-24T09:09:17.734Z [INFO] - Equipment issues: 0
2025-06-24T09:09:17.734Z [INFO] - Transport issues: 0
2025-06-24T09:09:17.734Z [INFO] Creating notification: SYSTEM_STATUS_OK - LOW - All systems operational - no critical issues detected
2025-06-24T09:09:17.735Z [ERROR] Failed to send notification via websocket: WebSocket notification failed: broadcastToAllClients is not a function
2025-06-24T09:09:17.735Z [INFO] Exception detection completed successfully in 195ms
2025-06-24T09:09:17.735Z [INFO] Scheduler: Job 'exceptionDetection' completed, next run: Tue Jun 24 2025 12:10:17 GMT+0300 (Ora de vară a Europei de Est)
2025-06-24T09:10:17.480Z [INFO] Scheduler: Running job 'expandRecurrences'
2025-06-24T09:10:17.481Z [INFO] ExpandRecurrences: Starting job
2025-06-24T09:10:17.549Z [INFO] ExpandRecurrences: Job completed, created 0 new recurring orders
2025-06-24T09:10:17.550Z [INFO] Scheduler: Job 'expandRecurrences' completed, next run: Tue Jun 24 2025 12:10:00 GMT+0300 (Ora de vară a Europei de Est)
2025-06-24T09:11:17.490Z [INFO] Scheduler: Running job 'expandRecurrences'
2025-06-24T09:11:17.491Z [INFO] ExpandRecurrences: Starting job
2025-06-24T09:11:17.598Z [INFO] ExpandRecurrences: Job completed, created 0 new recurring orders
2025-06-24T09:11:17.599Z [INFO] Scheduler: Job 'expandRecurrences' completed, next run: Tue Jun 24 2025 12:15:00 GMT+0300 (Ora de vară a Europei de Est)
2025-06-24T09:11:17.600Z [INFO] Scheduler: Running job 'checkEquipmentStatus'
2025-06-24T09:11:17.600Z [INFO] CheckEquipmentStatus: Starting equipment monitoring job
2025-06-24T09:11:17.600Z [INFO] Starting equipment status check...
2025-06-24T09:11:17.604Z [ERROR] Error checking equipment status:
2025-06-24T09:11:17.605Z [ERROR] CheckEquipmentStatus: Job failed
2025-06-24T09:11:17.606Z [INFO] Scheduler: Job 'checkEquipmentStatus' completed, next run: Tue Jun 24 2025 12:12:17 GMT+0300 (Ora de vară a Europei de Est)
2025-06-24T09:11:17.606Z [INFO] Scheduler: Running job 'updateWeatherData'
2025-06-24T09:11:17.607Z [INFO] Starting weather data update job...
2025-06-24T09:11:17.607Z [INFO] Starting weather data update for all locations...
2025-06-24T09:11:17.614Z [ERROR] Error updating weather data:
2025-06-24T09:11:17.615Z [ERROR] Weather data update job failed:
2025-06-24T09:11:17.616Z [INFO] Scheduler: Job 'updateWeatherData' completed, next run: Tue Jun 24 2025 12:12:17 GMT+0300 (Ora de vară a Europei de Est)
2025-06-24T09:11:17.617Z [INFO] Scheduler: Running job 'exceptionDetection'
2025-06-24T09:11:17.617Z [INFO] Starting automated exception detection...
2025-06-24T09:11:17.618Z [INFO] Running comprehensive exception detection...
2025-06-24T09:11:17.622Z [ERROR] Error detecting staff unavailability: result.rows is not iterable
2025-06-24T09:11:17.718Z [ERROR] SQL error after 100ms: column e.updated_at does not exist
2025-06-24T09:11:17.718Z [ERROR] Failed query: 
        SELECT 
          l.id as location_id,
          l.name as location_name,
          COUNT(e.id) as total_equipment,
          COUNT(CASE WHEN e.status = 'OUT_OF_SERVICE' THEN 1 END) as out_of_service,
          COUNT(CASE WHEN e.updated_at < NOW() - INTERVAL '2 hours' THEN 1 END) as stale_equipment
        FROM locations l
        LEFT JOIN equipment e ON l.id = e.location_id
       GROUP BY l.id, l.name
2025-06-24T09:11:17.719Z [ERROR] Error detecting power outage: column e.updated_at does not exist
2025-06-24T09:11:17.726Z [ERROR] SQL error after 108ms: column o.id does not exist
2025-06-24T09:11:17.726Z [ERROR] Failed query: 
        SELECT 
          t.id,
          t.status,
          t.location_id,
          l.name as location_name,
          o.id as order_id,
          EXTRACT(hours FROM (NOW() - t.created_at)) as hours_since_created,
          EXTRACT(hours FROM (NOW() - t.updated_at)) as hours_since_updated
        FROM transports t
        JOIN orders o ON t.order_id = o.id
        JOIN locations l ON t.location_id = l.id
        WHERE t.status IN ('PENDING', 'IN_PROGRESS')
       ORDER BY t.created_at ASC
2025-06-24T09:11:17.727Z [ERROR] Error detecting transport issues: column o.id does not exist
2025-06-24T09:11:17.729Z [ERROR] SQL error after 111ms: column em.created_at does not exist
2025-06-24T09:11:17.730Z [ERROR] Failed query: 
        SELECT 
          e.id,
          e.name,
          e.type,
          e.status,
          e.location_id,
          l.name as location_name,
          EXTRACT(days FROM (NOW() - e.updated_at)) as days_since_update,
          COUNT(em.id) as recent_maintenance
        FROM equipment e
        JOIN locations l ON e.location_id = l.id
        LEFT JOIN equipment_maintenance em ON e.id = em.equipment_id 
          AND em.created_at >= NOW() - INTERVAL '30 days'
      
        GROUP BY e.id, e.name, e.type, e.status, e.location_id, l.name, e.updated_at
        HAVING e.status = 'OUT_OF_SERVICE' 
          OR EXTRACT(days FROM (NOW() - e.updated_at)) > 7
        ORDER BY days_since_update DESC
      
2025-06-24T09:11:17.731Z [ERROR] Error detecting equipment failures: column em.created_at does not exist
2025-06-24T09:11:17.731Z [INFO] Exception detection completed: 0 issues found
2025-06-24T09:11:17.732Z [INFO] Exception detection completed: 0 total issues found
2025-06-24T09:11:17.732Z [INFO] - Staff issues: 0
2025-06-24T09:11:17.732Z [INFO] - Power issues: 0
2025-06-24T09:11:17.732Z [INFO] - Equipment issues: 0
2025-06-24T09:11:17.733Z [INFO] - Transport issues: 0
2025-06-24T09:11:17.733Z [INFO] Creating notification: SYSTEM_STATUS_OK - LOW - All systems operational - no critical issues detected
2025-06-24T09:11:17.734Z [ERROR] Failed to send notification via websocket: WebSocket notification failed: broadcastToAllClients is not a function
2025-06-24T09:11:17.734Z [INFO] Exception detection completed successfully in 117ms
2025-06-24T09:11:17.734Z [INFO] Scheduler: Job 'exceptionDetection' completed, next run: Tue Jun 24 2025 12:12:17 GMT+0300 (Ora de vară a Europei de Est)
2025-06-24T09:13:17.509Z [INFO] Scheduler: Running job 'checkEquipmentStatus'
2025-06-24T09:13:17.510Z [INFO] CheckEquipmentStatus: Starting equipment monitoring job
2025-06-24T09:13:17.511Z [INFO] Starting equipment status check...
2025-06-24T09:13:17.586Z [ERROR] Error checking equipment status:
2025-06-24T09:13:17.587Z [ERROR] CheckEquipmentStatus: Job failed
2025-06-24T09:13:17.588Z [INFO] Scheduler: Job 'checkEquipmentStatus' completed, next run: Tue Jun 24 2025 12:14:17 GMT+0300 (Ora de vară a Europei de Est)
2025-06-24T09:13:17.589Z [INFO] Scheduler: Running job 'updateWeatherData'
2025-06-24T09:13:17.589Z [INFO] Starting weather data update job...
2025-06-24T09:13:17.590Z [INFO] Starting weather data update for all locations...
2025-06-24T09:13:17.597Z [ERROR] Error updating weather data:
2025-06-24T09:13:17.598Z [ERROR] Weather data update job failed:
2025-06-24T09:13:17.598Z [INFO] Scheduler: Job 'updateWeatherData' completed, next run: Tue Jun 24 2025 12:14:17 GMT+0300 (Ora de vară a Europei de Est)
2025-06-24T09:13:17.599Z [INFO] Scheduler: Running job 'exceptionDetection'
2025-06-24T09:13:17.599Z [INFO] Starting automated exception detection...
2025-06-24T09:13:17.600Z [INFO] Running comprehensive exception detection...
2025-06-24T09:13:17.605Z [ERROR] Error detecting staff unavailability: result.rows is not iterable
2025-06-24T09:13:17.687Z [ERROR] SQL error after 87ms: column e.updated_at does not exist
2025-06-24T09:13:17.687Z [ERROR] Failed query: 
        SELECT 
          l.id as location_id,
          l.name as location_name,
          COUNT(e.id) as total_equipment,
          COUNT(CASE WHEN e.status = 'OUT_OF_SERVICE' THEN 1 END) as out_of_service,
          COUNT(CASE WHEN e.updated_at < NOW() - INTERVAL '2 hours' THEN 1 END) as stale_equipment
        FROM locations l
        LEFT JOIN equipment e ON l.id = e.location_id
       GROUP BY l.id, l.name
2025-06-24T09:13:17.688Z [ERROR] Error detecting power outage: column e.updated_at does not exist
2025-06-24T09:13:17.692Z [ERROR] SQL error after 92ms: column o.id does not exist
2025-06-24T09:13:17.692Z [ERROR] Failed query: 
        SELECT 
          t.id,
          t.status,
          t.location_id,
          l.name as location_name,
          o.id as order_id,
          EXTRACT(hours FROM (NOW() - t.created_at)) as hours_since_created,
          EXTRACT(hours FROM (NOW() - t.updated_at)) as hours_since_updated
        FROM transports t
        JOIN orders o ON t.order_id = o.id
        JOIN locations l ON t.location_id = l.id
        WHERE t.status IN ('PENDING', 'IN_PROGRESS')
       ORDER BY t.created_at ASC
2025-06-24T09:13:17.693Z [ERROR] Error detecting transport issues: column o.id does not exist
2025-06-24T09:13:17.793Z [ERROR] SQL error after 193ms: column em.created_at does not exist
2025-06-24T09:13:17.794Z [ERROR] Failed query: 
        SELECT 
          e.id,
          e.name,
          e.type,
          e.status,
          e.location_id,
          l.name as location_name,
          EXTRACT(days FROM (NOW() - e.updated_at)) as days_since_update,
          COUNT(em.id) as recent_maintenance
        FROM equipment e
        JOIN locations l ON e.location_id = l.id
        LEFT JOIN equipment_maintenance em ON e.id = em.equipment_id 
          AND em.created_at >= NOW() - INTERVAL '30 days'
      
        GROUP BY e.id, e.name, e.type, e.status, e.location_id, l.name, e.updated_at
        HAVING e.status = 'OUT_OF_SERVICE' 
          OR EXTRACT(days FROM (NOW() - e.updated_at)) > 7
        ORDER BY days_since_update DESC
      
2025-06-24T09:13:17.795Z [ERROR] Error detecting equipment failures: column em.created_at does not exist
2025-06-24T09:13:17.796Z [INFO] Exception detection completed: 0 issues found
2025-06-24T09:13:17.796Z [INFO] Exception detection completed: 0 total issues found
2025-06-24T09:13:17.797Z [INFO] - Staff issues: 0
2025-06-24T09:13:17.797Z [INFO] - Power issues: 0
2025-06-24T09:13:17.798Z [INFO] - Equipment issues: 0
2025-06-24T09:13:17.798Z [INFO] - Transport issues: 0
2025-06-24T09:13:17.799Z [INFO] Creating notification: SYSTEM_STATUS_OK - LOW - All systems operational - no critical issues detected
2025-06-24T09:13:17.799Z [ERROR] Failed to send notification via websocket: WebSocket notification failed: broadcastToAllClients is not a function
2025-06-24T09:13:17.800Z [INFO] Exception detection completed successfully in 201ms
2025-06-24T09:13:17.800Z [INFO] Scheduler: Job 'exceptionDetection' completed, next run: Tue Jun 24 2025 12:14:17 GMT+0300 (Ora de vară a Europei de Est)
2025-06-24T09:15:17.527Z [INFO] Scheduler: Running job 'expandRecurrences'
2025-06-24T09:15:17.528Z [INFO] ExpandRecurrences: Starting job
2025-06-24T09:15:17.623Z [INFO] ExpandRecurrences: Job completed, created 0 new recurring orders
2025-06-24T09:15:17.624Z [INFO] Scheduler: Job 'expandRecurrences' completed, next run: Tue Jun 24 2025 12:15:00 GMT+0300 (Ora de vară a Europei de Est)
2025-06-24T09:15:17.624Z [INFO] Scheduler: Running job 'checkEquipmentStatus'
2025-06-24T09:15:17.625Z [INFO] CheckEquipmentStatus: Starting equipment monitoring job
2025-06-24T09:15:17.625Z [INFO] Starting equipment status check...
2025-06-24T09:15:17.633Z [ERROR] Error checking equipment status:
2025-06-24T09:15:17.634Z [ERROR] CheckEquipmentStatus: Job failed
2025-06-24T09:15:17.635Z [INFO] Scheduler: Job 'checkEquipmentStatus' completed, next run: Tue Jun 24 2025 12:16:17 GMT+0300 (Ora de vară a Europei de Est)
2025-06-24T09:15:17.635Z [INFO] Scheduler: Running job 'updateWeatherData'
2025-06-24T09:15:17.636Z [INFO] Starting weather data update job...
2025-06-24T09:15:17.636Z [INFO] Starting weather data update for all locations...
2025-06-24T09:15:17.641Z [ERROR] Error updating weather data:
2025-06-24T09:15:17.642Z [ERROR] Weather data update job failed:
2025-06-24T09:15:17.643Z [INFO] Scheduler: Job 'updateWeatherData' completed, next run: Tue Jun 24 2025 12:16:17 GMT+0300 (Ora de vară a Europei de Est)
2025-06-24T09:15:17.644Z [INFO] Scheduler: Running job 'exceptionDetection'
2025-06-24T09:15:17.644Z [INFO] Starting automated exception detection...
2025-06-24T09:15:17.645Z [INFO] Running comprehensive exception detection...
2025-06-24T09:15:17.650Z [ERROR] Error detecting staff unavailability: result.rows is not iterable
2025-06-24T09:15:17.752Z [ERROR] SQL error after 107ms: column em.created_at does not exist
2025-06-24T09:15:17.753Z [ERROR] Failed query: 
        SELECT 
          e.id,
          e.name,
          e.type,
          e.status,
          e.location_id,
          l.name as location_name,
          EXTRACT(days FROM (NOW() - e.updated_at)) as days_since_update,
          COUNT(em.id) as recent_maintenance
        FROM equipment e
        JOIN locations l ON e.location_id = l.id
        LEFT JOIN equipment_maintenance em ON e.id = em.equipment_id 
          AND em.created_at >= NOW() - INTERVAL '30 days'
      
        GROUP BY e.id, e.name, e.type, e.status, e.location_id, l.name, e.updated_at
        HAVING e.status = 'OUT_OF_SERVICE' 
          OR EXTRACT(days FROM (NOW() - e.updated_at)) > 7
        ORDER BY days_since_update DESC
      
2025-06-24T09:15:17.754Z [ERROR] Error detecting equipment failures: column em.created_at does not exist
2025-06-24T09:15:17.755Z [ERROR] SQL error after 110ms: column e.updated_at does not exist
2025-06-24T09:15:17.756Z [ERROR] Failed query: 
        SELECT 
          l.id as location_id,
          l.name as location_name,
          COUNT(e.id) as total_equipment,
          COUNT(CASE WHEN e.status = 'OUT_OF_SERVICE' THEN 1 END) as out_of_service,
          COUNT(CASE WHEN e.updated_at < NOW() - INTERVAL '2 hours' THEN 1 END) as stale_equipment
        FROM locations l
        LEFT JOIN equipment e ON l.id = e.location_id
       GROUP BY l.id, l.name
2025-06-24T09:15:17.756Z [ERROR] Error detecting power outage: column e.updated_at does not exist
2025-06-24T09:15:17.757Z [ERROR] SQL error after 111ms: column o.id does not exist
2025-06-24T09:15:17.758Z [ERROR] Failed query: 
        SELECT 
          t.id,
          t.status,
          t.location_id,
          l.name as location_name,
          o.id as order_id,
          EXTRACT(hours FROM (NOW() - t.created_at)) as hours_since_created,
          EXTRACT(hours FROM (NOW() - t.updated_at)) as hours_since_updated
        FROM transports t
        JOIN orders o ON t.order_id = o.id
        JOIN locations l ON t.location_id = l.id
        WHERE t.status IN ('PENDING', 'IN_PROGRESS')
       ORDER BY t.created_at ASC
2025-06-24T09:15:17.759Z [ERROR] Error detecting transport issues: column o.id does not exist
2025-06-24T09:15:17.759Z [INFO] Exception detection completed: 0 issues found
2025-06-24T09:15:17.760Z [INFO] Exception detection completed: 0 total issues found
2025-06-24T09:15:17.761Z [INFO] - Staff issues: 0
2025-06-24T09:15:17.761Z [INFO] - Power issues: 0
2025-06-24T09:15:17.762Z [INFO] - Equipment issues: 0
2025-06-24T09:15:17.762Z [INFO] - Transport issues: 0
2025-06-24T09:15:17.763Z [INFO] Creating notification: SYSTEM_STATUS_OK - LOW - All systems operational - no critical issues detected
2025-06-24T09:15:17.764Z [ERROR] Failed to send notification via websocket: WebSocket notification failed: broadcastToAllClients is not a function
2025-06-24T09:15:17.764Z [INFO] Exception detection completed successfully in 120ms
2025-06-24T09:15:17.765Z [INFO] Scheduler: Job 'exceptionDetection' completed, next run: Tue Jun 24 2025 12:16:17 GMT+0300 (Ora de vară a Europei de Est)
2025-06-24T09:16:17.535Z [INFO] Scheduler: Running job 'expandRecurrences'
2025-06-24T09:16:17.537Z [INFO] ExpandRecurrences: Starting job
2025-06-24T09:16:17.613Z [INFO] ExpandRecurrences: Job completed, created 0 new recurring orders
2025-06-24T09:16:17.613Z [INFO] Scheduler: Job 'expandRecurrences' completed, next run: Tue Jun 24 2025 12:20:00 GMT+0300 (Ora de vară a Europei de Est)
2025-06-24T09:17:17.539Z [INFO] Scheduler: Running job 'checkEquipmentStatus'
2025-06-24T09:17:17.540Z [INFO] CheckEquipmentStatus: Starting equipment monitoring job
2025-06-24T09:17:17.541Z [INFO] Starting equipment status check...
2025-06-24T09:17:17.643Z [ERROR] Error checking equipment status:
2025-06-24T09:17:17.644Z [ERROR] CheckEquipmentStatus: Job failed
2025-06-24T09:17:17.644Z [INFO] Scheduler: Job 'checkEquipmentStatus' completed, next run: Tue Jun 24 2025 12:18:17 GMT+0300 (Ora de vară a Europei de Est)
2025-06-24T09:17:17.645Z [INFO] Scheduler: Running job 'updateWeatherData'
2025-06-24T09:17:17.646Z [INFO] Starting weather data update job...
2025-06-24T09:17:17.646Z [INFO] Starting weather data update for all locations...
2025-06-24T09:17:17.652Z [ERROR] Error updating weather data:
2025-06-24T09:17:17.653Z [ERROR] Weather data update job failed:
2025-06-24T09:17:17.653Z [INFO] Scheduler: Job 'updateWeatherData' completed, next run: Tue Jun 24 2025 12:18:17 GMT+0300 (Ora de vară a Europei de Est)
2025-06-24T09:17:17.654Z [INFO] Scheduler: Running job 'exceptionDetection'
2025-06-24T09:17:17.654Z [INFO] Starting automated exception detection...
2025-06-24T09:17:17.655Z [INFO] Running comprehensive exception detection...
2025-06-24T09:17:17.662Z [ERROR] Error detecting staff unavailability: result.rows is not iterable
2025-06-24T09:17:17.764Z [ERROR] SQL error after 109ms: column em.created_at does not exist
2025-06-24T09:17:17.765Z [ERROR] Failed query: 
        SELECT 
          e.id,
          e.name,
          e.type,
          e.status,
          e.location_id,
          l.name as location_name,
          EXTRACT(days FROM (NOW() - e.updated_at)) as days_since_update,
          COUNT(em.id) as recent_maintenance
        FROM equipment e
        JOIN locations l ON e.location_id = l.id
        LEFT JOIN equipment_maintenance em ON e.id = em.equipment_id 
          AND em.created_at >= NOW() - INTERVAL '30 days'
      
        GROUP BY e.id, e.name, e.type, e.status, e.location_id, l.name, e.updated_at
        HAVING e.status = 'OUT_OF_SERVICE' 
          OR EXTRACT(days FROM (NOW() - e.updated_at)) > 7
        ORDER BY days_since_update DESC
      
2025-06-24T09:17:17.766Z [ERROR] Error detecting equipment failures: column em.created_at does not exist
2025-06-24T09:17:17.768Z [ERROR] SQL error after 113ms: column o.id does not exist
2025-06-24T09:17:17.769Z [ERROR] Failed query: 
        SELECT 
          t.id,
          t.status,
          t.location_id,
          l.name as location_name,
          o.id as order_id,
          EXTRACT(hours FROM (NOW() - t.created_at)) as hours_since_created,
          EXTRACT(hours FROM (NOW() - t.updated_at)) as hours_since_updated
        FROM transports t
        JOIN orders o ON t.order_id = o.id
        JOIN locations l ON t.location_id = l.id
        WHERE t.status IN ('PENDING', 'IN_PROGRESS')
       ORDER BY t.created_at ASC
2025-06-24T09:17:17.769Z [ERROR] Error detecting transport issues: column o.id does not exist
2025-06-24T09:17:17.829Z [ERROR] SQL error after 174ms: column e.updated_at does not exist
2025-06-24T09:17:17.830Z [ERROR] Failed query: 
        SELECT 
          l.id as location_id,
          l.name as location_name,
          COUNT(e.id) as total_equipment,
          COUNT(CASE WHEN e.status = 'OUT_OF_SERVICE' THEN 1 END) as out_of_service,
          COUNT(CASE WHEN e.updated_at < NOW() - INTERVAL '2 hours' THEN 1 END) as stale_equipment
        FROM locations l
        LEFT JOIN equipment e ON l.id = e.location_id
       GROUP BY l.id, l.name
2025-06-24T09:17:17.832Z [ERROR] Error detecting power outage: column e.updated_at does not exist
2025-06-24T09:17:17.832Z [INFO] Exception detection completed: 0 issues found
2025-06-24T09:17:17.833Z [INFO] Exception detection completed: 0 total issues found
2025-06-24T09:17:17.833Z [INFO] - Staff issues: 0
2025-06-24T09:17:17.834Z [INFO] - Power issues: 0
2025-06-24T09:17:17.834Z [INFO] - Equipment issues: 0
2025-06-24T09:17:17.835Z [INFO] - Transport issues: 0
2025-06-24T09:17:17.835Z [INFO] Creating notification: SYSTEM_STATUS_OK - LOW - All systems operational - no critical issues detected
2025-06-24T09:17:17.836Z [ERROR] Failed to send notification via websocket: WebSocket notification failed: broadcastToAllClients is not a function
2025-06-24T09:17:17.836Z [INFO] Exception detection completed successfully in 182ms
2025-06-24T09:17:17.837Z [INFO] Scheduler: Job 'exceptionDetection' completed, next run: Tue Jun 24 2025 12:18:17 GMT+0300 (Ora de vară a Europei de Est)
2025-06-24T09:19:17.561Z [INFO] Scheduler: Running job 'checkEquipmentStatus'
2025-06-24T09:19:17.562Z [INFO] CheckEquipmentStatus: Starting equipment monitoring job
2025-06-24T09:19:17.562Z [INFO] Starting equipment status check...
2025-06-24T09:19:17.611Z [ERROR] Error checking equipment status:
2025-06-24T09:19:17.611Z [ERROR] CheckEquipmentStatus: Job failed
2025-06-24T09:19:17.612Z [INFO] Scheduler: Job 'checkEquipmentStatus' completed, next run: Tue Jun 24 2025 12:20:17 GMT+0300 (Ora de vară a Europei de Est)
2025-06-24T09:19:17.612Z [INFO] Scheduler: Running job 'updateWeatherData'
2025-06-24T09:19:17.612Z [INFO] Starting weather data update job...
2025-06-24T09:19:17.613Z [INFO] Starting weather data update for all locations...
2025-06-24T09:19:17.615Z [ERROR] Error updating weather data:
2025-06-24T09:19:17.616Z [ERROR] Weather data update job failed:
2025-06-24T09:19:17.616Z [INFO] Scheduler: Job 'updateWeatherData' completed, next run: Tue Jun 24 2025 12:20:17 GMT+0300 (Ora de vară a Europei de Est)
2025-06-24T09:19:17.616Z [INFO] Scheduler: Running job 'exceptionDetection'
2025-06-24T09:19:17.616Z [INFO] Starting automated exception detection...
2025-06-24T09:19:17.617Z [INFO] Running comprehensive exception detection...
2025-06-24T09:19:17.621Z [ERROR] Error detecting staff unavailability: result.rows is not iterable
2025-06-24T09:19:17.673Z [ERROR] SQL error after 56ms: column e.updated_at does not exist
2025-06-24T09:19:17.673Z [ERROR] Failed query: 
        SELECT 
          l.id as location_id,
          l.name as location_name,
          COUNT(e.id) as total_equipment,
          COUNT(CASE WHEN e.status = 'OUT_OF_SERVICE' THEN 1 END) as out_of_service,
          COUNT(CASE WHEN e.updated_at < NOW() - INTERVAL '2 hours' THEN 1 END) as stale_equipment
        FROM locations l
        LEFT JOIN equipment e ON l.id = e.location_id
       GROUP BY l.id, l.name
2025-06-24T09:19:17.674Z [ERROR] Error detecting power outage: column e.updated_at does not exist
2025-06-24T09:19:17.680Z [ERROR] SQL error after 63ms: column em.created_at does not exist
2025-06-24T09:19:17.680Z [ERROR] Failed query: 
        SELECT 
          e.id,
          e.name,
          e.type,
          e.status,
          e.location_id,
          l.name as location_name,
          EXTRACT(days FROM (NOW() - e.updated_at)) as days_since_update,
          COUNT(em.id) as recent_maintenance
        FROM equipment e
        JOIN locations l ON e.location_id = l.id
        LEFT JOIN equipment_maintenance em ON e.id = em.equipment_id 
          AND em.created_at >= NOW() - INTERVAL '30 days'
      
        GROUP BY e.id, e.name, e.type, e.status, e.location_id, l.name, e.updated_at
        HAVING e.status = 'OUT_OF_SERVICE' 
          OR EXTRACT(days FROM (NOW() - e.updated_at)) > 7
        ORDER BY days_since_update DESC
      
2025-06-24T09:19:17.681Z [ERROR] Error detecting equipment failures: column em.created_at does not exist
2025-06-24T09:19:17.682Z [ERROR] SQL error after 65ms: column o.id does not exist
2025-06-24T09:19:17.683Z [ERROR] Failed query: 
        SELECT 
          t.id,
          t.status,
          t.location_id,
          l.name as location_name,
          o.id as order_id,
          EXTRACT(hours FROM (NOW() - t.created_at)) as hours_since_created,
          EXTRACT(hours FROM (NOW() - t.updated_at)) as hours_since_updated
        FROM transports t
        JOIN orders o ON t.order_id = o.id
        JOIN locations l ON t.location_id = l.id
        WHERE t.status IN ('PENDING', 'IN_PROGRESS')
       ORDER BY t.created_at ASC
2025-06-24T09:19:17.683Z [ERROR] Error detecting transport issues: column o.id does not exist
2025-06-24T09:19:17.684Z [INFO] Exception detection completed: 0 issues found
2025-06-24T09:19:17.684Z [INFO] Exception detection completed: 0 total issues found
2025-06-24T09:19:17.684Z [INFO] - Staff issues: 0
2025-06-24T09:19:17.684Z [INFO] - Power issues: 0
2025-06-24T09:19:17.685Z [INFO] - Equipment issues: 0
2025-06-24T09:19:17.685Z [INFO] - Transport issues: 0
2025-06-24T09:19:17.685Z [INFO] Creating notification: SYSTEM_STATUS_OK - LOW - All systems operational - no critical issues detected
2025-06-24T09:19:17.685Z [ERROR] Failed to send notification via websocket: WebSocket notification failed: broadcastToAllClients is not a function
2025-06-24T09:19:17.686Z [INFO] Exception detection completed successfully in 70ms
2025-06-24T09:19:17.686Z [INFO] Scheduler: Job 'exceptionDetection' completed, next run: Tue Jun 24 2025 12:20:17 GMT+0300 (Ora de vară a Europei de Est)
2025-06-24T09:20:17.572Z [INFO] Scheduler: Running job 'expandRecurrences'
2025-06-24T09:20:17.573Z [INFO] ExpandRecurrences: Starting job
2025-06-24T09:20:17.639Z [INFO] ExpandRecurrences: Job completed, created 0 new recurring orders
2025-06-24T09:20:17.639Z [INFO] Scheduler: Job 'expandRecurrences' completed, next run: Tue Jun 24 2025 12:20:00 GMT+0300 (Ora de vară a Europei de Est)
2025-06-24T09:21:17.588Z [INFO] Scheduler: Running job 'expandRecurrences'
2025-06-24T09:21:17.589Z [INFO] ExpandRecurrences: Starting job
2025-06-24T09:21:17.668Z [INFO] ExpandRecurrences: Job completed, created 0 new recurring orders
2025-06-24T09:21:17.669Z [INFO] Scheduler: Job 'expandRecurrences' completed, next run: Tue Jun 24 2025 12:25:00 GMT+0300 (Ora de vară a Europei de Est)
2025-06-24T09:21:17.669Z [INFO] Scheduler: Running job 'checkEquipmentStatus'
2025-06-24T09:21:17.669Z [INFO] CheckEquipmentStatus: Starting equipment monitoring job
2025-06-24T09:21:17.670Z [INFO] Starting equipment status check...
2025-06-24T09:21:17.675Z [ERROR] Error checking equipment status:
2025-06-24T09:21:17.676Z [ERROR] CheckEquipmentStatus: Job failed
2025-06-24T09:21:17.677Z [INFO] Scheduler: Job 'checkEquipmentStatus' completed, next run: Tue Jun 24 2025 12:22:17 GMT+0300 (Ora de vară a Europei de Est)
2025-06-24T09:21:17.677Z [INFO] Scheduler: Running job 'updateWeatherData'
2025-06-24T09:21:17.678Z [INFO] Starting weather data update job...
2025-06-24T09:21:17.678Z [INFO] Starting weather data update for all locations...
2025-06-24T09:21:17.683Z [ERROR] Error updating weather data:
2025-06-24T09:21:17.684Z [ERROR] Weather data update job failed:
2025-06-24T09:21:17.684Z [INFO] Scheduler: Job 'updateWeatherData' completed, next run: Tue Jun 24 2025 12:22:17 GMT+0300 (Ora de vară a Europei de Est)
2025-06-24T09:21:17.685Z [INFO] Scheduler: Running job 'exceptionDetection'
2025-06-24T09:21:17.685Z [INFO] Starting automated exception detection...
2025-06-24T09:21:17.686Z [INFO] Running comprehensive exception detection...
2025-06-24T09:21:17.691Z [ERROR] Error detecting staff unavailability: result.rows is not iterable
2025-06-24T09:21:17.764Z [ERROR] SQL error after 78ms: column e.updated_at does not exist
2025-06-24T09:21:17.765Z [ERROR] Failed query: 
        SELECT 
          l.id as location_id,
          l.name as location_name,
          COUNT(e.id) as total_equipment,
          COUNT(CASE WHEN e.status = 'OUT_OF_SERVICE' THEN 1 END) as out_of_service,
          COUNT(CASE WHEN e.updated_at < NOW() - INTERVAL '2 hours' THEN 1 END) as stale_equipment
        FROM locations l
        LEFT JOIN equipment e ON l.id = e.location_id
       GROUP BY l.id, l.name
2025-06-24T09:21:17.766Z [ERROR] Error detecting power outage: column e.updated_at does not exist
2025-06-24T09:21:17.770Z [ERROR] SQL error after 84ms: column o.id does not exist
2025-06-24T09:21:17.770Z [ERROR] Failed query: 
        SELECT 
          t.id,
          t.status,
          t.location_id,
          l.name as location_name,
          o.id as order_id,
          EXTRACT(hours FROM (NOW() - t.created_at)) as hours_since_created,
          EXTRACT(hours FROM (NOW() - t.updated_at)) as hours_since_updated
        FROM transports t
        JOIN orders o ON t.order_id = o.id
        JOIN locations l ON t.location_id = l.id
        WHERE t.status IN ('PENDING', 'IN_PROGRESS')
       ORDER BY t.created_at ASC
2025-06-24T09:21:17.771Z [ERROR] Error detecting transport issues: column o.id does not exist
2025-06-24T09:21:17.860Z [ERROR] SQL error after 174ms: column em.created_at does not exist
2025-06-24T09:21:17.861Z [ERROR] Failed query: 
        SELECT 
          e.id,
          e.name,
          e.type,
          e.status,
          e.location_id,
          l.name as location_name,
          EXTRACT(days FROM (NOW() - e.updated_at)) as days_since_update,
          COUNT(em.id) as recent_maintenance
        FROM equipment e
        JOIN locations l ON e.location_id = l.id
        LEFT JOIN equipment_maintenance em ON e.id = em.equipment_id 
          AND em.created_at >= NOW() - INTERVAL '30 days'
      
        GROUP BY e.id, e.name, e.type, e.status, e.location_id, l.name, e.updated_at
        HAVING e.status = 'OUT_OF_SERVICE' 
          OR EXTRACT(days FROM (NOW() - e.updated_at)) > 7
        ORDER BY days_since_update DESC
      
2025-06-24T09:21:17.862Z [ERROR] Error detecting equipment failures: column em.created_at does not exist
2025-06-24T09:21:17.862Z [INFO] Exception detection completed: 0 issues found
2025-06-24T09:21:17.863Z [INFO] Exception detection completed: 0 total issues found
2025-06-24T09:21:17.863Z [INFO] - Staff issues: 0
2025-06-24T09:21:17.863Z [INFO] - Power issues: 0
2025-06-24T09:21:17.863Z [INFO] - Equipment issues: 0
2025-06-24T09:21:17.864Z [INFO] - Transport issues: 0
2025-06-24T09:21:17.864Z [INFO] Creating notification: SYSTEM_STATUS_OK - LOW - All systems operational - no critical issues detected
2025-06-24T09:21:17.865Z [ERROR] Failed to send notification via websocket: WebSocket notification failed: broadcastToAllClients is not a function
2025-06-24T09:21:17.865Z [INFO] Exception detection completed successfully in 180ms
2025-06-24T09:21:17.865Z [INFO] Scheduler: Job 'exceptionDetection' completed, next run: Tue Jun 24 2025 12:22:17 GMT+0300 (Ora de vară a Europei de Est)
2025-06-24T09:23:17.606Z [INFO] Scheduler: Running job 'checkEquipmentStatus'
2025-06-24T09:23:17.607Z [INFO] CheckEquipmentStatus: Starting equipment monitoring job
2025-06-24T09:23:17.608Z [INFO] Starting equipment status check...
2025-06-24T09:23:17.671Z [ERROR] Error checking equipment status:
2025-06-24T09:23:17.671Z [ERROR] CheckEquipmentStatus: Job failed
2025-06-24T09:23:17.672Z [INFO] Scheduler: Job 'checkEquipmentStatus' completed, next run: Tue Jun 24 2025 12:24:17 GMT+0300 (Ora de vară a Europei de Est)
2025-06-24T09:23:17.672Z [INFO] Scheduler: Running job 'updateWeatherData'
2025-06-24T09:23:17.672Z [INFO] Starting weather data update job...
2025-06-24T09:23:17.672Z [INFO] Starting weather data update for all locations...
2025-06-24T09:23:17.675Z [ERROR] Error updating weather data:
2025-06-24T09:23:17.675Z [ERROR] Weather data update job failed:
2025-06-24T09:23:17.675Z [INFO] Scheduler: Job 'updateWeatherData' completed, next run: Tue Jun 24 2025 12:24:17 GMT+0300 (Ora de vară a Europei de Est)
2025-06-24T09:23:17.675Z [INFO] Scheduler: Running job 'exceptionDetection'
2025-06-24T09:23:17.676Z [INFO] Starting automated exception detection...
2025-06-24T09:23:17.676Z [INFO] Running comprehensive exception detection...
2025-06-24T09:23:17.678Z [ERROR] Error detecting staff unavailability: result.rows is not iterable
2025-06-24T09:23:17.745Z [ERROR] SQL error after 69ms: column e.updated_at does not exist
2025-06-24T09:23:17.745Z [ERROR] Failed query: 
        SELECT 
          l.id as location_id,
          l.name as location_name,
          COUNT(e.id) as total_equipment,
          COUNT(CASE WHEN e.status = 'OUT_OF_SERVICE' THEN 1 END) as out_of_service,
          COUNT(CASE WHEN e.updated_at < NOW() - INTERVAL '2 hours' THEN 1 END) as stale_equipment
        FROM locations l
        LEFT JOIN equipment e ON l.id = e.location_id
       GROUP BY l.id, l.name
2025-06-24T09:23:17.746Z [ERROR] Error detecting power outage: column e.updated_at does not exist
2025-06-24T09:23:17.748Z [ERROR] SQL error after 72ms: column em.created_at does not exist
2025-06-24T09:23:17.748Z [ERROR] Failed query: 
        SELECT 
          e.id,
          e.name,
          e.type,
          e.status,
          e.location_id,
          l.name as location_name,
          EXTRACT(days FROM (NOW() - e.updated_at)) as days_since_update,
          COUNT(em.id) as recent_maintenance
        FROM equipment e
        JOIN locations l ON e.location_id = l.id
        LEFT JOIN equipment_maintenance em ON e.id = em.equipment_id 
          AND em.created_at >= NOW() - INTERVAL '30 days'
      
        GROUP BY e.id, e.name, e.type, e.status, e.location_id, l.name, e.updated_at
        HAVING e.status = 'OUT_OF_SERVICE' 
          OR EXTRACT(days FROM (NOW() - e.updated_at)) > 7
        ORDER BY days_since_update DESC
      
2025-06-24T09:23:17.749Z [ERROR] Error detecting equipment failures: column em.created_at does not exist
2025-06-24T09:23:17.754Z [ERROR] SQL error after 78ms: column o.id does not exist
2025-06-24T09:23:17.754Z [ERROR] Failed query: 
        SELECT 
          t.id,
          t.status,
          t.location_id,
          l.name as location_name,
          o.id as order_id,
          EXTRACT(hours FROM (NOW() - t.created_at)) as hours_since_created,
          EXTRACT(hours FROM (NOW() - t.updated_at)) as hours_since_updated
        FROM transports t
        JOIN orders o ON t.order_id = o.id
        JOIN locations l ON t.location_id = l.id
        WHERE t.status IN ('PENDING', 'IN_PROGRESS')
       ORDER BY t.created_at ASC
2025-06-24T09:23:17.755Z [ERROR] Error detecting transport issues: column o.id does not exist
2025-06-24T09:23:17.755Z [INFO] Exception detection completed: 0 issues found
2025-06-24T09:23:17.756Z [INFO] Exception detection completed: 0 total issues found
2025-06-24T09:23:17.756Z [INFO] - Staff issues: 0
2025-06-24T09:23:17.757Z [INFO] - Power issues: 0
2025-06-24T09:23:17.757Z [INFO] - Equipment issues: 0
2025-06-24T09:23:17.757Z [INFO] - Transport issues: 0
2025-06-24T09:23:17.758Z [INFO] Creating notification: SYSTEM_STATUS_OK - LOW - All systems operational - no critical issues detected
2025-06-24T09:23:17.758Z [ERROR] Failed to send notification via websocket: WebSocket notification failed: broadcastToAllClients is not a function
2025-06-24T09:23:17.758Z [INFO] Exception detection completed successfully in 82ms
2025-06-24T09:23:17.759Z [INFO] Scheduler: Job 'exceptionDetection' completed, next run: Tue Jun 24 2025 12:24:17 GMT+0300 (Ora de vară a Europei de Est)
2025-06-24T09:25:17.631Z [INFO] Scheduler: Running job 'expandRecurrences'
2025-06-24T09:25:17.632Z [INFO] ExpandRecurrences: Starting job
2025-06-24T09:25:17.725Z [INFO] ExpandRecurrences: Job completed, created 0 new recurring orders
2025-06-24T09:25:17.726Z [INFO] Scheduler: Job 'expandRecurrences' completed, next run: Tue Jun 24 2025 12:25:00 GMT+0300 (Ora de vară a Europei de Est)
2025-06-24T09:25:17.726Z [INFO] Scheduler: Running job 'checkEquipmentStatus'
2025-06-24T09:25:17.727Z [INFO] CheckEquipmentStatus: Starting equipment monitoring job
2025-06-24T09:25:17.727Z [INFO] Starting equipment status check...
2025-06-24T09:25:17.734Z [ERROR] Error checking equipment status:
2025-06-24T09:25:17.735Z [ERROR] CheckEquipmentStatus: Job failed
2025-06-24T09:25:17.736Z [INFO] Scheduler: Job 'checkEquipmentStatus' completed, next run: Tue Jun 24 2025 12:26:17 GMT+0300 (Ora de vară a Europei de Est)
2025-06-24T09:25:17.736Z [INFO] Scheduler: Running job 'updateWeatherData'
2025-06-24T09:25:17.737Z [INFO] Starting weather data update job...
2025-06-24T09:25:17.737Z [INFO] Starting weather data update for all locations...
2025-06-24T09:25:17.742Z [ERROR] Error updating weather data:
2025-06-24T09:25:17.743Z [ERROR] Weather data update job failed:
2025-06-24T09:25:17.743Z [INFO] Scheduler: Job 'updateWeatherData' completed, next run: Tue Jun 24 2025 12:26:17 GMT+0300 (Ora de vară a Europei de Est)
2025-06-24T09:25:17.744Z [INFO] Scheduler: Running job 'exceptionDetection'
2025-06-24T09:25:17.745Z [INFO] Starting automated exception detection...
2025-06-24T09:25:17.745Z [INFO] Running comprehensive exception detection...
2025-06-24T09:25:17.751Z [ERROR] Error detecting staff unavailability: result.rows is not iterable
2025-06-24T09:25:17.827Z [ERROR] SQL error after 81ms: column e.updated_at does not exist
2025-06-24T09:25:17.828Z [ERROR] Failed query: 
        SELECT 
          l.id as location_id,
          l.name as location_name,
          COUNT(e.id) as total_equipment,
          COUNT(CASE WHEN e.status = 'OUT_OF_SERVICE' THEN 1 END) as out_of_service,
          COUNT(CASE WHEN e.updated_at < NOW() - INTERVAL '2 hours' THEN 1 END) as stale_equipment
        FROM locations l
        LEFT JOIN equipment e ON l.id = e.location_id
       GROUP BY l.id, l.name
2025-06-24T09:25:17.829Z [ERROR] Error detecting power outage: column e.updated_at does not exist
2025-06-24T09:25:17.836Z [ERROR] SQL error after 90ms: column em.created_at does not exist
2025-06-24T09:25:17.836Z [ERROR] Failed query: 
        SELECT 
          e.id,
          e.name,
          e.type,
          e.status,
          e.location_id,
          l.name as location_name,
          EXTRACT(days FROM (NOW() - e.updated_at)) as days_since_update,
          COUNT(em.id) as recent_maintenance
        FROM equipment e
        JOIN locations l ON e.location_id = l.id
        LEFT JOIN equipment_maintenance em ON e.id = em.equipment_id 
          AND em.created_at >= NOW() - INTERVAL '30 days'
      
        GROUP BY e.id, e.name, e.type, e.status, e.location_id, l.name, e.updated_at
        HAVING e.status = 'OUT_OF_SERVICE' 
          OR EXTRACT(days FROM (NOW() - e.updated_at)) > 7
        ORDER BY days_since_update DESC
      
2025-06-24T09:25:17.837Z [ERROR] Error detecting equipment failures: column em.created_at does not exist
2025-06-24T09:25:17.838Z [ERROR] SQL error after 92ms: column o.id does not exist
2025-06-24T09:25:17.839Z [ERROR] Failed query: 
        SELECT 
          t.id,
          t.status,
          t.location_id,
          l.name as location_name,
          o.id as order_id,
          EXTRACT(hours FROM (NOW() - t.created_at)) as hours_since_created,
          EXTRACT(hours FROM (NOW() - t.updated_at)) as hours_since_updated
        FROM transports t
        JOIN orders o ON t.order_id = o.id
        JOIN locations l ON t.location_id = l.id
        WHERE t.status IN ('PENDING', 'IN_PROGRESS')
       ORDER BY t.created_at ASC
2025-06-24T09:25:17.839Z [ERROR] Error detecting transport issues: column o.id does not exist
2025-06-24T09:25:17.840Z [INFO] Exception detection completed: 0 issues found
2025-06-24T09:25:17.840Z [INFO] Exception detection completed: 0 total issues found
2025-06-24T09:25:17.841Z [INFO] - Staff issues: 0
2025-06-24T09:25:17.841Z [INFO] - Power issues: 0
2025-06-24T09:25:17.841Z [INFO] - Equipment issues: 0
2025-06-24T09:25:17.842Z [INFO] - Transport issues: 0
2025-06-24T09:25:17.842Z [INFO] Creating notification: SYSTEM_STATUS_OK - LOW - All systems operational - no critical issues detected
2025-06-24T09:25:17.843Z [ERROR] Failed to send notification via websocket: WebSocket notification failed: broadcastToAllClients is not a function
2025-06-24T09:25:17.843Z [INFO] Exception detection completed successfully in 98ms
2025-06-24T09:25:17.844Z [INFO] Scheduler: Job 'exceptionDetection' completed, next run: Tue Jun 24 2025 12:26:17 GMT+0300 (Ora de vară a Europei de Est)
2025-06-24T09:26:17.639Z [INFO] Scheduler: Running job 'expandRecurrences'
2025-06-24T09:26:17.640Z [INFO] ExpandRecurrences: Starting job
2025-06-24T09:26:17.726Z [INFO] ExpandRecurrences: Job completed, created 0 new recurring orders
2025-06-24T09:26:17.727Z [INFO] Scheduler: Job 'expandRecurrences' completed, next run: Tue Jun 24 2025 12:30:00 GMT+0300 (Ora de vară a Europei de Est)
2025-06-24T09:27:17.643Z [INFO] Scheduler: Running job 'checkEquipmentStatus'
2025-06-24T09:27:17.645Z [INFO] CheckEquipmentStatus: Starting equipment monitoring job
2025-06-24T09:27:17.645Z [INFO] Starting equipment status check...
2025-06-24T09:27:17.809Z [ERROR] Error checking equipment status:
2025-06-24T09:27:17.809Z [ERROR] CheckEquipmentStatus: Job failed
2025-06-24T09:27:17.810Z [INFO] Scheduler: Job 'checkEquipmentStatus' completed, next run: Tue Jun 24 2025 12:28:17 GMT+0300 (Ora de vară a Europei de Est)
2025-06-24T09:27:17.810Z [INFO] Scheduler: Running job 'updateWeatherData'
2025-06-24T09:27:17.810Z [INFO] Starting weather data update job...
2025-06-24T09:27:17.811Z [INFO] Starting weather data update for all locations...
2025-06-24T09:27:17.813Z [ERROR] Error updating weather data:
2025-06-24T09:27:17.813Z [ERROR] Weather data update job failed:
2025-06-24T09:27:17.814Z [INFO] Scheduler: Job 'updateWeatherData' completed, next run: Tue Jun 24 2025 12:28:17 GMT+0300 (Ora de vară a Europei de Est)
2025-06-24T09:27:17.814Z [INFO] Scheduler: Running job 'exceptionDetection'
2025-06-24T09:27:17.814Z [INFO] Starting automated exception detection...
2025-06-24T09:27:17.815Z [INFO] Running comprehensive exception detection...
2025-06-24T09:27:17.819Z [ERROR] Error detecting staff unavailability: result.rows is not iterable
2025-06-24T09:27:17.900Z [ERROR] SQL error after 85ms: column e.updated_at does not exist
2025-06-24T09:27:17.901Z [ERROR] Failed query: 
        SELECT 
          l.id as location_id,
          l.name as location_name,
          COUNT(e.id) as total_equipment,
          COUNT(CASE WHEN e.status = 'OUT_OF_SERVICE' THEN 1 END) as out_of_service,
          COUNT(CASE WHEN e.updated_at < NOW() - INTERVAL '2 hours' THEN 1 END) as stale_equipment
        FROM locations l
        LEFT JOIN equipment e ON l.id = e.location_id
       GROUP BY l.id, l.name
2025-06-24T09:27:17.902Z [ERROR] Error detecting power outage: column e.updated_at does not exist
2025-06-24T09:27:17.903Z [ERROR] SQL error after 88ms: column em.created_at does not exist
2025-06-24T09:27:17.904Z [ERROR] Failed query: 
        SELECT 
          e.id,
          e.name,
          e.type,
          e.status,
          e.location_id,
          l.name as location_name,
          EXTRACT(days FROM (NOW() - e.updated_at)) as days_since_update,
          COUNT(em.id) as recent_maintenance
        FROM equipment e
        JOIN locations l ON e.location_id = l.id
        LEFT JOIN equipment_maintenance em ON e.id = em.equipment_id 
          AND em.created_at >= NOW() - INTERVAL '30 days'
      
        GROUP BY e.id, e.name, e.type, e.status, e.location_id, l.name, e.updated_at
        HAVING e.status = 'OUT_OF_SERVICE' 
          OR EXTRACT(days FROM (NOW() - e.updated_at)) > 7
        ORDER BY days_since_update DESC
      
2025-06-24T09:27:17.905Z [ERROR] Error detecting equipment failures: column em.created_at does not exist
2025-06-24T09:27:17.907Z [ERROR] SQL error after 92ms: column o.id does not exist
2025-06-24T09:27:17.908Z [ERROR] Failed query: 
        SELECT 
          t.id,
          t.status,
          t.location_id,
          l.name as location_name,
          o.id as order_id,
          EXTRACT(hours FROM (NOW() - t.created_at)) as hours_since_created,
          EXTRACT(hours FROM (NOW() - t.updated_at)) as hours_since_updated
        FROM transports t
        JOIN orders o ON t.order_id = o.id
        JOIN locations l ON t.location_id = l.id
        WHERE t.status IN ('PENDING', 'IN_PROGRESS')
       ORDER BY t.created_at ASC
2025-06-24T09:27:17.908Z [ERROR] Error detecting transport issues: column o.id does not exist
2025-06-24T09:27:17.909Z [INFO] Exception detection completed: 0 issues found
2025-06-24T09:27:17.909Z [INFO] Exception detection completed: 0 total issues found
2025-06-24T09:27:17.910Z [INFO] - Staff issues: 0
2025-06-24T09:27:17.911Z [INFO] - Power issues: 0
2025-06-24T09:27:17.911Z [INFO] - Equipment issues: 0
2025-06-24T09:27:17.911Z [INFO] - Transport issues: 0
2025-06-24T09:27:17.912Z [INFO] Creating notification: SYSTEM_STATUS_OK - LOW - All systems operational - no critical issues detected
2025-06-24T09:27:17.913Z [ERROR] Failed to send notification via websocket: WebSocket notification failed: broadcastToAllClients is not a function
2025-06-24T09:27:17.913Z [INFO] Exception detection completed successfully in 99ms
2025-06-24T09:27:17.914Z [INFO] Scheduler: Job 'exceptionDetection' completed, next run: Tue Jun 24 2025 12:28:17 GMT+0300 (Ora de vară a Europei de Est)
2025-06-24T09:29:17.659Z [INFO] Scheduler: Running job 'checkEquipmentStatus'
2025-06-24T09:29:17.660Z [INFO] CheckEquipmentStatus: Starting equipment monitoring job
2025-06-24T09:29:17.661Z [INFO] Starting equipment status check...
2025-06-24T09:29:17.734Z [ERROR] Error checking equipment status:
2025-06-24T09:29:17.735Z [ERROR] CheckEquipmentStatus: Job failed
2025-06-24T09:29:17.736Z [INFO] Scheduler: Job 'checkEquipmentStatus' completed, next run: Tue Jun 24 2025 12:30:17 GMT+0300 (Ora de vară a Europei de Est)
2025-06-24T09:29:17.736Z [INFO] Scheduler: Running job 'updateWeatherData'
2025-06-24T09:29:17.736Z [INFO] Starting weather data update job...
2025-06-24T09:29:17.737Z [INFO] Starting weather data update for all locations...
2025-06-24T09:29:17.740Z [ERROR] Error updating weather data:
2025-06-24T09:29:17.740Z [ERROR] Weather data update job failed:
2025-06-24T09:29:17.741Z [INFO] Scheduler: Job 'updateWeatherData' completed, next run: Tue Jun 24 2025 12:30:17 GMT+0300 (Ora de vară a Europei de Est)
2025-06-24T09:29:17.741Z [INFO] Scheduler: Running job 'exceptionDetection'
2025-06-24T09:29:17.742Z [INFO] Starting automated exception detection...
2025-06-24T09:29:17.742Z [INFO] Running comprehensive exception detection...
2025-06-24T09:29:17.744Z [ERROR] Error detecting staff unavailability: result.rows is not iterable
2025-06-24T09:29:17.815Z [ERROR] SQL error after 73ms: column e.updated_at does not exist
2025-06-24T09:29:17.816Z [ERROR] Failed query: 
        SELECT 
          l.id as location_id,
          l.name as location_name,
          COUNT(e.id) as total_equipment,
          COUNT(CASE WHEN e.status = 'OUT_OF_SERVICE' THEN 1 END) as out_of_service,
          COUNT(CASE WHEN e.updated_at < NOW() - INTERVAL '2 hours' THEN 1 END) as stale_equipment
        FROM locations l
        LEFT JOIN equipment e ON l.id = e.location_id
       GROUP BY l.id, l.name
2025-06-24T09:29:17.816Z [ERROR] Error detecting power outage: column e.updated_at does not exist
2025-06-24T09:29:17.820Z [ERROR] SQL error after 78ms: column em.created_at does not exist
2025-06-24T09:29:17.820Z [ERROR] Failed query: 
        SELECT 
          e.id,
          e.name,
          e.type,
          e.status,
          e.location_id,
          l.name as location_name,
          EXTRACT(days FROM (NOW() - e.updated_at)) as days_since_update,
          COUNT(em.id) as recent_maintenance
        FROM equipment e
        JOIN locations l ON e.location_id = l.id
        LEFT JOIN equipment_maintenance em ON e.id = em.equipment_id 
          AND em.created_at >= NOW() - INTERVAL '30 days'
      
        GROUP BY e.id, e.name, e.type, e.status, e.location_id, l.name, e.updated_at
        HAVING e.status = 'OUT_OF_SERVICE' 
          OR EXTRACT(days FROM (NOW() - e.updated_at)) > 7
        ORDER BY days_since_update DESC
      
2025-06-24T09:29:17.821Z [ERROR] Error detecting equipment failures: column em.created_at does not exist
2025-06-24T09:29:17.825Z [ERROR] SQL error after 83ms: column o.id does not exist
2025-06-24T09:29:17.825Z [ERROR] Failed query: 
        SELECT 
          t.id,
          t.status,
          t.location_id,
          l.name as location_name,
          o.id as order_id,
          EXTRACT(hours FROM (NOW() - t.created_at)) as hours_since_created,
          EXTRACT(hours FROM (NOW() - t.updated_at)) as hours_since_updated
        FROM transports t
        JOIN orders o ON t.order_id = o.id
        JOIN locations l ON t.location_id = l.id
        WHERE t.status IN ('PENDING', 'IN_PROGRESS')
       ORDER BY t.created_at ASC
2025-06-24T09:29:17.826Z [ERROR] Error detecting transport issues: column o.id does not exist
2025-06-24T09:29:17.826Z [INFO] Exception detection completed: 0 issues found
2025-06-24T09:29:17.826Z [INFO] Exception detection completed: 0 total issues found
2025-06-24T09:29:17.826Z [INFO] - Staff issues: 0
2025-06-24T09:29:17.827Z [INFO] - Power issues: 0
2025-06-24T09:29:17.827Z [INFO] - Equipment issues: 0
2025-06-24T09:29:17.827Z [INFO] - Transport issues: 0
2025-06-24T09:29:17.827Z [INFO] Creating notification: SYSTEM_STATUS_OK - LOW - All systems operational - no critical issues detected
2025-06-24T09:29:17.828Z [ERROR] Failed to send notification via websocket: WebSocket notification failed: broadcastToAllClients is not a function
2025-06-24T09:29:17.828Z [INFO] Exception detection completed successfully in 87ms
2025-06-24T09:29:17.828Z [INFO] Scheduler: Job 'exceptionDetection' completed, next run: Tue Jun 24 2025 12:30:17 GMT+0300 (Ora de vară a Europei de Est)
2025-06-24T09:30:17.667Z [INFO] Scheduler: Running job 'expandRecurrences'
2025-06-24T09:30:17.669Z [INFO] ExpandRecurrences: Starting job
2025-06-24T09:30:17.748Z [INFO] ExpandRecurrences: Job completed, created 0 new recurring orders
2025-06-24T09:30:17.749Z [INFO] Scheduler: Job 'expandRecurrences' completed, next run: Tue Jun 24 2025 12:30:00 GMT+0300 (Ora de vară a Europei de Est)
2025-06-24T09:31:17.668Z [INFO] Scheduler: Running job 'expandRecurrences'
2025-06-24T09:31:17.669Z [INFO] ExpandRecurrences: Starting job
2025-06-24T09:31:17.760Z [INFO] ExpandRecurrences: Job completed, created 0 new recurring orders
2025-06-24T09:31:17.761Z [INFO] Scheduler: Job 'expandRecurrences' completed, next run: Tue Jun 24 2025 12:35:00 GMT+0300 (Ora de vară a Europei de Est)
2025-06-24T09:31:17.762Z [INFO] Scheduler: Running job 'checkEquipmentStatus'
2025-06-24T09:31:17.762Z [INFO] CheckEquipmentStatus: Starting equipment monitoring job
2025-06-24T09:31:17.762Z [INFO] Starting equipment status check...
2025-06-24T09:31:17.768Z [ERROR] Error checking equipment status:
2025-06-24T09:31:17.769Z [ERROR] CheckEquipmentStatus: Job failed
2025-06-24T09:31:17.770Z [INFO] Scheduler: Job 'checkEquipmentStatus' completed, next run: Tue Jun 24 2025 12:32:17 GMT+0300 (Ora de vară a Europei de Est)
2025-06-24T09:31:17.771Z [INFO] Scheduler: Running job 'updateWeatherData'
2025-06-24T09:31:17.771Z [INFO] Starting weather data update job...
2025-06-24T09:31:17.772Z [INFO] Starting weather data update for all locations...
2025-06-24T09:31:17.776Z [ERROR] Error updating weather data:
2025-06-24T09:31:17.777Z [ERROR] Weather data update job failed:
2025-06-24T09:31:17.777Z [INFO] Scheduler: Job 'updateWeatherData' completed, next run: Tue Jun 24 2025 12:32:17 GMT+0300 (Ora de vară a Europei de Est)
2025-06-24T09:31:17.778Z [INFO] Scheduler: Running job 'exceptionDetection'
2025-06-24T09:31:17.778Z [INFO] Starting automated exception detection...
2025-06-24T09:31:17.779Z [INFO] Running comprehensive exception detection...
2025-06-24T09:31:17.789Z [ERROR] Error detecting staff unavailability: result.rows is not iterable
2025-06-24T09:31:17.926Z [ERROR] SQL error after 147ms: column em.created_at does not exist
2025-06-24T09:31:17.927Z [ERROR] Failed query: 
        SELECT 
          e.id,
          e.name,
          e.type,
          e.status,
          e.location_id,
          l.name as location_name,
          EXTRACT(days FROM (NOW() - e.updated_at)) as days_since_update,
          COUNT(em.id) as recent_maintenance
        FROM equipment e
        JOIN locations l ON e.location_id = l.id
        LEFT JOIN equipment_maintenance em ON e.id = em.equipment_id 
          AND em.created_at >= NOW() - INTERVAL '30 days'
      
        GROUP BY e.id, e.name, e.type, e.status, e.location_id, l.name, e.updated_at
        HAVING e.status = 'OUT_OF_SERVICE' 
          OR EXTRACT(days FROM (NOW() - e.updated_at)) > 7
        ORDER BY days_since_update DESC
      
2025-06-24T09:31:17.927Z [ERROR] Error detecting equipment failures: column em.created_at does not exist
2025-06-24T09:31:17.928Z [ERROR] SQL error after 149ms: column e.updated_at does not exist
2025-06-24T09:31:17.928Z [ERROR] Failed query: 
        SELECT 
          l.id as location_id,
          l.name as location_name,
          COUNT(e.id) as total_equipment,
          COUNT(CASE WHEN e.status = 'OUT_OF_SERVICE' THEN 1 END) as out_of_service,
          COUNT(CASE WHEN e.updated_at < NOW() - INTERVAL '2 hours' THEN 1 END) as stale_equipment
        FROM locations l
        LEFT JOIN equipment e ON l.id = e.location_id
       GROUP BY l.id, l.name
2025-06-24T09:31:17.929Z [ERROR] Error detecting power outage: column e.updated_at does not exist
2025-06-24T09:31:17.940Z [ERROR] SQL error after 161ms: column o.id does not exist
2025-06-24T09:31:17.940Z [ERROR] Failed query: 
        SELECT 
          t.id,
          t.status,
          t.location_id,
          l.name as location_name,
          o.id as order_id,
          EXTRACT(hours FROM (NOW() - t.created_at)) as hours_since_created,
          EXTRACT(hours FROM (NOW() - t.updated_at)) as hours_since_updated
        FROM transports t
        JOIN orders o ON t.order_id = o.id
        JOIN locations l ON t.location_id = l.id
        WHERE t.status IN ('PENDING', 'IN_PROGRESS')
       ORDER BY t.created_at ASC
2025-06-24T09:31:17.941Z [ERROR] Error detecting transport issues: column o.id does not exist
2025-06-24T09:31:17.941Z [INFO] Exception detection completed: 0 issues found
2025-06-24T09:31:17.942Z [INFO] Exception detection completed: 0 total issues found
2025-06-24T09:31:17.942Z [INFO] - Staff issues: 0
2025-06-24T09:31:17.942Z [INFO] - Power issues: 0
2025-06-24T09:31:17.942Z [INFO] - Equipment issues: 0
2025-06-24T09:31:17.943Z [INFO] - Transport issues: 0
2025-06-24T09:31:17.943Z [INFO] Creating notification: SYSTEM_STATUS_OK - LOW - All systems operational - no critical issues detected
2025-06-24T09:31:17.944Z [ERROR] Failed to send notification via websocket: WebSocket notification failed: broadcastToAllClients is not a function
2025-06-24T09:31:17.945Z [INFO] Exception detection completed successfully in 166ms
2025-06-24T09:31:17.945Z [INFO] Scheduler: Job 'exceptionDetection' completed, next run: Tue Jun 24 2025 12:32:17 GMT+0300 (Ora de vară a Europei de Est)
2025-06-24T09:33:17.685Z [INFO] Scheduler: Running job 'checkEquipmentStatus'
2025-06-24T09:33:17.687Z [INFO] CheckEquipmentStatus: Starting equipment monitoring job
2025-06-24T09:33:17.689Z [INFO] Starting equipment status check...
2025-06-24T09:33:17.757Z [ERROR] Error checking equipment status:
2025-06-24T09:33:17.757Z [ERROR] CheckEquipmentStatus: Job failed
2025-06-24T09:33:17.758Z [INFO] Scheduler: Job 'checkEquipmentStatus' completed, next run: Tue Jun 24 2025 12:34:17 GMT+0300 (Ora de vară a Europei de Est)
2025-06-24T09:33:17.758Z [INFO] Scheduler: Running job 'updateWeatherData'
2025-06-24T09:33:17.758Z [INFO] Starting weather data update job...
2025-06-24T09:33:17.758Z [INFO] Starting weather data update for all locations...
2025-06-24T09:33:17.761Z [ERROR] Error updating weather data:
2025-06-24T09:33:17.762Z [ERROR] Weather data update job failed:
2025-06-24T09:33:17.762Z [INFO] Scheduler: Job 'updateWeatherData' completed, next run: Tue Jun 24 2025 12:34:17 GMT+0300 (Ora de vară a Europei de Est)
2025-06-24T09:33:17.762Z [INFO] Scheduler: Running job 'exceptionDetection'
2025-06-24T09:33:17.762Z [INFO] Starting automated exception detection...
2025-06-24T09:33:17.763Z [INFO] Running comprehensive exception detection...
2025-06-24T09:33:17.767Z [ERROR] Error detecting staff unavailability: result.rows is not iterable
2025-06-24T09:33:17.833Z [ERROR] SQL error after 70ms: column e.updated_at does not exist
2025-06-24T09:33:17.834Z [ERROR] Failed query: 
        SELECT 
          l.id as location_id,
          l.name as location_name,
          COUNT(e.id) as total_equipment,
          COUNT(CASE WHEN e.status = 'OUT_OF_SERVICE' THEN 1 END) as out_of_service,
          COUNT(CASE WHEN e.updated_at < NOW() - INTERVAL '2 hours' THEN 1 END) as stale_equipment
        FROM locations l
        LEFT JOIN equipment e ON l.id = e.location_id
       GROUP BY l.id, l.name
2025-06-24T09:33:17.835Z [ERROR] Error detecting power outage: column e.updated_at does not exist
2025-06-24T09:33:17.841Z [ERROR] SQL error after 78ms: column em.created_at does not exist
2025-06-24T09:33:17.842Z [ERROR] Failed query: 
        SELECT 
          e.id,
          e.name,
          e.type,
          e.status,
          e.location_id,
          l.name as location_name,
          EXTRACT(days FROM (NOW() - e.updated_at)) as days_since_update,
          COUNT(em.id) as recent_maintenance
        FROM equipment e
        JOIN locations l ON e.location_id = l.id
        LEFT JOIN equipment_maintenance em ON e.id = em.equipment_id 
          AND em.created_at >= NOW() - INTERVAL '30 days'
      
        GROUP BY e.id, e.name, e.type, e.status, e.location_id, l.name, e.updated_at
        HAVING e.status = 'OUT_OF_SERVICE' 
          OR EXTRACT(days FROM (NOW() - e.updated_at)) > 7
        ORDER BY days_since_update DESC
      
2025-06-24T09:33:17.842Z [ERROR] Error detecting equipment failures: column em.created_at does not exist
2025-06-24T09:33:17.843Z [ERROR] SQL error after 80ms: column o.id does not exist
2025-06-24T09:33:17.843Z [ERROR] Failed query: 
        SELECT 
          t.id,
          t.status,
          t.location_id,
          l.name as location_name,
          o.id as order_id,
          EXTRACT(hours FROM (NOW() - t.created_at)) as hours_since_created,
          EXTRACT(hours FROM (NOW() - t.updated_at)) as hours_since_updated
        FROM transports t
        JOIN orders o ON t.order_id = o.id
        JOIN locations l ON t.location_id = l.id
        WHERE t.status IN ('PENDING', 'IN_PROGRESS')
       ORDER BY t.created_at ASC
2025-06-24T09:33:17.843Z [ERROR] Error detecting transport issues: column o.id does not exist
2025-06-24T09:33:17.844Z [INFO] Exception detection completed: 0 issues found
2025-06-24T09:33:17.844Z [INFO] Exception detection completed: 0 total issues found
2025-06-24T09:33:17.844Z [INFO] - Staff issues: 0
2025-06-24T09:33:17.844Z [INFO] - Power issues: 0
2025-06-24T09:33:17.844Z [INFO] - Equipment issues: 0
2025-06-24T09:33:17.845Z [INFO] - Transport issues: 0
2025-06-24T09:33:17.845Z [INFO] Creating notification: SYSTEM_STATUS_OK - LOW - All systems operational - no critical issues detected
2025-06-24T09:33:17.845Z [ERROR] Failed to send notification via websocket: WebSocket notification failed: broadcastToAllClients is not a function
2025-06-24T09:33:17.846Z [INFO] Exception detection completed successfully in 84ms
2025-06-24T09:33:17.846Z [INFO] Scheduler: Job 'exceptionDetection' completed, next run: Tue Jun 24 2025 12:34:17 GMT+0300 (Ora de vară a Europei de Est)
2025-06-24T09:35:17.702Z [INFO] Scheduler: Running job 'expandRecurrences'
2025-06-24T09:35:17.704Z [INFO] ExpandRecurrences: Starting job
2025-06-24T09:35:17.785Z [INFO] ExpandRecurrences: Job completed, created 0 new recurring orders
2025-06-24T09:35:17.786Z [INFO] Scheduler: Job 'expandRecurrences' completed, next run: Tue Jun 24 2025 12:35:00 GMT+0300 (Ora de vară a Europei de Est)
2025-06-24T09:35:17.787Z [INFO] Scheduler: Running job 'checkEquipmentStatus'
2025-06-24T09:35:17.787Z [INFO] CheckEquipmentStatus: Starting equipment monitoring job
2025-06-24T09:35:17.787Z [INFO] Starting equipment status check...
2025-06-24T09:35:17.793Z [ERROR] Error checking equipment status:
2025-06-24T09:35:17.794Z [ERROR] CheckEquipmentStatus: Job failed
2025-06-24T09:35:17.794Z [INFO] Scheduler: Job 'checkEquipmentStatus' completed, next run: Tue Jun 24 2025 12:36:17 GMT+0300 (Ora de vară a Europei de Est)
2025-06-24T09:35:17.794Z [INFO] Scheduler: Running job 'updateWeatherData'
2025-06-24T09:35:17.794Z [INFO] Starting weather data update job...
2025-06-24T09:35:17.795Z [INFO] Starting weather data update for all locations...
2025-06-24T09:35:17.797Z [ERROR] Error updating weather data:
2025-06-24T09:35:17.798Z [ERROR] Weather data update job failed:
2025-06-24T09:35:17.798Z [INFO] Scheduler: Job 'updateWeatherData' completed, next run: Tue Jun 24 2025 12:36:17 GMT+0300 (Ora de vară a Europei de Est)
2025-06-24T09:35:17.798Z [INFO] Scheduler: Running job 'exceptionDetection'
2025-06-24T09:35:17.799Z [INFO] Starting automated exception detection...
2025-06-24T09:35:17.799Z [INFO] Running comprehensive exception detection...
2025-06-24T09:35:17.803Z [ERROR] Error detecting staff unavailability: result.rows is not iterable
2025-06-24T09:35:17.883Z [ERROR] SQL error after 84ms: column e.updated_at does not exist
2025-06-24T09:35:17.883Z [ERROR] Failed query: 
        SELECT 
          l.id as location_id,
          l.name as location_name,
          COUNT(e.id) as total_equipment,
          COUNT(CASE WHEN e.status = 'OUT_OF_SERVICE' THEN 1 END) as out_of_service,
          COUNT(CASE WHEN e.updated_at < NOW() - INTERVAL '2 hours' THEN 1 END) as stale_equipment
        FROM locations l
        LEFT JOIN equipment e ON l.id = e.location_id
       GROUP BY l.id, l.name
2025-06-24T09:35:17.884Z [ERROR] Error detecting power outage: column e.updated_at does not exist
2025-06-24T09:35:17.885Z [ERROR] SQL error after 86ms: column em.created_at does not exist
2025-06-24T09:35:17.886Z [ERROR] Failed query: 
        SELECT 
          e.id,
          e.name,
          e.type,
          e.status,
          e.location_id,
          l.name as location_name,
          EXTRACT(days FROM (NOW() - e.updated_at)) as days_since_update,
          COUNT(em.id) as recent_maintenance
        FROM equipment e
        JOIN locations l ON e.location_id = l.id
        LEFT JOIN equipment_maintenance em ON e.id = em.equipment_id 
          AND em.created_at >= NOW() - INTERVAL '30 days'
      
        GROUP BY e.id, e.name, e.type, e.status, e.location_id, l.name, e.updated_at
        HAVING e.status = 'OUT_OF_SERVICE' 
          OR EXTRACT(days FROM (NOW() - e.updated_at)) > 7
        ORDER BY days_since_update DESC
      
2025-06-24T09:35:17.887Z [ERROR] Error detecting equipment failures: column em.created_at does not exist
2025-06-24T09:35:17.890Z [ERROR] SQL error after 91ms: column o.id does not exist
2025-06-24T09:35:17.890Z [ERROR] Failed query: 
        SELECT 
          t.id,
          t.status,
          t.location_id,
          l.name as location_name,
          o.id as order_id,
          EXTRACT(hours FROM (NOW() - t.created_at)) as hours_since_created,
          EXTRACT(hours FROM (NOW() - t.updated_at)) as hours_since_updated
        FROM transports t
        JOIN orders o ON t.order_id = o.id
        JOIN locations l ON t.location_id = l.id
        WHERE t.status IN ('PENDING', 'IN_PROGRESS')
       ORDER BY t.created_at ASC
2025-06-24T09:35:17.891Z [ERROR] Error detecting transport issues: column o.id does not exist
2025-06-24T09:35:17.891Z [INFO] Exception detection completed: 0 issues found
2025-06-24T09:35:17.891Z [INFO] Exception detection completed: 0 total issues found
2025-06-24T09:35:17.891Z [INFO] - Staff issues: 0
2025-06-24T09:35:17.892Z [INFO] - Power issues: 0
2025-06-24T09:35:17.892Z [INFO] - Equipment issues: 0
2025-06-24T09:35:17.892Z [INFO] - Transport issues: 0
2025-06-24T09:35:17.892Z [INFO] Creating notification: SYSTEM_STATUS_OK - LOW - All systems operational - no critical issues detected
2025-06-24T09:35:17.893Z [ERROR] Failed to send notification via websocket: WebSocket notification failed: broadcastToAllClients is not a function
2025-06-24T09:35:17.893Z [INFO] Exception detection completed successfully in 94ms
2025-06-24T09:35:17.893Z [INFO] Scheduler: Job 'exceptionDetection' completed, next run: Tue Jun 24 2025 12:36:17 GMT+0300 (Ora de vară a Europei de Est)
2025-06-24T09:35:18.084Z [INFO] GET /Cas-front/index.html
2025-06-24T09:35:18.109Z [INFO] GET /Cas-front/css/variables.css
2025-06-24T09:35:18.110Z [INFO] GET /Cas-front/css/style.css
2025-06-24T09:35:18.113Z [INFO] GET /Cas-front/assets/spalatorie-noapte.jpg
2025-06-24T09:35:18.113Z [INFO] GET /src/core/xssSecurity.js
2025-06-24T09:35:18.114Z [INFO] GET /Cas-front/js/main.js
2025-06-24T09:35:18.406Z [INFO] GET /favicon.ico
2025-06-24T09:35:20.121Z [INFO] GET /Cas-front/assets/exterior-spalatorie.jpg
2025-06-24T09:35:20.123Z [INFO] GET /Cas-front/assets/interior-colaj.jpg
2025-06-24T09:35:20.351Z [INFO] GET /Cas-front/assets/spalatorie-exterior.jpg
2025-06-24T09:36:17.710Z [INFO] Scheduler: Running job 'expandRecurrences'
2025-06-24T09:36:17.712Z [INFO] ExpandRecurrences: Starting job
2025-06-24T09:36:17.787Z [INFO] ExpandRecurrences: Job completed, created 0 new recurring orders
2025-06-24T09:36:17.787Z [INFO] Scheduler: Job 'expandRecurrences' completed, next run: Tue Jun 24 2025 12:40:00 GMT+0300 (Ora de vară a Europei de Est)
2025-06-24T09:37:17.717Z [INFO] Scheduler: Running job 'checkEquipmentStatus'
2025-06-24T09:37:17.717Z [INFO] CheckEquipmentStatus: Starting equipment monitoring job
2025-06-24T09:37:17.718Z [INFO] Starting equipment status check...
2025-06-24T09:37:17.826Z [ERROR] Error checking equipment status:
2025-06-24T09:37:17.827Z [ERROR] CheckEquipmentStatus: Job failed
2025-06-24T09:37:17.827Z [INFO] Scheduler: Job 'checkEquipmentStatus' completed, next run: Tue Jun 24 2025 12:38:17 GMT+0300 (Ora de vară a Europei de Est)
2025-06-24T09:37:17.828Z [INFO] Scheduler: Running job 'updateWeatherData'
2025-06-24T09:37:17.828Z [INFO] Starting weather data update job...
2025-06-24T09:37:17.828Z [INFO] Starting weather data update for all locations...
2025-06-24T09:37:17.832Z [ERROR] Error updating weather data:
2025-06-24T09:37:17.832Z [ERROR] Weather data update job failed:
2025-06-24T09:37:17.833Z [INFO] Scheduler: Job 'updateWeatherData' completed, next run: Tue Jun 24 2025 12:38:17 GMT+0300 (Ora de vară a Europei de Est)
2025-06-24T09:37:17.833Z [INFO] Scheduler: Running job 'exceptionDetection'
2025-06-24T09:37:17.833Z [INFO] Starting automated exception detection...
2025-06-24T09:37:17.833Z [INFO] Running comprehensive exception detection...
2025-06-24T09:37:17.840Z [ERROR] Error detecting staff unavailability: result.rows is not iterable
2025-06-24T09:37:17.904Z [ERROR] SQL error after 70ms: column em.created_at does not exist
2025-06-24T09:37:17.905Z [ERROR] Failed query: 
        SELECT 
          e.id,
          e.name,
          e.type,
          e.status,
          e.location_id,
          l.name as location_name,
          EXTRACT(days FROM (NOW() - e.updated_at)) as days_since_update,
          COUNT(em.id) as recent_maintenance
        FROM equipment e
        JOIN locations l ON e.location_id = l.id
        LEFT JOIN equipment_maintenance em ON e.id = em.equipment_id 
          AND em.created_at >= NOW() - INTERVAL '30 days'
      
        GROUP BY e.id, e.name, e.type, e.status, e.location_id, l.name, e.updated_at
        HAVING e.status = 'OUT_OF_SERVICE' 
          OR EXTRACT(days FROM (NOW() - e.updated_at)) > 7
        ORDER BY days_since_update DESC
      
2025-06-24T09:37:17.905Z [ERROR] Error detecting equipment failures: column em.created_at does not exist
2025-06-24T09:37:17.908Z [ERROR] SQL error after 74ms: column e.updated_at does not exist
2025-06-24T09:37:17.908Z [ERROR] Failed query: 
        SELECT 
          l.id as location_id,
          l.name as location_name,
          COUNT(e.id) as total_equipment,
          COUNT(CASE WHEN e.status = 'OUT_OF_SERVICE' THEN 1 END) as out_of_service,
          COUNT(CASE WHEN e.updated_at < NOW() - INTERVAL '2 hours' THEN 1 END) as stale_equipment
        FROM locations l
        LEFT JOIN equipment e ON l.id = e.location_id
       GROUP BY l.id, l.name
2025-06-24T09:37:17.909Z [ERROR] Error detecting power outage: column e.updated_at does not exist
2025-06-24T09:37:17.910Z [ERROR] SQL error after 76ms: column o.id does not exist
2025-06-24T09:37:17.911Z [ERROR] Failed query: 
        SELECT 
          t.id,
          t.status,
          t.location_id,
          l.name as location_name,
          o.id as order_id,
          EXTRACT(hours FROM (NOW() - t.created_at)) as hours_since_created,
          EXTRACT(hours FROM (NOW() - t.updated_at)) as hours_since_updated
        FROM transports t
        JOIN orders o ON t.order_id = o.id
        JOIN locations l ON t.location_id = l.id
        WHERE t.status IN ('PENDING', 'IN_PROGRESS')
       ORDER BY t.created_at ASC
2025-06-24T09:37:17.911Z [ERROR] Error detecting transport issues: column o.id does not exist
2025-06-24T09:37:17.911Z [INFO] Exception detection completed: 0 issues found
2025-06-24T09:37:17.912Z [INFO] Exception detection completed: 0 total issues found
2025-06-24T09:37:17.912Z [INFO] - Staff issues: 0
2025-06-24T09:37:17.912Z [INFO] - Power issues: 0
2025-06-24T09:37:17.912Z [INFO] - Equipment issues: 0
2025-06-24T09:37:17.913Z [INFO] - Transport issues: 0
2025-06-24T09:37:17.913Z [INFO] Creating notification: SYSTEM_STATUS_OK - LOW - All systems operational - no critical issues detected
2025-06-24T09:37:17.913Z [ERROR] Failed to send notification via websocket: WebSocket notification failed: broadcastToAllClients is not a function
2025-06-24T09:37:17.914Z [INFO] Exception detection completed successfully in 81ms
2025-06-24T09:37:17.914Z [INFO] Scheduler: Job 'exceptionDetection' completed, next run: Tue Jun 24 2025 12:38:17 GMT+0300 (Ora de vară a Europei de Est)
2025-06-24T09:39:17.742Z [INFO] Scheduler: Running job 'checkEquipmentStatus'
2025-06-24T09:39:17.744Z [INFO] CheckEquipmentStatus: Starting equipment monitoring job
2025-06-24T09:39:17.745Z [INFO] Starting equipment status check...
2025-06-24T09:39:17.956Z [ERROR] Error checking equipment status:
2025-06-24T09:39:17.957Z [ERROR] CheckEquipmentStatus: Job failed
2025-06-24T09:39:17.958Z [INFO] Scheduler: Job 'checkEquipmentStatus' completed, next run: Tue Jun 24 2025 12:40:17 GMT+0300 (Ora de vară a Europei de Est)
2025-06-24T09:39:17.959Z [INFO] Scheduler: Running job 'updateWeatherData'
2025-06-24T09:39:17.960Z [INFO] Starting weather data update job...
2025-06-24T09:39:17.960Z [INFO] Starting weather data update for all locations...
2025-06-24T09:39:17.966Z [ERROR] Error updating weather data:
2025-06-24T09:39:17.967Z [ERROR] Weather data update job failed:
2025-06-24T09:39:17.968Z [INFO] Scheduler: Job 'updateWeatherData' completed, next run: Tue Jun 24 2025 12:40:17 GMT+0300 (Ora de vară a Europei de Est)
2025-06-24T09:39:17.968Z [INFO] Scheduler: Running job 'exceptionDetection'
2025-06-24T09:39:17.969Z [INFO] Starting automated exception detection...
2025-06-24T09:39:17.970Z [INFO] Running comprehensive exception detection...
2025-06-24T09:39:17.978Z [ERROR] Error detecting staff unavailability: result.rows is not iterable
2025-06-24T09:39:18.081Z [ERROR] SQL error after 110ms: column em.created_at does not exist
2025-06-24T09:39:18.082Z [ERROR] Failed query: 
        SELECT 
          e.id,
          e.name,
          e.type,
          e.status,
          e.location_id,
          l.name as location_name,
          EXTRACT(days FROM (NOW() - e.updated_at)) as days_since_update,
          COUNT(em.id) as recent_maintenance
        FROM equipment e
        JOIN locations l ON e.location_id = l.id
        LEFT JOIN equipment_maintenance em ON e.id = em.equipment_id 
          AND em.created_at >= NOW() - INTERVAL '30 days'
      
        GROUP BY e.id, e.name, e.type, e.status, e.location_id, l.name, e.updated_at
        HAVING e.status = 'OUT_OF_SERVICE' 
          OR EXTRACT(days FROM (NOW() - e.updated_at)) > 7
        ORDER BY days_since_update DESC
      
2025-06-24T09:39:18.083Z [ERROR] Error detecting equipment failures: column em.created_at does not exist
2025-06-24T09:39:18.084Z [ERROR] SQL error after 113ms: column e.updated_at does not exist
2025-06-24T09:39:18.085Z [ERROR] Failed query: 
        SELECT 
          l.id as location_id,
          l.name as location_name,
          COUNT(e.id) as total_equipment,
          COUNT(CASE WHEN e.status = 'OUT_OF_SERVICE' THEN 1 END) as out_of_service,
          COUNT(CASE WHEN e.updated_at < NOW() - INTERVAL '2 hours' THEN 1 END) as stale_equipment
        FROM locations l
        LEFT JOIN equipment e ON l.id = e.location_id
       GROUP BY l.id, l.name
2025-06-24T09:39:18.086Z [ERROR] Error detecting power outage: column e.updated_at does not exist
2025-06-24T09:39:18.089Z [ERROR] SQL error after 118ms: column o.id does not exist
2025-06-24T09:39:18.090Z [ERROR] Failed query: 
        SELECT 
          t.id,
          t.status,
          t.location_id,
          l.name as location_name,
          o.id as order_id,
          EXTRACT(hours FROM (NOW() - t.created_at)) as hours_since_created,
          EXTRACT(hours FROM (NOW() - t.updated_at)) as hours_since_updated
        FROM transports t
        JOIN orders o ON t.order_id = o.id
        JOIN locations l ON t.location_id = l.id
        WHERE t.status IN ('PENDING', 'IN_PROGRESS')
       ORDER BY t.created_at ASC
2025-06-24T09:39:18.091Z [ERROR] Error detecting transport issues: column o.id does not exist
2025-06-24T09:39:18.092Z [INFO] Exception detection completed: 0 issues found
2025-06-24T09:39:18.092Z [INFO] Exception detection completed: 0 total issues found
2025-06-24T09:39:18.093Z [INFO] - Staff issues: 0
2025-06-24T09:39:18.093Z [INFO] - Power issues: 0
2025-06-24T09:39:18.093Z [INFO] - Equipment issues: 0
2025-06-24T09:39:18.094Z [INFO] - Transport issues: 0
2025-06-24T09:39:18.094Z [INFO] Creating notification: SYSTEM_STATUS_OK - LOW - All systems operational - no critical issues detected
2025-06-24T09:39:18.095Z [ERROR] Failed to send notification via websocket: WebSocket notification failed: broadcastToAllClients is not a function
2025-06-24T09:39:18.095Z [INFO] Exception detection completed successfully in 126ms
2025-06-24T09:39:18.095Z [INFO] Scheduler: Job 'exceptionDetection' completed, next run: Tue Jun 24 2025 12:40:18 GMT+0300 (Ora de vară a Europei de Est)
2025-06-24T09:40:17.749Z [INFO] Scheduler: Running job 'expandRecurrences'
2025-06-24T09:40:17.751Z [INFO] ExpandRecurrences: Starting job
2025-06-24T09:40:17.837Z [INFO] ExpandRecurrences: Job completed, created 0 new recurring orders
2025-06-24T09:40:17.838Z [INFO] Scheduler: Job 'expandRecurrences' completed, next run: Tue Jun 24 2025 12:40:00 GMT+0300 (Ora de vară a Europei de Est)
2025-06-24T09:41:17.752Z [INFO] Scheduler: Running job 'expandRecurrences'
2025-06-24T09:41:17.753Z [INFO] ExpandRecurrences: Starting job
2025-06-24T09:41:17.819Z [INFO] ExpandRecurrences: Job completed, created 0 new recurring orders
2025-06-24T09:41:17.820Z [INFO] Scheduler: Job 'expandRecurrences' completed, next run: Tue Jun 24 2025 12:45:00 GMT+0300 (Ora de vară a Europei de Est)
2025-06-24T09:41:17.820Z [INFO] Scheduler: Running job 'checkEquipmentStatus'
2025-06-24T09:41:17.821Z [INFO] CheckEquipmentStatus: Starting equipment monitoring job
2025-06-24T09:41:17.821Z [INFO] Starting equipment status check...
2025-06-24T09:41:17.824Z [ERROR] Error checking equipment status:
2025-06-24T09:41:17.824Z [ERROR] CheckEquipmentStatus: Job failed
2025-06-24T09:41:17.825Z [INFO] Scheduler: Job 'checkEquipmentStatus' completed, next run: Tue Jun 24 2025 12:42:17 GMT+0300 (Ora de vară a Europei de Est)
2025-06-24T09:41:17.825Z [INFO] Scheduler: Running job 'updateWeatherData'
2025-06-24T09:41:17.825Z [INFO] Starting weather data update job...
2025-06-24T09:41:17.825Z [INFO] Starting weather data update for all locations...
2025-06-24T09:41:17.829Z [ERROR] Error updating weather data:
2025-06-24T09:41:17.830Z [ERROR] Weather data update job failed:
2025-06-24T09:41:17.830Z [INFO] Scheduler: Job 'updateWeatherData' completed, next run: Tue Jun 24 2025 12:42:17 GMT+0300 (Ora de vară a Europei de Est)
2025-06-24T09:41:17.831Z [INFO] Scheduler: Running job 'exceptionDetection'
2025-06-24T09:41:17.831Z [INFO] Starting automated exception detection...
2025-06-24T09:41:17.831Z [INFO] Running comprehensive exception detection...
2025-06-24T09:41:17.836Z [ERROR] Error detecting staff unavailability: result.rows is not iterable
2025-06-24T09:41:17.909Z [ERROR] SQL error after 77ms: column em.created_at does not exist
2025-06-24T09:41:17.909Z [ERROR] Failed query: 
        SELECT 
          e.id,
          e.name,
          e.type,
          e.status,
          e.location_id,
          l.name as location_name,
          EXTRACT(days FROM (NOW() - e.updated_at)) as days_since_update,
          COUNT(em.id) as recent_maintenance
        FROM equipment e
        JOIN locations l ON e.location_id = l.id
        LEFT JOIN equipment_maintenance em ON e.id = em.equipment_id 
          AND em.created_at >= NOW() - INTERVAL '30 days'
      
        GROUP BY e.id, e.name, e.type, e.status, e.location_id, l.name, e.updated_at
        HAVING e.status = 'OUT_OF_SERVICE' 
          OR EXTRACT(days FROM (NOW() - e.updated_at)) > 7
        ORDER BY days_since_update DESC
      
2025-06-24T09:41:17.910Z [ERROR] Error detecting equipment failures: column em.created_at does not exist
2025-06-24T09:41:17.912Z [ERROR] SQL error after 80ms: column e.updated_at does not exist
2025-06-24T09:41:17.913Z [ERROR] Failed query: 
        SELECT 
          l.id as location_id,
          l.name as location_name,
          COUNT(e.id) as total_equipment,
          COUNT(CASE WHEN e.status = 'OUT_OF_SERVICE' THEN 1 END) as out_of_service,
          COUNT(CASE WHEN e.updated_at < NOW() - INTERVAL '2 hours' THEN 1 END) as stale_equipment
        FROM locations l
        LEFT JOIN equipment e ON l.id = e.location_id
       GROUP BY l.id, l.name
2025-06-24T09:41:17.913Z [ERROR] Error detecting power outage: column e.updated_at does not exist
2025-06-24T09:41:17.914Z [ERROR] SQL error after 82ms: column o.id does not exist
2025-06-24T09:41:17.914Z [ERROR] Failed query: 
        SELECT 
          t.id,
          t.status,
          t.location_id,
          l.name as location_name,
          o.id as order_id,
          EXTRACT(hours FROM (NOW() - t.created_at)) as hours_since_created,
          EXTRACT(hours FROM (NOW() - t.updated_at)) as hours_since_updated
        FROM transports t
        JOIN orders o ON t.order_id = o.id
        JOIN locations l ON t.location_id = l.id
        WHERE t.status IN ('PENDING', 'IN_PROGRESS')
       ORDER BY t.created_at ASC
2025-06-24T09:41:17.915Z [ERROR] Error detecting transport issues: column o.id does not exist
2025-06-24T09:41:17.915Z [INFO] Exception detection completed: 0 issues found
2025-06-24T09:41:17.916Z [INFO] Exception detection completed: 0 total issues found
2025-06-24T09:41:17.916Z [INFO] - Staff issues: 0
2025-06-24T09:41:17.916Z [INFO] - Power issues: 0
2025-06-24T09:41:17.916Z [INFO] - Equipment issues: 0
2025-06-24T09:41:17.917Z [INFO] - Transport issues: 0
2025-06-24T09:41:17.917Z [INFO] Creating notification: SYSTEM_STATUS_OK - LOW - All systems operational - no critical issues detected
2025-06-24T09:41:17.917Z [ERROR] Failed to send notification via websocket: WebSocket notification failed: broadcastToAllClients is not a function
2025-06-24T09:41:17.917Z [INFO] Exception detection completed successfully in 86ms
2025-06-24T09:41:17.918Z [INFO] Scheduler: Job 'exceptionDetection' completed, next run: Tue Jun 24 2025 12:42:17 GMT+0300 (Ora de vară a Europei de Est)
2025-06-24T09:43:17.772Z [INFO] Scheduler: Running job 'checkEquipmentStatus'
2025-06-24T09:43:17.775Z [INFO] CheckEquipmentStatus: Starting equipment monitoring job
2025-06-24T09:43:17.777Z [INFO] Starting equipment status check...
2025-06-24T09:43:17.862Z [ERROR] Error checking equipment status:
2025-06-24T09:43:17.863Z [ERROR] CheckEquipmentStatus: Job failed
2025-06-24T09:43:17.863Z [INFO] Scheduler: Job 'checkEquipmentStatus' completed, next run: Tue Jun 24 2025 12:44:17 GMT+0300 (Ora de vară a Europei de Est)
2025-06-24T09:43:17.864Z [INFO] Scheduler: Running job 'updateWeatherData'
2025-06-24T09:43:17.864Z [INFO] Starting weather data update job...
2025-06-24T09:43:17.865Z [INFO] Starting weather data update for all locations...
2025-06-24T09:43:17.867Z [ERROR] Error updating weather data:
2025-06-24T09:43:17.867Z [ERROR] Weather data update job failed:
2025-06-24T09:43:17.867Z [INFO] Scheduler: Job 'updateWeatherData' completed, next run: Tue Jun 24 2025 12:44:17 GMT+0300 (Ora de vară a Europei de Est)
2025-06-24T09:43:17.868Z [INFO] Scheduler: Running job 'exceptionDetection'
2025-06-24T09:43:17.868Z [INFO] Starting automated exception detection...
2025-06-24T09:43:17.868Z [INFO] Running comprehensive exception detection...
2025-06-24T09:43:17.871Z [ERROR] Error detecting staff unavailability: result.rows is not iterable
2025-06-24T09:43:17.943Z [ERROR] SQL error after 75ms: column e.updated_at does not exist
2025-06-24T09:43:17.944Z [ERROR] Failed query: 
        SELECT 
          l.id as location_id,
          l.name as location_name,
          COUNT(e.id) as total_equipment,
          COUNT(CASE WHEN e.status = 'OUT_OF_SERVICE' THEN 1 END) as out_of_service,
          COUNT(CASE WHEN e.updated_at < NOW() - INTERVAL '2 hours' THEN 1 END) as stale_equipment
        FROM locations l
        LEFT JOIN equipment e ON l.id = e.location_id
       GROUP BY l.id, l.name
2025-06-24T09:43:17.944Z [ERROR] Error detecting power outage: column e.updated_at does not exist
2025-06-24T09:43:17.952Z [ERROR] SQL error after 84ms: column em.created_at does not exist
2025-06-24T09:43:17.952Z [ERROR] Failed query: 
        SELECT 
          e.id,
          e.name,
          e.type,
          e.status,
          e.location_id,
          l.name as location_name,
          EXTRACT(days FROM (NOW() - e.updated_at)) as days_since_update,
          COUNT(em.id) as recent_maintenance
        FROM equipment e
        JOIN locations l ON e.location_id = l.id
        LEFT JOIN equipment_maintenance em ON e.id = em.equipment_id 
          AND em.created_at >= NOW() - INTERVAL '30 days'
      
        GROUP BY e.id, e.name, e.type, e.status, e.location_id, l.name, e.updated_at
        HAVING e.status = 'OUT_OF_SERVICE' 
          OR EXTRACT(days FROM (NOW() - e.updated_at)) > 7
        ORDER BY days_since_update DESC
      
2025-06-24T09:43:17.953Z [ERROR] Error detecting equipment failures: column em.created_at does not exist
2025-06-24T09:43:17.956Z [ERROR] SQL error after 88ms: column o.id does not exist
2025-06-24T09:43:17.957Z [ERROR] Failed query: 
        SELECT 
          t.id,
          t.status,
          t.location_id,
          l.name as location_name,
          o.id as order_id,
          EXTRACT(hours FROM (NOW() - t.created_at)) as hours_since_created,
          EXTRACT(hours FROM (NOW() - t.updated_at)) as hours_since_updated
        FROM transports t
        JOIN orders o ON t.order_id = o.id
        JOIN locations l ON t.location_id = l.id
        WHERE t.status IN ('PENDING', 'IN_PROGRESS')
       ORDER BY t.created_at ASC
2025-06-24T09:43:17.957Z [ERROR] Error detecting transport issues: column o.id does not exist
2025-06-24T09:43:17.959Z [INFO] Exception detection completed: 0 issues found
2025-06-24T09:43:17.959Z [INFO] Exception detection completed: 0 total issues found
2025-06-24T09:43:17.959Z [INFO] - Staff issues: 0
2025-06-24T09:43:17.959Z [INFO] - Power issues: 0
2025-06-24T09:43:17.960Z [INFO] - Equipment issues: 0
2025-06-24T09:43:17.960Z [INFO] - Transport issues: 0
2025-06-24T09:43:17.960Z [INFO] Creating notification: SYSTEM_STATUS_OK - LOW - All systems operational - no critical issues detected
2025-06-24T09:43:17.961Z [ERROR] Failed to send notification via websocket: WebSocket notification failed: broadcastToAllClients is not a function
2025-06-24T09:43:17.961Z [INFO] Exception detection completed successfully in 93ms
2025-06-24T09:43:17.961Z [INFO] Scheduler: Job 'exceptionDetection' completed, next run: Tue Jun 24 2025 12:44:17 GMT+0300 (Ora de vară a Europei de Est)
2025-06-24T09:45:17.784Z [INFO] Scheduler: Running job 'expandRecurrences'
2025-06-24T09:45:17.785Z [INFO] ExpandRecurrences: Starting job
2025-06-24T09:45:17.845Z [INFO] ExpandRecurrences: Job completed, created 0 new recurring orders
2025-06-24T09:45:17.846Z [INFO] Scheduler: Job 'expandRecurrences' completed, next run: Tue Jun 24 2025 12:45:00 GMT+0300 (Ora de vară a Europei de Est)
2025-06-24T09:45:17.846Z [INFO] Scheduler: Running job 'checkEquipmentStatus'
2025-06-24T09:45:17.846Z [INFO] CheckEquipmentStatus: Starting equipment monitoring job
2025-06-24T09:45:17.847Z [INFO] Starting equipment status check...
2025-06-24T09:45:17.850Z [ERROR] Error checking equipment status:
2025-06-24T09:45:17.850Z [ERROR] CheckEquipmentStatus: Job failed
2025-06-24T09:45:17.850Z [INFO] Scheduler: Job 'checkEquipmentStatus' completed, next run: Tue Jun 24 2025 12:46:17 GMT+0300 (Ora de vară a Europei de Est)
2025-06-24T09:45:17.851Z [INFO] Scheduler: Running job 'updateWeatherData'
2025-06-24T09:45:17.851Z [INFO] Starting weather data update job...
2025-06-24T09:45:17.851Z [INFO] Starting weather data update for all locations...
2025-06-24T09:45:17.853Z [ERROR] Error updating weather data:
2025-06-24T09:45:17.854Z [ERROR] Weather data update job failed:
2025-06-24T09:45:17.854Z [INFO] Scheduler: Job 'updateWeatherData' completed, next run: Tue Jun 24 2025 12:46:17 GMT+0300 (Ora de vară a Europei de Est)
2025-06-24T09:45:17.854Z [INFO] Scheduler: Running job 'exceptionDetection'
2025-06-24T09:45:17.854Z [INFO] Starting automated exception detection...
2025-06-24T09:45:17.854Z [INFO] Running comprehensive exception detection...
2025-06-24T09:45:17.857Z [ERROR] Error detecting staff unavailability: result.rows is not iterable
2025-06-24T09:45:17.923Z [ERROR] SQL error after 68ms: column e.updated_at does not exist
2025-06-24T09:45:17.923Z [ERROR] Failed query: 
        SELECT 
          l.id as location_id,
          l.name as location_name,
          COUNT(e.id) as total_equipment,
          COUNT(CASE WHEN e.status = 'OUT_OF_SERVICE' THEN 1 END) as out_of_service,
          COUNT(CASE WHEN e.updated_at < NOW() - INTERVAL '2 hours' THEN 1 END) as stale_equipment
        FROM locations l
        LEFT JOIN equipment e ON l.id = e.location_id
       GROUP BY l.id, l.name
2025-06-24T09:45:17.924Z [ERROR] Error detecting power outage: column e.updated_at does not exist
2025-06-24T09:45:17.924Z [ERROR] SQL error after 69ms: column o.id does not exist
2025-06-24T09:45:17.924Z [ERROR] Failed query: 
        SELECT 
          t.id,
          t.status,
          t.location_id,
          l.name as location_name,
          o.id as order_id,
          EXTRACT(hours FROM (NOW() - t.created_at)) as hours_since_created,
          EXTRACT(hours FROM (NOW() - t.updated_at)) as hours_since_updated
        FROM transports t
        JOIN orders o ON t.order_id = o.id
        JOIN locations l ON t.location_id = l.id
        WHERE t.status IN ('PENDING', 'IN_PROGRESS')
       ORDER BY t.created_at ASC
2025-06-24T09:45:17.925Z [ERROR] Error detecting transport issues: column o.id does not exist
2025-06-24T09:45:17.933Z [ERROR] SQL error after 78ms: column em.created_at does not exist
2025-06-24T09:45:17.934Z [ERROR] Failed query: 
        SELECT 
          e.id,
          e.name,
          e.type,
          e.status,
          e.location_id,
          l.name as location_name,
          EXTRACT(days FROM (NOW() - e.updated_at)) as days_since_update,
          COUNT(em.id) as recent_maintenance
        FROM equipment e
        JOIN locations l ON e.location_id = l.id
        LEFT JOIN equipment_maintenance em ON e.id = em.equipment_id 
          AND em.created_at >= NOW() - INTERVAL '30 days'
      
        GROUP BY e.id, e.name, e.type, e.status, e.location_id, l.name, e.updated_at
        HAVING e.status = 'OUT_OF_SERVICE' 
          OR EXTRACT(days FROM (NOW() - e.updated_at)) > 7
        ORDER BY days_since_update DESC
      
2025-06-24T09:45:17.934Z [ERROR] Error detecting equipment failures: column em.created_at does not exist
2025-06-24T09:45:17.935Z [INFO] Exception detection completed: 0 issues found
2025-06-24T09:45:17.935Z [INFO] Exception detection completed: 0 total issues found
2025-06-24T09:45:17.935Z [INFO] - Staff issues: 0
2025-06-24T09:45:17.935Z [INFO] - Power issues: 0
2025-06-24T09:45:17.935Z [INFO] - Equipment issues: 0
2025-06-24T09:45:17.936Z [INFO] - Transport issues: 0
2025-06-24T09:45:17.936Z [INFO] Creating notification: SYSTEM_STATUS_OK - LOW - All systems operational - no critical issues detected
2025-06-24T09:45:17.936Z [ERROR] Failed to send notification via websocket: WebSocket notification failed: broadcastToAllClients is not a function
2025-06-24T09:45:17.937Z [INFO] Exception detection completed successfully in 83ms
2025-06-24T09:45:17.937Z [INFO] Scheduler: Job 'exceptionDetection' completed, next run: Tue Jun 24 2025 12:46:17 GMT+0300 (Ora de vară a Europei de Est)
2025-06-24T09:46:17.800Z [INFO] Scheduler: Running job 'expandRecurrences'
2025-06-24T09:46:17.801Z [INFO] ExpandRecurrences: Starting job
2025-06-24T09:46:17.862Z [INFO] ExpandRecurrences: Job completed, created 0 new recurring orders
2025-06-24T09:46:17.862Z [INFO] Scheduler: Job 'expandRecurrences' completed, next run: Tue Jun 24 2025 12:50:00 GMT+0300 (Ora de vară a Europei de Est)
2025-06-24T09:47:17.803Z [INFO] Scheduler: Running job 'checkEquipmentStatus'
2025-06-24T09:47:17.803Z [INFO] CheckEquipmentStatus: Starting equipment monitoring job
2025-06-24T09:47:17.804Z [INFO] Starting equipment status check...
2025-06-24T09:47:17.909Z [ERROR] Error checking equipment status:
2025-06-24T09:47:17.909Z [ERROR] CheckEquipmentStatus: Job failed
2025-06-24T09:47:17.910Z [INFO] Scheduler: Job 'checkEquipmentStatus' completed, next run: Tue Jun 24 2025 12:48:17 GMT+0300 (Ora de vară a Europei de Est)
2025-06-24T09:47:17.910Z [INFO] Scheduler: Running job 'updateWeatherData'
2025-06-24T09:47:17.911Z [INFO] Starting weather data update job...
2025-06-24T09:47:17.911Z [INFO] Starting weather data update for all locations...
2025-06-24T09:47:17.916Z [ERROR] Error updating weather data:
2025-06-24T09:47:17.917Z [ERROR] Weather data update job failed:
2025-06-24T09:47:17.917Z [INFO] Scheduler: Job 'updateWeatherData' completed, next run: Tue Jun 24 2025 12:48:17 GMT+0300 (Ora de vară a Europei de Est)
2025-06-24T09:47:17.918Z [INFO] Scheduler: Running job 'exceptionDetection'
2025-06-24T09:47:17.918Z [INFO] Starting automated exception detection...
2025-06-24T09:47:17.919Z [INFO] Running comprehensive exception detection...
2025-06-24T09:47:17.923Z [ERROR] Error detecting staff unavailability: result.rows is not iterable
2025-06-24T09:47:17.992Z [ERROR] SQL error after 73ms: column em.created_at does not exist
2025-06-24T09:47:17.992Z [ERROR] Failed query: 
        SELECT 
          e.id,
          e.name,
          e.type,
          e.status,
          e.location_id,
          l.name as location_name,
          EXTRACT(days FROM (NOW() - e.updated_at)) as days_since_update,
          COUNT(em.id) as recent_maintenance
        FROM equipment e
        JOIN locations l ON e.location_id = l.id
        LEFT JOIN equipment_maintenance em ON e.id = em.equipment_id 
          AND em.created_at >= NOW() - INTERVAL '30 days'
      
        GROUP BY e.id, e.name, e.type, e.status, e.location_id, l.name, e.updated_at
        HAVING e.status = 'OUT_OF_SERVICE' 
          OR EXTRACT(days FROM (NOW() - e.updated_at)) > 7
        ORDER BY days_since_update DESC
      
2025-06-24T09:47:17.993Z [ERROR] Error detecting equipment failures: column em.created_at does not exist
2025-06-24T09:47:17.994Z [ERROR] SQL error after 75ms: column o.id does not exist
2025-06-24T09:47:17.995Z [ERROR] Failed query: 
        SELECT 
          t.id,
          t.status,
          t.location_id,
          l.name as location_name,
          o.id as order_id,
          EXTRACT(hours FROM (NOW() - t.created_at)) as hours_since_created,
          EXTRACT(hours FROM (NOW() - t.updated_at)) as hours_since_updated
        FROM transports t
        JOIN orders o ON t.order_id = o.id
        JOIN locations l ON t.location_id = l.id
        WHERE t.status IN ('PENDING', 'IN_PROGRESS')
       ORDER BY t.created_at ASC
2025-06-24T09:47:17.995Z [ERROR] Error detecting transport issues: column o.id does not exist
2025-06-24T09:47:17.996Z [ERROR] SQL error after 77ms: column e.updated_at does not exist
2025-06-24T09:47:17.996Z [ERROR] Failed query: 
        SELECT 
          l.id as location_id,
          l.name as location_name,
          COUNT(e.id) as total_equipment,
          COUNT(CASE WHEN e.status = 'OUT_OF_SERVICE' THEN 1 END) as out_of_service,
          COUNT(CASE WHEN e.updated_at < NOW() - INTERVAL '2 hours' THEN 1 END) as stale_equipment
        FROM locations l
        LEFT JOIN equipment e ON l.id = e.location_id
       GROUP BY l.id, l.name
2025-06-24T09:47:17.996Z [ERROR] Error detecting power outage: column e.updated_at does not exist
2025-06-24T09:47:17.997Z [INFO] Exception detection completed: 0 issues found
2025-06-24T09:47:17.997Z [INFO] Exception detection completed: 0 total issues found
2025-06-24T09:47:17.997Z [INFO] - Staff issues: 0
2025-06-24T09:47:17.997Z [INFO] - Power issues: 0
2025-06-24T09:47:17.998Z [INFO] - Equipment issues: 0
2025-06-24T09:47:17.998Z [INFO] - Transport issues: 0
2025-06-24T09:47:17.998Z [INFO] Creating notification: SYSTEM_STATUS_OK - LOW - All systems operational - no critical issues detected
2025-06-24T09:47:17.999Z [ERROR] Failed to send notification via websocket: WebSocket notification failed: broadcastToAllClients is not a function
2025-06-24T09:47:17.999Z [INFO] Exception detection completed successfully in 81ms
2025-06-24T09:47:17.999Z [INFO] Scheduler: Job 'exceptionDetection' completed, next run: Tue Jun 24 2025 12:48:17 GMT+0300 (Ora de vară a Europei de Est)
2025-06-24T09:49:17.825Z [INFO] Scheduler: Running job 'checkEquipmentStatus'
2025-06-24T09:49:17.827Z [INFO] CheckEquipmentStatus: Starting equipment monitoring job
2025-06-24T09:49:17.828Z [INFO] Starting equipment status check...
2025-06-24T09:49:17.916Z [ERROR] Error checking equipment status:
2025-06-24T09:49:17.917Z [ERROR] CheckEquipmentStatus: Job failed
2025-06-24T09:49:17.918Z [INFO] Scheduler: Job 'checkEquipmentStatus' completed, next run: Tue Jun 24 2025 12:50:17 GMT+0300 (Ora de vară a Europei de Est)
2025-06-24T09:49:17.919Z [INFO] Scheduler: Running job 'updateWeatherData'
2025-06-24T09:49:17.919Z [INFO] Starting weather data update job...
2025-06-24T09:49:17.920Z [INFO] Starting weather data update for all locations...
2025-06-24T09:49:17.924Z [ERROR] Error updating weather data:
2025-06-24T09:49:17.925Z [ERROR] Weather data update job failed:
2025-06-24T09:49:17.926Z [INFO] Scheduler: Job 'updateWeatherData' completed, next run: Tue Jun 24 2025 12:50:17 GMT+0300 (Ora de vară a Europei de Est)
2025-06-24T09:49:17.927Z [INFO] Scheduler: Running job 'exceptionDetection'
2025-06-24T09:49:17.927Z [INFO] Starting automated exception detection...
2025-06-24T09:49:17.928Z [INFO] Running comprehensive exception detection...
2025-06-24T09:49:17.933Z [ERROR] Error detecting staff unavailability: result.rows is not iterable
2025-06-24T09:49:18.027Z [ERROR] SQL error after 98ms: column em.created_at does not exist
2025-06-24T09:49:18.028Z [ERROR] Failed query: 
        SELECT 
          e.id,
          e.name,
          e.type,
          e.status,
          e.location_id,
          l.name as location_name,
          EXTRACT(days FROM (NOW() - e.updated_at)) as days_since_update,
          COUNT(em.id) as recent_maintenance
        FROM equipment e
        JOIN locations l ON e.location_id = l.id
        LEFT JOIN equipment_maintenance em ON e.id = em.equipment_id 
          AND em.created_at >= NOW() - INTERVAL '30 days'
      
        GROUP BY e.id, e.name, e.type, e.status, e.location_id, l.name, e.updated_at
        HAVING e.status = 'OUT_OF_SERVICE' 
          OR EXTRACT(days FROM (NOW() - e.updated_at)) > 7
        ORDER BY days_since_update DESC
      
2025-06-24T09:49:18.029Z [ERROR] Error detecting equipment failures: column em.created_at does not exist
2025-06-24T09:49:18.030Z [ERROR] SQL error after 101ms: column e.updated_at does not exist
2025-06-24T09:49:18.030Z [ERROR] Failed query: 
        SELECT 
          l.id as location_id,
          l.name as location_name,
          COUNT(e.id) as total_equipment,
          COUNT(CASE WHEN e.status = 'OUT_OF_SERVICE' THEN 1 END) as out_of_service,
          COUNT(CASE WHEN e.updated_at < NOW() - INTERVAL '2 hours' THEN 1 END) as stale_equipment
        FROM locations l
        LEFT JOIN equipment e ON l.id = e.location_id
       GROUP BY l.id, l.name
2025-06-24T09:49:18.031Z [ERROR] Error detecting power outage: column e.updated_at does not exist
2025-06-24T09:49:18.033Z [ERROR] SQL error after 104ms: column o.id does not exist
2025-06-24T09:49:18.033Z [ERROR] Failed query: 
        SELECT 
          t.id,
          t.status,
          t.location_id,
          l.name as location_name,
          o.id as order_id,
          EXTRACT(hours FROM (NOW() - t.created_at)) as hours_since_created,
          EXTRACT(hours FROM (NOW() - t.updated_at)) as hours_since_updated
        FROM transports t
        JOIN orders o ON t.order_id = o.id
        JOIN locations l ON t.location_id = l.id
        WHERE t.status IN ('PENDING', 'IN_PROGRESS')
       ORDER BY t.created_at ASC
2025-06-24T09:49:18.034Z [ERROR] Error detecting transport issues: column o.id does not exist
2025-06-24T09:49:18.035Z [INFO] Exception detection completed: 0 issues found
2025-06-24T09:49:18.035Z [INFO] Exception detection completed: 0 total issues found
2025-06-24T09:49:18.035Z [INFO] - Staff issues: 0
2025-06-24T09:49:18.036Z [INFO] - Power issues: 0
2025-06-24T09:49:18.036Z [INFO] - Equipment issues: 0
2025-06-24T09:49:18.037Z [INFO] - Transport issues: 0
2025-06-24T09:49:18.037Z [INFO] Creating notification: SYSTEM_STATUS_OK - LOW - All systems operational - no critical issues detected
2025-06-24T09:49:18.038Z [ERROR] Failed to send notification via websocket: WebSocket notification failed: broadcastToAllClients is not a function
2025-06-24T09:49:18.039Z [INFO] Exception detection completed successfully in 112ms
2025-06-24T09:49:18.039Z [INFO] Scheduler: Job 'exceptionDetection' completed, next run: Tue Jun 24 2025 12:50:18 GMT+0300 (Ora de vară a Europei de Est)
2025-06-24T09:50:17.828Z [INFO] Scheduler: Running job 'expandRecurrences'
2025-06-24T09:50:17.829Z [INFO] ExpandRecurrences: Starting job
2025-06-24T09:50:17.914Z [INFO] ExpandRecurrences: Job completed, created 0 new recurring orders
2025-06-24T09:50:17.915Z [INFO] Scheduler: Job 'expandRecurrences' completed, next run: Tue Jun 24 2025 12:50:00 GMT+0300 (Ora de vară a Europei de Est)
2025-06-24T09:51:17.839Z [INFO] Scheduler: Running job 'expandRecurrences'
2025-06-24T09:51:17.840Z [INFO] ExpandRecurrences: Starting job
2025-06-24T09:51:17.906Z [INFO] ExpandRecurrences: Job completed, created 0 new recurring orders
2025-06-24T09:51:17.907Z [INFO] Scheduler: Job 'expandRecurrences' completed, next run: Tue Jun 24 2025 12:55:00 GMT+0300 (Ora de vară a Europei de Est)
2025-06-24T09:51:17.907Z [INFO] Scheduler: Running job 'checkEquipmentStatus'
2025-06-24T09:51:17.908Z [INFO] CheckEquipmentStatus: Starting equipment monitoring job
2025-06-24T09:51:17.908Z [INFO] Starting equipment status check...
2025-06-24T09:51:17.911Z [ERROR] Error checking equipment status:
2025-06-24T09:51:17.911Z [ERROR] CheckEquipmentStatus: Job failed
2025-06-24T09:51:17.912Z [INFO] Scheduler: Job 'checkEquipmentStatus' completed, next run: Tue Jun 24 2025 12:52:17 GMT+0300 (Ora de vară a Europei de Est)
2025-06-24T09:51:17.912Z [INFO] Scheduler: Running job 'updateWeatherData'
2025-06-24T09:51:17.912Z [INFO] Starting weather data update job...
2025-06-24T09:51:17.913Z [INFO] Starting weather data update for all locations...
2025-06-24T09:51:17.916Z [ERROR] Error updating weather data:
2025-06-24T09:51:17.916Z [ERROR] Weather data update job failed:
2025-06-24T09:51:17.917Z [INFO] Scheduler: Job 'updateWeatherData' completed, next run: Tue Jun 24 2025 12:52:17 GMT+0300 (Ora de vară a Europei de Est)
2025-06-24T09:51:17.917Z [INFO] Scheduler: Running job 'exceptionDetection'
2025-06-24T09:51:17.917Z [INFO] Starting automated exception detection...
2025-06-24T09:51:17.918Z [INFO] Running comprehensive exception detection...
2025-06-24T09:51:17.920Z [ERROR] Error detecting staff unavailability: result.rows is not iterable
2025-06-24T09:51:17.994Z [ERROR] SQL error after 76ms: column e.updated_at does not exist
2025-06-24T09:51:17.995Z [ERROR] Failed query: 
        SELECT 
          l.id as location_id,
          l.name as location_name,
          COUNT(e.id) as total_equipment,
          COUNT(CASE WHEN e.status = 'OUT_OF_SERVICE' THEN 1 END) as out_of_service,
          COUNT(CASE WHEN e.updated_at < NOW() - INTERVAL '2 hours' THEN 1 END) as stale_equipment
        FROM locations l
        LEFT JOIN equipment e ON l.id = e.location_id
       GROUP BY l.id, l.name
2025-06-24T09:51:17.995Z [ERROR] Error detecting power outage: column e.updated_at does not exist
2025-06-24T09:51:18.002Z [ERROR] SQL error after 84ms: column o.id does not exist
2025-06-24T09:51:18.002Z [ERROR] Failed query: 
        SELECT 
          t.id,
          t.status,
          t.location_id,
          l.name as location_name,
          o.id as order_id,
          EXTRACT(hours FROM (NOW() - t.created_at)) as hours_since_created,
          EXTRACT(hours FROM (NOW() - t.updated_at)) as hours_since_updated
        FROM transports t
        JOIN orders o ON t.order_id = o.id
        JOIN locations l ON t.location_id = l.id
        WHERE t.status IN ('PENDING', 'IN_PROGRESS')
       ORDER BY t.created_at ASC
2025-06-24T09:51:18.003Z [ERROR] Error detecting transport issues: column o.id does not exist
2025-06-24T09:51:18.003Z [ERROR] SQL error after 85ms: column em.created_at does not exist
2025-06-24T09:51:18.004Z [ERROR] Failed query: 
        SELECT 
          e.id,
          e.name,
          e.type,
          e.status,
          e.location_id,
          l.name as location_name,
          EXTRACT(days FROM (NOW() - e.updated_at)) as days_since_update,
          COUNT(em.id) as recent_maintenance
        FROM equipment e
        JOIN locations l ON e.location_id = l.id
        LEFT JOIN equipment_maintenance em ON e.id = em.equipment_id 
          AND em.created_at >= NOW() - INTERVAL '30 days'
      
        GROUP BY e.id, e.name, e.type, e.status, e.location_id, l.name, e.updated_at
        HAVING e.status = 'OUT_OF_SERVICE' 
          OR EXTRACT(days FROM (NOW() - e.updated_at)) > 7
        ORDER BY days_since_update DESC
      
2025-06-24T09:51:18.004Z [ERROR] Error detecting equipment failures: column em.created_at does not exist
2025-06-24T09:51:18.004Z [INFO] Exception detection completed: 0 issues found
2025-06-24T09:51:18.005Z [INFO] Exception detection completed: 0 total issues found
2025-06-24T09:51:18.005Z [INFO] - Staff issues: 0
2025-06-24T09:51:18.005Z [INFO] - Power issues: 0
2025-06-24T09:51:18.005Z [INFO] - Equipment issues: 0
2025-06-24T09:51:18.006Z [INFO] - Transport issues: 0
2025-06-24T09:51:18.006Z [INFO] Creating notification: SYSTEM_STATUS_OK - LOW - All systems operational - no critical issues detected
2025-06-24T09:51:18.007Z [ERROR] Failed to send notification via websocket: WebSocket notification failed: broadcastToAllClients is not a function
2025-06-24T09:51:18.007Z [INFO] Exception detection completed successfully in 90ms
2025-06-24T09:51:18.007Z [INFO] Scheduler: Job 'exceptionDetection' completed, next run: Tue Jun 24 2025 12:52:18 GMT+0300 (Ora de vară a Europei de Est)
2025-06-24T09:53:17.858Z [INFO] Scheduler: Running job 'checkEquipmentStatus'
2025-06-24T09:53:17.859Z [INFO] CheckEquipmentStatus: Starting equipment monitoring job
2025-06-24T09:53:17.859Z [INFO] Starting equipment status check...
2025-06-24T09:53:17.933Z [ERROR] Error checking equipment status:
2025-06-24T09:53:17.933Z [ERROR] CheckEquipmentStatus: Job failed
2025-06-24T09:53:17.934Z [INFO] Scheduler: Job 'checkEquipmentStatus' completed, next run: Tue Jun 24 2025 12:54:17 GMT+0300 (Ora de vară a Europei de Est)
2025-06-24T09:53:17.934Z [INFO] Scheduler: Running job 'updateWeatherData'
2025-06-24T09:53:17.934Z [INFO] Starting weather data update job...
2025-06-24T09:53:17.935Z [INFO] Starting weather data update for all locations...
2025-06-24T09:53:17.937Z [ERROR] Error updating weather data:
2025-06-24T09:53:17.937Z [ERROR] Weather data update job failed:
2025-06-24T09:53:17.937Z [INFO] Scheduler: Job 'updateWeatherData' completed, next run: Tue Jun 24 2025 12:54:17 GMT+0300 (Ora de vară a Europei de Est)
2025-06-24T09:53:17.938Z [INFO] Scheduler: Running job 'exceptionDetection'
2025-06-24T09:53:17.938Z [INFO] Starting automated exception detection...
2025-06-24T09:53:17.938Z [INFO] Running comprehensive exception detection...
2025-06-24T09:53:17.940Z [ERROR] Error detecting staff unavailability: result.rows is not iterable
2025-06-24T09:53:18.006Z [ERROR] SQL error after 68ms: column e.updated_at does not exist
2025-06-24T09:53:18.006Z [ERROR] Failed query: 
        SELECT 
          l.id as location_id,
          l.name as location_name,
          COUNT(e.id) as total_equipment,
          COUNT(CASE WHEN e.status = 'OUT_OF_SERVICE' THEN 1 END) as out_of_service,
          COUNT(CASE WHEN e.updated_at < NOW() - INTERVAL '2 hours' THEN 1 END) as stale_equipment
        FROM locations l
        LEFT JOIN equipment e ON l.id = e.location_id
       GROUP BY l.id, l.name
2025-06-24T09:53:18.007Z [ERROR] Error detecting power outage: column e.updated_at does not exist
2025-06-24T09:53:18.013Z [ERROR] SQL error after 75ms: column o.id does not exist
2025-06-24T09:53:18.013Z [ERROR] Failed query: 
        SELECT 
          t.id,
          t.status,
          t.location_id,
          l.name as location_name,
          o.id as order_id,
          EXTRACT(hours FROM (NOW() - t.created_at)) as hours_since_created,
          EXTRACT(hours FROM (NOW() - t.updated_at)) as hours_since_updated
        FROM transports t
        JOIN orders o ON t.order_id = o.id
        JOIN locations l ON t.location_id = l.id
        WHERE t.status IN ('PENDING', 'IN_PROGRESS')
       ORDER BY t.created_at ASC
2025-06-24T09:53:18.014Z [ERROR] Error detecting transport issues: column o.id does not exist
2025-06-24T09:53:18.015Z [ERROR] SQL error after 77ms: column em.created_at does not exist
2025-06-24T09:53:18.015Z [ERROR] Failed query: 
        SELECT 
          e.id,
          e.name,
          e.type,
          e.status,
          e.location_id,
          l.name as location_name,
          EXTRACT(days FROM (NOW() - e.updated_at)) as days_since_update,
          COUNT(em.id) as recent_maintenance
        FROM equipment e
        JOIN locations l ON e.location_id = l.id
        LEFT JOIN equipment_maintenance em ON e.id = em.equipment_id 
          AND em.created_at >= NOW() - INTERVAL '30 days'
      
        GROUP BY e.id, e.name, e.type, e.status, e.location_id, l.name, e.updated_at
        HAVING e.status = 'OUT_OF_SERVICE' 
          OR EXTRACT(days FROM (NOW() - e.updated_at)) > 7
        ORDER BY days_since_update DESC
      
2025-06-24T09:53:18.016Z [ERROR] Error detecting equipment failures: column em.created_at does not exist
2025-06-24T09:53:18.016Z [INFO] Exception detection completed: 0 issues found
2025-06-24T09:53:18.016Z [INFO] Exception detection completed: 0 total issues found
2025-06-24T09:53:18.016Z [INFO] - Staff issues: 0
2025-06-24T09:53:18.017Z [INFO] - Power issues: 0
2025-06-24T09:53:18.017Z [INFO] - Equipment issues: 0
2025-06-24T09:53:18.018Z [INFO] - Transport issues: 0
2025-06-24T09:53:18.018Z [INFO] Creating notification: SYSTEM_STATUS_OK - LOW - All systems operational - no critical issues detected
2025-06-24T09:53:18.019Z [ERROR] Failed to send notification via websocket: WebSocket notification failed: broadcastToAllClients is not a function
2025-06-24T09:53:18.019Z [INFO] Exception detection completed successfully in 81ms
2025-06-24T09:53:18.020Z [INFO] Scheduler: Job 'exceptionDetection' completed, next run: Tue Jun 24 2025 12:54:18 GMT+0300 (Ora de vară a Europei de Est)
2025-06-24T09:55:17.877Z [INFO] Scheduler: Running job 'expandRecurrences'
2025-06-24T09:55:17.878Z [INFO] ExpandRecurrences: Starting job
2025-06-24T09:55:17.944Z [INFO] ExpandRecurrences: Job completed, created 0 new recurring orders
2025-06-24T09:55:17.944Z [INFO] Scheduler: Job 'expandRecurrences' completed, next run: Tue Jun 24 2025 12:55:00 GMT+0300 (Ora de vară a Europei de Est)
2025-06-24T09:55:17.944Z [INFO] Scheduler: Running job 'checkEquipmentStatus'
2025-06-24T09:55:17.945Z [INFO] CheckEquipmentStatus: Starting equipment monitoring job
2025-06-24T09:55:17.945Z [INFO] Starting equipment status check...
2025-06-24T09:55:17.948Z [ERROR] Error checking equipment status:
2025-06-24T09:55:17.949Z [ERROR] CheckEquipmentStatus: Job failed
2025-06-24T09:55:17.949Z [INFO] Scheduler: Job 'checkEquipmentStatus' completed, next run: Tue Jun 24 2025 12:56:17 GMT+0300 (Ora de vară a Europei de Est)
2025-06-24T09:55:17.949Z [INFO] Scheduler: Running job 'updateWeatherData'
2025-06-24T09:55:17.949Z [INFO] Starting weather data update job...
2025-06-24T09:55:17.949Z [INFO] Starting weather data update for all locations...
2025-06-24T09:55:17.952Z [ERROR] Error updating weather data:
2025-06-24T09:55:17.952Z [ERROR] Weather data update job failed:
2025-06-24T09:55:17.952Z [INFO] Scheduler: Job 'updateWeatherData' completed, next run: Tue Jun 24 2025 12:56:17 GMT+0300 (Ora de vară a Europei de Est)
2025-06-24T09:55:17.952Z [INFO] Scheduler: Running job 'exceptionDetection'
2025-06-24T09:55:17.953Z [INFO] Starting automated exception detection...
2025-06-24T09:55:17.953Z [INFO] Running comprehensive exception detection...
2025-06-24T09:55:17.955Z [ERROR] Error detecting staff unavailability: result.rows is not iterable
2025-06-24T09:55:18.022Z [ERROR] SQL error after 69ms: column em.created_at does not exist
2025-06-24T09:55:18.022Z [ERROR] Failed query: 
        SELECT 
          e.id,
          e.name,
          e.type,
          e.status,
          e.location_id,
          l.name as location_name,
          EXTRACT(days FROM (NOW() - e.updated_at)) as days_since_update,
          COUNT(em.id) as recent_maintenance
        FROM equipment e
        JOIN locations l ON e.location_id = l.id
        LEFT JOIN equipment_maintenance em ON e.id = em.equipment_id 
          AND em.created_at >= NOW() - INTERVAL '30 days'
      
        GROUP BY e.id, e.name, e.type, e.status, e.location_id, l.name, e.updated_at
        HAVING e.status = 'OUT_OF_SERVICE' 
          OR EXTRACT(days FROM (NOW() - e.updated_at)) > 7
        ORDER BY days_since_update DESC
      
2025-06-24T09:55:18.023Z [ERROR] Error detecting equipment failures: column em.created_at does not exist
2025-06-24T09:55:18.024Z [ERROR] SQL error after 71ms: column o.id does not exist
2025-06-24T09:55:18.025Z [ERROR] Failed query: 
        SELECT 
          t.id,
          t.status,
          t.location_id,
          l.name as location_name,
          o.id as order_id,
          EXTRACT(hours FROM (NOW() - t.created_at)) as hours_since_created,
          EXTRACT(hours FROM (NOW() - t.updated_at)) as hours_since_updated
        FROM transports t
        JOIN orders o ON t.order_id = o.id
        JOIN locations l ON t.location_id = l.id
        WHERE t.status IN ('PENDING', 'IN_PROGRESS')
       ORDER BY t.created_at ASC
2025-06-24T09:55:18.025Z [ERROR] Error detecting transport issues: column o.id does not exist
2025-06-24T09:55:18.026Z [ERROR] SQL error after 73ms: column e.updated_at does not exist
2025-06-24T09:55:18.026Z [ERROR] Failed query: 
        SELECT 
          l.id as location_id,
          l.name as location_name,
          COUNT(e.id) as total_equipment,
          COUNT(CASE WHEN e.status = 'OUT_OF_SERVICE' THEN 1 END) as out_of_service,
          COUNT(CASE WHEN e.updated_at < NOW() - INTERVAL '2 hours' THEN 1 END) as stale_equipment
        FROM locations l
        LEFT JOIN equipment e ON l.id = e.location_id
       GROUP BY l.id, l.name
2025-06-24T09:55:18.027Z [ERROR] Error detecting power outage: column e.updated_at does not exist
2025-06-24T09:55:18.027Z [INFO] Exception detection completed: 0 issues found
2025-06-24T09:55:18.027Z [INFO] Exception detection completed: 0 total issues found
2025-06-24T09:55:18.027Z [INFO] - Staff issues: 0
2025-06-24T09:55:18.028Z [INFO] - Power issues: 0
2025-06-24T09:55:18.028Z [INFO] - Equipment issues: 0
2025-06-24T09:55:18.028Z [INFO] - Transport issues: 0
2025-06-24T09:55:18.028Z [INFO] Creating notification: SYSTEM_STATUS_OK - LOW - All systems operational - no critical issues detected
2025-06-24T09:55:18.029Z [ERROR] Failed to send notification via websocket: WebSocket notification failed: broadcastToAllClients is not a function
2025-06-24T09:55:18.029Z [INFO] Exception detection completed successfully in 76ms
2025-06-24T09:55:18.029Z [INFO] Scheduler: Job 'exceptionDetection' completed, next run: Tue Jun 24 2025 12:56:18 GMT+0300 (Ora de vară a Europei de Est)
2025-06-24T09:56:17.886Z [INFO] Scheduler: Running job 'expandRecurrences'
2025-06-24T09:56:17.887Z [INFO] ExpandRecurrences: Starting job
2025-06-24T09:56:17.964Z [INFO] ExpandRecurrences: Job completed, created 0 new recurring orders
2025-06-24T09:56:17.965Z [INFO] Scheduler: Job 'expandRecurrences' completed, next run: Tue Jun 24 2025 13:00:00 GMT+0300 (Ora de vară a Europei de Est)
2025-06-24T09:57:17.889Z [INFO] Scheduler: Running job 'checkEquipmentStatus'
2025-06-24T09:57:17.890Z [INFO] CheckEquipmentStatus: Starting equipment monitoring job
2025-06-24T09:57:17.890Z [INFO] Starting equipment status check...
2025-06-24T09:57:17.967Z [ERROR] Error checking equipment status:
2025-06-24T09:57:17.968Z [ERROR] CheckEquipmentStatus: Job failed
2025-06-24T09:57:17.968Z [INFO] Scheduler: Job 'checkEquipmentStatus' completed, next run: Tue Jun 24 2025 12:58:17 GMT+0300 (Ora de vară a Europei de Est)
2025-06-24T09:57:17.969Z [INFO] Scheduler: Running job 'updateWeatherData'
2025-06-24T09:57:17.969Z [INFO] Starting weather data update job...
2025-06-24T09:57:17.969Z [INFO] Starting weather data update for all locations...
2025-06-24T09:57:17.972Z [ERROR] Error updating weather data:
2025-06-24T09:57:17.973Z [ERROR] Weather data update job failed:
2025-06-24T09:57:17.973Z [INFO] Scheduler: Job 'updateWeatherData' completed, next run: Tue Jun 24 2025 12:58:17 GMT+0300 (Ora de vară a Europei de Est)
2025-06-24T09:57:17.973Z [INFO] Scheduler: Running job 'exceptionDetection'
2025-06-24T09:57:17.974Z [INFO] Starting automated exception detection...
2025-06-24T09:57:17.974Z [INFO] Running comprehensive exception detection...
2025-06-24T09:57:17.977Z [ERROR] Error detecting staff unavailability: result.rows is not iterable
2025-06-24T09:57:18.038Z [ERROR] SQL error after 64ms: column e.updated_at does not exist
2025-06-24T09:57:18.038Z [ERROR] Failed query: 
        SELECT 
          l.id as location_id,
          l.name as location_name,
          COUNT(e.id) as total_equipment,
          COUNT(CASE WHEN e.status = 'OUT_OF_SERVICE' THEN 1 END) as out_of_service,
          COUNT(CASE WHEN e.updated_at < NOW() - INTERVAL '2 hours' THEN 1 END) as stale_equipment
        FROM locations l
        LEFT JOIN equipment e ON l.id = e.location_id
       GROUP BY l.id, l.name
2025-06-24T09:57:18.038Z [ERROR] Error detecting power outage: column e.updated_at does not exist
2025-06-24T09:57:18.044Z [ERROR] SQL error after 70ms: column em.created_at does not exist
2025-06-24T09:57:18.045Z [ERROR] Failed query: 
        SELECT 
          e.id,
          e.name,
          e.type,
          e.status,
          e.location_id,
          l.name as location_name,
          EXTRACT(days FROM (NOW() - e.updated_at)) as days_since_update,
          COUNT(em.id) as recent_maintenance
        FROM equipment e
        JOIN locations l ON e.location_id = l.id
        LEFT JOIN equipment_maintenance em ON e.id = em.equipment_id 
          AND em.created_at >= NOW() - INTERVAL '30 days'
      
        GROUP BY e.id, e.name, e.type, e.status, e.location_id, l.name, e.updated_at
        HAVING e.status = 'OUT_OF_SERVICE' 
          OR EXTRACT(days FROM (NOW() - e.updated_at)) > 7
        ORDER BY days_since_update DESC
      
2025-06-24T09:57:18.045Z [ERROR] Error detecting equipment failures: column em.created_at does not exist
2025-06-24T09:57:18.046Z [ERROR] SQL error after 72ms: column o.id does not exist
2025-06-24T09:57:18.047Z [ERROR] Failed query: 
        SELECT 
          t.id,
          t.status,
          t.location_id,
          l.name as location_name,
          o.id as order_id,
          EXTRACT(hours FROM (NOW() - t.created_at)) as hours_since_created,
          EXTRACT(hours FROM (NOW() - t.updated_at)) as hours_since_updated
        FROM transports t
        JOIN orders o ON t.order_id = o.id
        JOIN locations l ON t.location_id = l.id
        WHERE t.status IN ('PENDING', 'IN_PROGRESS')
       ORDER BY t.created_at ASC
2025-06-24T09:57:18.047Z [ERROR] Error detecting transport issues: column o.id does not exist
2025-06-24T09:57:18.048Z [INFO] Exception detection completed: 0 issues found
2025-06-24T09:57:18.048Z [INFO] Exception detection completed: 0 total issues found
2025-06-24T09:57:18.048Z [INFO] - Staff issues: 0
2025-06-24T09:57:18.049Z [INFO] - Power issues: 0
2025-06-24T09:57:18.049Z [INFO] - Equipment issues: 0
2025-06-24T09:57:18.049Z [INFO] - Transport issues: 0
2025-06-24T09:57:18.050Z [INFO] Creating notification: SYSTEM_STATUS_OK - LOW - All systems operational - no critical issues detected
2025-06-24T09:57:18.050Z [ERROR] Failed to send notification via websocket: WebSocket notification failed: broadcastToAllClients is not a function
2025-06-24T09:57:18.051Z [INFO] Exception detection completed successfully in 77ms
2025-06-24T09:57:18.051Z [INFO] Scheduler: Job 'exceptionDetection' completed, next run: Tue Jun 24 2025 12:58:18 GMT+0300 (Ora de vară a Europei de Est)
2025-06-24T09:59:17.910Z [INFO] Scheduler: Running job 'checkEquipmentStatus'
2025-06-24T09:59:17.911Z [INFO] CheckEquipmentStatus: Starting equipment monitoring job
2025-06-24T09:59:17.911Z [INFO] Starting equipment status check...
2025-06-24T09:59:17.988Z [ERROR] Error checking equipment status:
2025-06-24T09:59:17.988Z [ERROR] CheckEquipmentStatus: Job failed
2025-06-24T09:59:17.988Z [INFO] Scheduler: Job 'checkEquipmentStatus' completed, next run: Tue Jun 24 2025 13:00:17 GMT+0300 (Ora de vară a Europei de Est)
2025-06-24T09:59:17.989Z [INFO] Scheduler: Running job 'updateWeatherData'
2025-06-24T09:59:17.989Z [INFO] Starting weather data update job...
2025-06-24T09:59:17.989Z [INFO] Starting weather data update for all locations...
2025-06-24T09:59:17.995Z [ERROR] Error updating weather data:
2025-06-24T09:59:17.996Z [ERROR] Weather data update job failed:
2025-06-24T09:59:17.996Z [INFO] Scheduler: Job 'updateWeatherData' completed, next run: Tue Jun 24 2025 13:00:17 GMT+0300 (Ora de vară a Europei de Est)
2025-06-24T09:59:17.997Z [INFO] Scheduler: Running job 'exceptionDetection'
2025-06-24T09:59:17.997Z [INFO] Starting automated exception detection...
2025-06-24T09:59:17.997Z [INFO] Running comprehensive exception detection...
2025-06-24T09:59:18.002Z [ERROR] Error detecting staff unavailability: result.rows is not iterable
2025-06-24T09:59:18.073Z [ERROR] SQL error after 76ms: column e.updated_at does not exist
2025-06-24T09:59:18.073Z [ERROR] Failed query: 
        SELECT 
          l.id as location_id,
          l.name as location_name,
          COUNT(e.id) as total_equipment,
          COUNT(CASE WHEN e.status = 'OUT_OF_SERVICE' THEN 1 END) as out_of_service,
          COUNT(CASE WHEN e.updated_at < NOW() - INTERVAL '2 hours' THEN 1 END) as stale_equipment
        FROM locations l
        LEFT JOIN equipment e ON l.id = e.location_id
       GROUP BY l.id, l.name
2025-06-24T09:59:18.074Z [ERROR] Error detecting power outage: column e.updated_at does not exist
2025-06-24T09:59:18.082Z [ERROR] SQL error after 85ms: column em.created_at does not exist
2025-06-24T09:59:18.082Z [ERROR] Failed query: 
        SELECT 
          e.id,
          e.name,
          e.type,
          e.status,
          e.location_id,
          l.name as location_name,
          EXTRACT(days FROM (NOW() - e.updated_at)) as days_since_update,
          COUNT(em.id) as recent_maintenance
        FROM equipment e
        JOIN locations l ON e.location_id = l.id
        LEFT JOIN equipment_maintenance em ON e.id = em.equipment_id 
          AND em.created_at >= NOW() - INTERVAL '30 days'
      
        GROUP BY e.id, e.name, e.type, e.status, e.location_id, l.name, e.updated_at
        HAVING e.status = 'OUT_OF_SERVICE' 
          OR EXTRACT(days FROM (NOW() - e.updated_at)) > 7
        ORDER BY days_since_update DESC
      
2025-06-24T09:59:18.083Z [ERROR] Error detecting equipment failures: column em.created_at does not exist
2025-06-24T09:59:18.092Z [ERROR] SQL error after 95ms: column o.id does not exist
2025-06-24T09:59:18.092Z [ERROR] Failed query: 
        SELECT 
          t.id,
          t.status,
          t.location_id,
          l.name as location_name,
          o.id as order_id,
          EXTRACT(hours FROM (NOW() - t.created_at)) as hours_since_created,
          EXTRACT(hours FROM (NOW() - t.updated_at)) as hours_since_updated
        FROM transports t
        JOIN orders o ON t.order_id = o.id
        JOIN locations l ON t.location_id = l.id
        WHERE t.status IN ('PENDING', 'IN_PROGRESS')
       ORDER BY t.created_at ASC
2025-06-24T09:59:18.093Z [ERROR] Error detecting transport issues: column o.id does not exist
2025-06-24T09:59:18.094Z [INFO] Exception detection completed: 0 issues found
2025-06-24T09:59:18.094Z [INFO] Exception detection completed: 0 total issues found
2025-06-24T09:59:18.094Z [INFO] - Staff issues: 0
2025-06-24T09:59:18.094Z [INFO] - Power issues: 0
2025-06-24T09:59:18.094Z [INFO] - Equipment issues: 0
2025-06-24T09:59:18.095Z [INFO] - Transport issues: 0
2025-06-24T09:59:18.095Z [INFO] Creating notification: SYSTEM_STATUS_OK - LOW - All systems operational - no critical issues detected
2025-06-24T09:59:18.095Z [ERROR] Failed to send notification via websocket: WebSocket notification failed: broadcastToAllClients is not a function
2025-06-24T09:59:18.096Z [INFO] Exception detection completed successfully in 99ms
2025-06-24T09:59:18.096Z [INFO] Scheduler: Job 'exceptionDetection' completed, next run: Tue Jun 24 2025 13:00:18 GMT+0300 (Ora de vară a Europei de Est)
2025-06-24T10:00:17.919Z [INFO] Scheduler: Running job 'expandRecurrences'
2025-06-24T10:00:17.920Z [INFO] ExpandRecurrences: Starting job
2025-06-24T10:00:17.994Z [INFO] ExpandRecurrences: Job completed, created 0 new recurring orders
2025-06-24T10:00:17.995Z [INFO] Scheduler: Job 'expandRecurrences' completed, next run: Tue Jun 24 2025 13:00:00 GMT+0300 (Ora de vară a Europei de Est)
2025-06-24T10:00:17.995Z [INFO] Scheduler: Running job 'checkInventory'
2025-06-24T10:00:17.995Z [INFO] CheckInventory: Starting inventory monitoring job
2025-06-24T10:00:17.999Z [INFO] Found 0 low stock items (threshold: 10)
2025-06-24T10:00:18.000Z [INFO] Found 0 out of stock items
2025-06-24T10:00:18.000Z [INFO] CheckInventory: All inventory levels are adequate
2025-06-24T10:00:18.001Z [INFO] Scheduler: Job 'checkInventory' completed, next run: Tue Jun 24 2025 14:00:00 GMT+0300 (Ora de vară a Europei de Est)
2025-06-24T10:01:17.929Z [INFO] Scheduler: Running job 'expandRecurrences'
2025-06-24T10:01:17.930Z [INFO] ExpandRecurrences: Starting job
2025-06-24T10:01:17.990Z [INFO] ExpandRecurrences: Job completed, created 0 new recurring orders
2025-06-24T10:01:17.990Z [INFO] Scheduler: Job 'expandRecurrences' completed, next run: Tue Jun 24 2025 13:05:00 GMT+0300 (Ora de vară a Europei de Est)
2025-06-24T10:01:17.991Z [INFO] Scheduler: Running job 'checkEquipmentStatus'
2025-06-24T10:01:17.991Z [INFO] CheckEquipmentStatus: Starting equipment monitoring job
2025-06-24T10:01:17.991Z [INFO] Starting equipment status check...
2025-06-24T10:01:17.994Z [ERROR] Error checking equipment status:
2025-06-24T10:01:17.994Z [ERROR] CheckEquipmentStatus: Job failed
2025-06-24T10:01:17.995Z [INFO] Scheduler: Job 'checkEquipmentStatus' completed, next run: Tue Jun 24 2025 13:02:17 GMT+0300 (Ora de vară a Europei de Est)
2025-06-24T10:01:17.995Z [INFO] Scheduler: Running job 'updateWeatherData'
2025-06-24T10:01:17.996Z [INFO] Starting weather data update job...
2025-06-24T10:01:17.996Z [INFO] Starting weather data update for all locations...
2025-06-24T10:01:17.999Z [ERROR] Error updating weather data:
2025-06-24T10:01:17.999Z [ERROR] Weather data update job failed:
2025-06-24T10:01:17.999Z [INFO] Scheduler: Job 'updateWeatherData' completed, next run: Tue Jun 24 2025 13:02:17 GMT+0300 (Ora de vară a Europei de Est)
2025-06-24T10:01:17.999Z [INFO] Scheduler: Running job 'exceptionDetection'
2025-06-24T10:01:17.999Z [INFO] Starting automated exception detection...
2025-06-24T10:01:18.000Z [INFO] Running comprehensive exception detection...
2025-06-24T10:01:18.002Z [ERROR] Error detecting staff unavailability: result.rows is not iterable
2025-06-24T10:01:18.063Z [ERROR] SQL error after 63ms: column em.created_at does not exist
2025-06-24T10:01:18.063Z [ERROR] Failed query: 
        SELECT 
          e.id,
          e.name,
          e.type,
          e.status,
          e.location_id,
          l.name as location_name,
          EXTRACT(days FROM (NOW() - e.updated_at)) as days_since_update,
          COUNT(em.id) as recent_maintenance
        FROM equipment e
        JOIN locations l ON e.location_id = l.id
        LEFT JOIN equipment_maintenance em ON e.id = em.equipment_id 
          AND em.created_at >= NOW() - INTERVAL '30 days'
      
        GROUP BY e.id, e.name, e.type, e.status, e.location_id, l.name, e.updated_at
        HAVING e.status = 'OUT_OF_SERVICE' 
          OR EXTRACT(days FROM (NOW() - e.updated_at)) > 7
        ORDER BY days_since_update DESC
      
2025-06-24T10:01:18.064Z [ERROR] Error detecting equipment failures: column em.created_at does not exist
2025-06-24T10:01:18.065Z [ERROR] SQL error after 65ms: column e.updated_at does not exist
2025-06-24T10:01:18.065Z [ERROR] Failed query: 
        SELECT 
          l.id as location_id,
          l.name as location_name,
          COUNT(e.id) as total_equipment,
          COUNT(CASE WHEN e.status = 'OUT_OF_SERVICE' THEN 1 END) as out_of_service,
          COUNT(CASE WHEN e.updated_at < NOW() - INTERVAL '2 hours' THEN 1 END) as stale_equipment
        FROM locations l
        LEFT JOIN equipment e ON l.id = e.location_id
       GROUP BY l.id, l.name
2025-06-24T10:01:18.066Z [ERROR] Error detecting power outage: column e.updated_at does not exist
2025-06-24T10:01:18.072Z [ERROR] SQL error after 72ms: column o.id does not exist
2025-06-24T10:01:18.072Z [ERROR] Failed query: 
        SELECT 
          t.id,
          t.status,
          t.location_id,
          l.name as location_name,
          o.id as order_id,
          EXTRACT(hours FROM (NOW() - t.created_at)) as hours_since_created,
          EXTRACT(hours FROM (NOW() - t.updated_at)) as hours_since_updated
        FROM transports t
        JOIN orders o ON t.order_id = o.id
        JOIN locations l ON t.location_id = l.id
        WHERE t.status IN ('PENDING', 'IN_PROGRESS')
       ORDER BY t.created_at ASC
2025-06-24T10:01:18.072Z [ERROR] Error detecting transport issues: column o.id does not exist
2025-06-24T10:01:18.073Z [INFO] Exception detection completed: 0 issues found
2025-06-24T10:01:18.073Z [INFO] Exception detection completed: 0 total issues found
2025-06-24T10:01:18.074Z [INFO] - Staff issues: 0
2025-06-24T10:01:18.074Z [INFO] - Power issues: 0
2025-06-24T10:01:18.074Z [INFO] - Equipment issues: 0
2025-06-24T10:01:18.074Z [INFO] - Transport issues: 0
2025-06-24T10:01:18.075Z [INFO] Creating notification: SYSTEM_STATUS_OK - LOW - All systems operational - no critical issues detected
2025-06-24T10:01:18.075Z [ERROR] Failed to send notification via websocket: WebSocket notification failed: broadcastToAllClients is not a function
2025-06-24T10:01:18.075Z [INFO] Exception detection completed successfully in 76ms
2025-06-24T10:01:18.075Z [INFO] Scheduler: Job 'exceptionDetection' completed, next run: Tue Jun 24 2025 13:02:18 GMT+0300 (Ora de vară a Europei de Est)
2025-06-24T10:03:17.940Z [INFO] Scheduler: Running job 'checkEquipmentStatus'
2025-06-24T10:03:17.942Z [INFO] CheckEquipmentStatus: Starting equipment monitoring job
2025-06-24T10:03:17.942Z [INFO] Starting equipment status check...
2025-06-24T10:03:18.005Z [ERROR] Error checking equipment status:
2025-06-24T10:03:18.006Z [ERROR] CheckEquipmentStatus: Job failed
2025-06-24T10:03:18.006Z [INFO] Scheduler: Job 'checkEquipmentStatus' completed, next run: Tue Jun 24 2025 13:04:18 GMT+0300 (Ora de vară a Europei de Est)
2025-06-24T10:03:18.006Z [INFO] Scheduler: Running job 'updateWeatherData'
2025-06-24T10:03:18.007Z [INFO] Starting weather data update job...
2025-06-24T10:03:18.007Z [INFO] Starting weather data update for all locations...
2025-06-24T10:03:18.009Z [ERROR] Error updating weather data:
2025-06-24T10:03:18.010Z [ERROR] Weather data update job failed:
2025-06-24T10:03:18.010Z [INFO] Scheduler: Job 'updateWeatherData' completed, next run: Tue Jun 24 2025 13:04:18 GMT+0300 (Ora de vară a Europei de Est)
2025-06-24T10:03:18.010Z [INFO] Scheduler: Running job 'exceptionDetection'
2025-06-24T10:03:18.010Z [INFO] Starting automated exception detection...
2025-06-24T10:03:18.011Z [INFO] Running comprehensive exception detection...
2025-06-24T10:03:18.013Z [ERROR] Error detecting staff unavailability: result.rows is not iterable
2025-06-24T10:03:18.079Z [ERROR] SQL error after 68ms: column e.updated_at does not exist
2025-06-24T10:03:18.079Z [ERROR] Failed query: 
        SELECT 
          l.id as location_id,
          l.name as location_name,
          COUNT(e.id) as total_equipment,
          COUNT(CASE WHEN e.status = 'OUT_OF_SERVICE' THEN 1 END) as out_of_service,
          COUNT(CASE WHEN e.updated_at < NOW() - INTERVAL '2 hours' THEN 1 END) as stale_equipment
        FROM locations l
        LEFT JOIN equipment e ON l.id = e.location_id
       GROUP BY l.id, l.name
2025-06-24T10:03:18.080Z [ERROR] Error detecting power outage: column e.updated_at does not exist
2025-06-24T10:03:18.085Z [ERROR] SQL error after 74ms: column o.id does not exist
2025-06-24T10:03:18.085Z [ERROR] Failed query: 
        SELECT 
          t.id,
          t.status,
          t.location_id,
          l.name as location_name,
          o.id as order_id,
          EXTRACT(hours FROM (NOW() - t.created_at)) as hours_since_created,
          EXTRACT(hours FROM (NOW() - t.updated_at)) as hours_since_updated
        FROM transports t
        JOIN orders o ON t.order_id = o.id
        JOIN locations l ON t.location_id = l.id
        WHERE t.status IN ('PENDING', 'IN_PROGRESS')
       ORDER BY t.created_at ASC
2025-06-24T10:03:18.086Z [ERROR] Error detecting transport issues: column o.id does not exist
2025-06-24T10:03:18.088Z [ERROR] SQL error after 77ms: column em.created_at does not exist
2025-06-24T10:03:18.088Z [ERROR] Failed query: 
        SELECT 
          e.id,
          e.name,
          e.type,
          e.status,
          e.location_id,
          l.name as location_name,
          EXTRACT(days FROM (NOW() - e.updated_at)) as days_since_update,
          COUNT(em.id) as recent_maintenance
        FROM equipment e
        JOIN locations l ON e.location_id = l.id
        LEFT JOIN equipment_maintenance em ON e.id = em.equipment_id 
          AND em.created_at >= NOW() - INTERVAL '30 days'
      
        GROUP BY e.id, e.name, e.type, e.status, e.location_id, l.name, e.updated_at
        HAVING e.status = 'OUT_OF_SERVICE' 
          OR EXTRACT(days FROM (NOW() - e.updated_at)) > 7
        ORDER BY days_since_update DESC
      
2025-06-24T10:03:18.089Z [ERROR] Error detecting equipment failures: column em.created_at does not exist
2025-06-24T10:03:18.089Z [INFO] Exception detection completed: 0 issues found
2025-06-24T10:03:18.090Z [INFO] Exception detection completed: 0 total issues found
2025-06-24T10:03:18.090Z [INFO] - Staff issues: 0
2025-06-24T10:03:18.090Z [INFO] - Power issues: 0
2025-06-24T10:03:18.091Z [INFO] - Equipment issues: 0
2025-06-24T10:03:18.091Z [INFO] - Transport issues: 0
2025-06-24T10:03:18.091Z [INFO] Creating notification: SYSTEM_STATUS_OK - LOW - All systems operational - no critical issues detected
2025-06-24T10:03:18.092Z [ERROR] Failed to send notification via websocket: WebSocket notification failed: broadcastToAllClients is not a function
2025-06-24T10:03:18.092Z [INFO] Exception detection completed successfully in 82ms
2025-06-24T10:03:18.092Z [INFO] Scheduler: Job 'exceptionDetection' completed, next run: Tue Jun 24 2025 13:04:18 GMT+0300 (Ora de vară a Europei de Est)
2025-06-24T10:05:17.956Z [INFO] Scheduler: Running job 'expandRecurrences'
2025-06-24T10:05:17.957Z [INFO] ExpandRecurrences: Starting job
2025-06-24T10:05:18.031Z [INFO] ExpandRecurrences: Job completed, created 0 new recurring orders
2025-06-24T10:05:18.032Z [INFO] Scheduler: Job 'expandRecurrences' completed, next run: Tue Jun 24 2025 13:05:00 GMT+0300 (Ora de vară a Europei de Est)
2025-06-24T10:05:18.032Z [INFO] Scheduler: Running job 'checkEquipmentStatus'
2025-06-24T10:05:18.032Z [INFO] CheckEquipmentStatus: Starting equipment monitoring job
2025-06-24T10:05:18.033Z [INFO] Starting equipment status check...
2025-06-24T10:05:18.037Z [ERROR] Error checking equipment status:
2025-06-24T10:05:18.038Z [ERROR] CheckEquipmentStatus: Job failed
2025-06-24T10:05:18.038Z [INFO] Scheduler: Job 'checkEquipmentStatus' completed, next run: Tue Jun 24 2025 13:06:18 GMT+0300 (Ora de vară a Europei de Est)
2025-06-24T10:05:18.038Z [INFO] Scheduler: Running job 'updateWeatherData'
2025-06-24T10:05:18.039Z [INFO] Starting weather data update job...
2025-06-24T10:05:18.039Z [INFO] Starting weather data update for all locations...
2025-06-24T10:05:18.041Z [ERROR] Error updating weather data:
2025-06-24T10:05:18.041Z [ERROR] Weather data update job failed:
2025-06-24T10:05:18.041Z [INFO] Scheduler: Job 'updateWeatherData' completed, next run: Tue Jun 24 2025 13:06:18 GMT+0300 (Ora de vară a Europei de Est)
2025-06-24T10:05:18.042Z [INFO] Scheduler: Running job 'exceptionDetection'
2025-06-24T10:05:18.042Z [INFO] Starting automated exception detection...
2025-06-24T10:05:18.042Z [INFO] Running comprehensive exception detection...
2025-06-24T10:05:18.044Z [ERROR] Error detecting staff unavailability: result.rows is not iterable
2025-06-24T10:05:18.125Z [ERROR] SQL error after 83ms: column e.updated_at does not exist
2025-06-24T10:05:18.126Z [ERROR] Failed query: 
        SELECT 
          l.id as location_id,
          l.name as location_name,
          COUNT(e.id) as total_equipment,
          COUNT(CASE WHEN e.status = 'OUT_OF_SERVICE' THEN 1 END) as out_of_service,
          COUNT(CASE WHEN e.updated_at < NOW() - INTERVAL '2 hours' THEN 1 END) as stale_equipment
        FROM locations l
        LEFT JOIN equipment e ON l.id = e.location_id
       GROUP BY l.id, l.name
2025-06-24T10:05:18.126Z [ERROR] Error detecting power outage: column e.updated_at does not exist
2025-06-24T10:05:18.128Z [ERROR] SQL error after 86ms: column o.id does not exist
2025-06-24T10:05:18.129Z [ERROR] Failed query: 
        SELECT 
          t.id,
          t.status,
          t.location_id,
          l.name as location_name,
          o.id as order_id,
          EXTRACT(hours FROM (NOW() - t.created_at)) as hours_since_created,
          EXTRACT(hours FROM (NOW() - t.updated_at)) as hours_since_updated
        FROM transports t
        JOIN orders o ON t.order_id = o.id
        JOIN locations l ON t.location_id = l.id
        WHERE t.status IN ('PENDING', 'IN_PROGRESS')
       ORDER BY t.created_at ASC
2025-06-24T10:05:18.129Z [ERROR] Error detecting transport issues: column o.id does not exist
2025-06-24T10:05:18.133Z [ERROR] SQL error after 90ms: column em.created_at does not exist
2025-06-24T10:05:18.133Z [ERROR] Failed query: 
        SELECT 
          e.id,
          e.name,
          e.type,
          e.status,
          e.location_id,
          l.name as location_name,
          EXTRACT(days FROM (NOW() - e.updated_at)) as days_since_update,
          COUNT(em.id) as recent_maintenance
        FROM equipment e
        JOIN locations l ON e.location_id = l.id
        LEFT JOIN equipment_maintenance em ON e.id = em.equipment_id 
          AND em.created_at >= NOW() - INTERVAL '30 days'
      
        GROUP BY e.id, e.name, e.type, e.status, e.location_id, l.name, e.updated_at
        HAVING e.status = 'OUT_OF_SERVICE' 
          OR EXTRACT(days FROM (NOW() - e.updated_at)) > 7
        ORDER BY days_since_update DESC
      
2025-06-24T10:05:18.134Z [ERROR] Error detecting equipment failures: column em.created_at does not exist
2025-06-24T10:05:18.134Z [INFO] Exception detection completed: 0 issues found
2025-06-24T10:05:18.134Z [INFO] Exception detection completed: 0 total issues found
2025-06-24T10:05:18.135Z [INFO] - Staff issues: 0
2025-06-24T10:05:18.135Z [INFO] - Power issues: 0
2025-06-24T10:05:18.135Z [INFO] - Equipment issues: 0
2025-06-24T10:05:18.135Z [INFO] - Transport issues: 0
2025-06-24T10:05:18.135Z [INFO] Creating notification: SYSTEM_STATUS_OK - LOW - All systems operational - no critical issues detected
2025-06-24T10:05:18.136Z [ERROR] Failed to send notification via websocket: WebSocket notification failed: broadcastToAllClients is not a function
2025-06-24T10:05:18.136Z [INFO] Exception detection completed successfully in 94ms
2025-06-24T10:05:18.136Z [INFO] Scheduler: Job 'exceptionDetection' completed, next run: Tue Jun 24 2025 13:06:18 GMT+0300 (Ora de vară a Europei de Est)
2025-06-24T10:06:17.959Z [INFO] Scheduler: Running job 'expandRecurrences'
2025-06-24T10:06:17.960Z [INFO] ExpandRecurrences: Starting job
2025-06-24T10:06:18.028Z [INFO] ExpandRecurrences: Job completed, created 0 new recurring orders
2025-06-24T10:06:18.028Z [INFO] Scheduler: Job 'expandRecurrences' completed, next run: Tue Jun 24 2025 13:10:00 GMT+0300 (Ora de vară a Europei de Est)
2025-06-24T10:07:17.959Z [INFO] Scheduler: Running job 'checkEquipmentStatus'
2025-06-24T10:07:17.960Z [INFO] CheckEquipmentStatus: Starting equipment monitoring job
2025-06-24T10:07:17.961Z [INFO] Starting equipment status check...
2025-06-24T10:07:18.030Z [ERROR] Error checking equipment status:
2025-06-24T10:07:18.031Z [ERROR] CheckEquipmentStatus: Job failed
2025-06-24T10:07:18.032Z [INFO] Scheduler: Job 'checkEquipmentStatus' completed, next run: Tue Jun 24 2025 13:08:18 GMT+0300 (Ora de vară a Europei de Est)
2025-06-24T10:07:18.032Z [INFO] Scheduler: Running job 'updateWeatherData'
2025-06-24T10:07:18.033Z [INFO] Starting weather data update job...
2025-06-24T10:07:18.034Z [INFO] Starting weather data update for all locations...
2025-06-24T10:07:18.037Z [ERROR] Error updating weather data:
2025-06-24T10:07:18.037Z [ERROR] Weather data update job failed:
2025-06-24T10:07:18.038Z [INFO] Scheduler: Job 'updateWeatherData' completed, next run: Tue Jun 24 2025 13:08:18 GMT+0300 (Ora de vară a Europei de Est)
2025-06-24T10:07:18.038Z [INFO] Scheduler: Running job 'exceptionDetection'
2025-06-24T10:07:18.038Z [INFO] Starting automated exception detection...
2025-06-24T10:07:18.039Z [INFO] Running comprehensive exception detection...
2025-06-24T10:07:18.044Z [ERROR] Error detecting staff unavailability: result.rows is not iterable
2025-06-24T10:07:18.114Z [ERROR] SQL error after 74ms: column e.updated_at does not exist
2025-06-24T10:07:18.115Z [ERROR] Failed query: 
        SELECT 
          l.id as location_id,
          l.name as location_name,
          COUNT(e.id) as total_equipment,
          COUNT(CASE WHEN e.status = 'OUT_OF_SERVICE' THEN 1 END) as out_of_service,
          COUNT(CASE WHEN e.updated_at < NOW() - INTERVAL '2 hours' THEN 1 END) as stale_equipment
        FROM locations l
        LEFT JOIN equipment e ON l.id = e.location_id
       GROUP BY l.id, l.name
2025-06-24T10:07:18.125Z [ERROR] Error detecting power outage: column e.updated_at does not exist
2025-06-24T10:07:18.133Z [ERROR] SQL error after 93ms: column em.created_at does not exist
2025-06-24T10:07:18.133Z [ERROR] Failed query: 
        SELECT 
          e.id,
          e.name,
          e.type,
          e.status,
          e.location_id,
          l.name as location_name,
          EXTRACT(days FROM (NOW() - e.updated_at)) as days_since_update,
          COUNT(em.id) as recent_maintenance
        FROM equipment e
        JOIN locations l ON e.location_id = l.id
        LEFT JOIN equipment_maintenance em ON e.id = em.equipment_id 
          AND em.created_at >= NOW() - INTERVAL '30 days'
      
        GROUP BY e.id, e.name, e.type, e.status, e.location_id, l.name, e.updated_at
        HAVING e.status = 'OUT_OF_SERVICE' 
          OR EXTRACT(days FROM (NOW() - e.updated_at)) > 7
        ORDER BY days_since_update DESC
      
2025-06-24T10:07:18.134Z [ERROR] Error detecting equipment failures: column em.created_at does not exist
2025-06-24T10:07:18.136Z [ERROR] SQL error after 96ms: column o.id does not exist
2025-06-24T10:07:18.137Z [ERROR] Failed query: 
        SELECT 
          t.id,
          t.status,
          t.location_id,
          l.name as location_name,
          o.id as order_id,
          EXTRACT(hours FROM (NOW() - t.created_at)) as hours_since_created,
          EXTRACT(hours FROM (NOW() - t.updated_at)) as hours_since_updated
        FROM transports t
        JOIN orders o ON t.order_id = o.id
        JOIN locations l ON t.location_id = l.id
        WHERE t.status IN ('PENDING', 'IN_PROGRESS')
       ORDER BY t.created_at ASC
2025-06-24T10:07:18.137Z [ERROR] Error detecting transport issues: column o.id does not exist
2025-06-24T10:07:18.137Z [INFO] Exception detection completed: 0 issues found
2025-06-24T10:07:18.138Z [INFO] Exception detection completed: 0 total issues found
2025-06-24T10:07:18.138Z [INFO] - Staff issues: 0
2025-06-24T10:07:18.138Z [INFO] - Power issues: 0
2025-06-24T10:07:18.138Z [INFO] - Equipment issues: 0
2025-06-24T10:07:18.139Z [INFO] - Transport issues: 0
2025-06-24T10:07:18.139Z [INFO] Creating notification: SYSTEM_STATUS_OK - LOW - All systems operational - no critical issues detected
2025-06-24T10:07:18.139Z [ERROR] Failed to send notification via websocket: WebSocket notification failed: broadcastToAllClients is not a function
2025-06-24T10:07:18.140Z [INFO] Exception detection completed successfully in 102ms
2025-06-24T10:07:18.140Z [INFO] Scheduler: Job 'exceptionDetection' completed, next run: Tue Jun 24 2025 13:08:18 GMT+0300 (Ora de vară a Europei de Est)
2025-06-24T10:09:17.971Z [INFO] Scheduler: Running job 'checkEquipmentStatus'
2025-06-24T10:09:17.972Z [INFO] CheckEquipmentStatus: Starting equipment monitoring job
2025-06-24T10:09:17.972Z [INFO] Starting equipment status check...
2025-06-24T10:09:18.054Z [ERROR] Error checking equipment status:
2025-06-24T10:09:18.055Z [ERROR] CheckEquipmentStatus: Job failed
2025-06-24T10:09:18.055Z [INFO] Scheduler: Job 'checkEquipmentStatus' completed, next run: Tue Jun 24 2025 13:10:18 GMT+0300 (Ora de vară a Europei de Est)
2025-06-24T10:09:18.056Z [INFO] Scheduler: Running job 'updateWeatherData'
2025-06-24T10:09:18.056Z [INFO] Starting weather data update job...
2025-06-24T10:09:18.056Z [INFO] Starting weather data update for all locations...
2025-06-24T10:09:18.060Z [ERROR] Error updating weather data:
2025-06-24T10:09:18.060Z [ERROR] Weather data update job failed:
2025-06-24T10:09:18.061Z [INFO] Scheduler: Job 'updateWeatherData' completed, next run: Tue Jun 24 2025 13:10:18 GMT+0300 (Ora de vară a Europei de Est)
2025-06-24T10:09:18.061Z [INFO] Scheduler: Running job 'exceptionDetection'
2025-06-24T10:09:18.062Z [INFO] Starting automated exception detection...
2025-06-24T10:09:18.062Z [INFO] Running comprehensive exception detection...
2025-06-24T10:09:18.066Z [ERROR] Error detecting staff unavailability: result.rows is not iterable
2025-06-24T10:09:18.145Z [ERROR] SQL error after 82ms: column e.updated_at does not exist
2025-06-24T10:09:18.145Z [ERROR] Failed query: 
        SELECT 
          l.id as location_id,
          l.name as location_name,
          COUNT(e.id) as total_equipment,
          COUNT(CASE WHEN e.status = 'OUT_OF_SERVICE' THEN 1 END) as out_of_service,
          COUNT(CASE WHEN e.updated_at < NOW() - INTERVAL '2 hours' THEN 1 END) as stale_equipment
        FROM locations l
        LEFT JOIN equipment e ON l.id = e.location_id
       GROUP BY l.id, l.name
2025-06-24T10:09:18.146Z [ERROR] Error detecting power outage: column e.updated_at does not exist
2025-06-24T10:09:18.147Z [ERROR] SQL error after 85ms: column em.created_at does not exist
2025-06-24T10:09:18.148Z [ERROR] Failed query: 
        SELECT 
          e.id,
          e.name,
          e.type,
          e.status,
          e.location_id,
          l.name as location_name,
          EXTRACT(days FROM (NOW() - e.updated_at)) as days_since_update,
          COUNT(em.id) as recent_maintenance
        FROM equipment e
        JOIN locations l ON e.location_id = l.id
        LEFT JOIN equipment_maintenance em ON e.id = em.equipment_id 
          AND em.created_at >= NOW() - INTERVAL '30 days'
      
        GROUP BY e.id, e.name, e.type, e.status, e.location_id, l.name, e.updated_at
        HAVING e.status = 'OUT_OF_SERVICE' 
          OR EXTRACT(days FROM (NOW() - e.updated_at)) > 7
        ORDER BY days_since_update DESC
      
2025-06-24T10:09:18.149Z [ERROR] Error detecting equipment failures: column em.created_at does not exist
2025-06-24T10:09:18.152Z [ERROR] SQL error after 89ms: column o.id does not exist
2025-06-24T10:09:18.152Z [ERROR] Failed query: 
        SELECT 
          t.id,
          t.status,
          t.location_id,
          l.name as location_name,
          o.id as order_id,
          EXTRACT(hours FROM (NOW() - t.created_at)) as hours_since_created,
          EXTRACT(hours FROM (NOW() - t.updated_at)) as hours_since_updated
        FROM transports t
        JOIN orders o ON t.order_id = o.id
        JOIN locations l ON t.location_id = l.id
        WHERE t.status IN ('PENDING', 'IN_PROGRESS')
       ORDER BY t.created_at ASC
2025-06-24T10:09:18.153Z [ERROR] Error detecting transport issues: column o.id does not exist
2025-06-24T10:09:18.154Z [INFO] Exception detection completed: 0 issues found
2025-06-24T10:09:18.154Z [INFO] Exception detection completed: 0 total issues found
2025-06-24T10:09:18.155Z [INFO] - Staff issues: 0
2025-06-24T10:09:18.156Z [INFO] - Power issues: 0
2025-06-24T10:09:18.156Z [INFO] - Equipment issues: 0
2025-06-24T10:09:18.157Z [INFO] - Transport issues: 0
2025-06-24T10:09:18.157Z [INFO] Creating notification: SYSTEM_STATUS_OK - LOW - All systems operational - no critical issues detected
2025-06-24T10:09:18.158Z [ERROR] Failed to send notification via websocket: WebSocket notification failed: broadcastToAllClients is not a function
2025-06-24T10:09:18.159Z [INFO] Exception detection completed successfully in 97ms
2025-06-24T10:09:18.159Z [INFO] Scheduler: Job 'exceptionDetection' completed, next run: Tue Jun 24 2025 13:10:18 GMT+0300 (Ora de vară a Europei de Est)
2025-06-24T10:10:17.975Z [INFO] Scheduler: Running job 'expandRecurrences'
2025-06-24T10:10:17.978Z [INFO] ExpandRecurrences: Starting job
2025-06-24T10:10:18.048Z [INFO] ExpandRecurrences: Job completed, created 0 new recurring orders
2025-06-24T10:10:18.049Z [INFO] Scheduler: Job 'expandRecurrences' completed, next run: Tue Jun 24 2025 13:10:00 GMT+0300 (Ora de vară a Europei de Est)
2025-06-24T10:11:17.989Z [INFO] Scheduler: Running job 'expandRecurrences'
2025-06-24T10:11:17.990Z [INFO] ExpandRecurrences: Starting job
2025-06-24T10:11:18.070Z [INFO] ExpandRecurrences: Job completed, created 0 new recurring orders
2025-06-24T10:11:18.071Z [INFO] Scheduler: Job 'expandRecurrences' completed, next run: Tue Jun 24 2025 13:15:00 GMT+0300 (Ora de vară a Europei de Est)
2025-06-24T10:11:18.071Z [INFO] Scheduler: Running job 'checkEquipmentStatus'
2025-06-24T10:11:18.072Z [INFO] CheckEquipmentStatus: Starting equipment monitoring job
2025-06-24T10:11:18.072Z [INFO] Starting equipment status check...
2025-06-24T10:11:18.081Z [ERROR] Error checking equipment status:
2025-06-24T10:11:18.082Z [ERROR] CheckEquipmentStatus: Job failed
2025-06-24T10:11:18.082Z [INFO] Scheduler: Job 'checkEquipmentStatus' completed, next run: Tue Jun 24 2025 13:12:18 GMT+0300 (Ora de vară a Europei de Est)
2025-06-24T10:11:18.083Z [INFO] Scheduler: Running job 'updateWeatherData'
2025-06-24T10:11:18.084Z [INFO] Starting weather data update job...
2025-06-24T10:11:18.084Z [INFO] Starting weather data update for all locations...
2025-06-24T10:11:18.090Z [ERROR] Error updating weather data:
2025-06-24T10:11:18.091Z [ERROR] Weather data update job failed:
2025-06-24T10:11:18.091Z [INFO] Scheduler: Job 'updateWeatherData' completed, next run: Tue Jun 24 2025 13:12:18 GMT+0300 (Ora de vară a Europei de Est)
2025-06-24T10:11:18.092Z [INFO] Scheduler: Running job 'exceptionDetection'
2025-06-24T10:11:18.092Z [INFO] Starting automated exception detection...
2025-06-24T10:11:18.093Z [INFO] Running comprehensive exception detection...
2025-06-24T10:11:18.100Z [ERROR] Error detecting staff unavailability: result.rows is not iterable
2025-06-24T10:11:18.172Z [ERROR] SQL error after 78ms: column e.updated_at does not exist
2025-06-24T10:11:18.173Z [ERROR] Failed query: 
        SELECT 
          l.id as location_id,
          l.name as location_name,
          COUNT(e.id) as total_equipment,
          COUNT(CASE WHEN e.status = 'OUT_OF_SERVICE' THEN 1 END) as out_of_service,
          COUNT(CASE WHEN e.updated_at < NOW() - INTERVAL '2 hours' THEN 1 END) as stale_equipment
        FROM locations l
        LEFT JOIN equipment e ON l.id = e.location_id
       GROUP BY l.id, l.name
2025-06-24T10:11:18.173Z [ERROR] Error detecting power outage: column e.updated_at does not exist
2025-06-24T10:11:18.174Z [ERROR] SQL error after 80ms: column em.created_at does not exist
2025-06-24T10:11:18.174Z [ERROR] Failed query: 
        SELECT 
          e.id,
          e.name,
          e.type,
          e.status,
          e.location_id,
          l.name as location_name,
          EXTRACT(days FROM (NOW() - e.updated_at)) as days_since_update,
          COUNT(em.id) as recent_maintenance
        FROM equipment e
        JOIN locations l ON e.location_id = l.id
        LEFT JOIN equipment_maintenance em ON e.id = em.equipment_id 
          AND em.created_at >= NOW() - INTERVAL '30 days'
      
        GROUP BY e.id, e.name, e.type, e.status, e.location_id, l.name, e.updated_at
        HAVING e.status = 'OUT_OF_SERVICE' 
          OR EXTRACT(days FROM (NOW() - e.updated_at)) > 7
        ORDER BY days_since_update DESC
      
2025-06-24T10:11:18.175Z [ERROR] Error detecting equipment failures: column em.created_at does not exist
2025-06-24T10:11:18.294Z [ERROR] SQL error after 200ms: column o.id does not exist
2025-06-24T10:11:18.295Z [ERROR] Failed query: 
        SELECT 
          t.id,
          t.status,
          t.location_id,
          l.name as location_name,
          o.id as order_id,
          EXTRACT(hours FROM (NOW() - t.created_at)) as hours_since_created,
          EXTRACT(hours FROM (NOW() - t.updated_at)) as hours_since_updated
        FROM transports t
        JOIN orders o ON t.order_id = o.id
        JOIN locations l ON t.location_id = l.id
        WHERE t.status IN ('PENDING', 'IN_PROGRESS')
       ORDER BY t.created_at ASC
2025-06-24T10:11:18.296Z [ERROR] Error detecting transport issues: column o.id does not exist
2025-06-24T10:11:18.296Z [INFO] Exception detection completed: 0 issues found
2025-06-24T10:11:18.297Z [INFO] Exception detection completed: 0 total issues found
2025-06-24T10:11:18.297Z [INFO] - Staff issues: 0
2025-06-24T10:11:18.298Z [INFO] - Power issues: 0
2025-06-24T10:11:18.298Z [INFO] - Equipment issues: 0
2025-06-24T10:11:18.298Z [INFO] - Transport issues: 0
2025-06-24T10:11:18.299Z [INFO] Creating notification: SYSTEM_STATUS_OK - LOW - All systems operational - no critical issues detected
2025-06-24T10:11:18.299Z [ERROR] Failed to send notification via websocket: WebSocket notification failed: broadcastToAllClients is not a function
2025-06-24T10:11:18.300Z [INFO] Exception detection completed successfully in 208ms
2025-06-24T10:11:18.303Z [INFO] Scheduler: Job 'exceptionDetection' completed, next run: Tue Jun 24 2025 13:12:18 GMT+0300 (Ora de vară a Europei de Est)
2025-06-24T10:13:17.999Z [INFO] Scheduler: Running job 'checkEquipmentStatus'
2025-06-24T10:13:18.000Z [INFO] CheckEquipmentStatus: Starting equipment monitoring job
2025-06-24T10:13:18.000Z [INFO] Starting equipment status check...
2025-06-24T10:13:18.057Z [ERROR] Error checking equipment status:
2025-06-24T10:13:18.057Z [ERROR] CheckEquipmentStatus: Job failed
2025-06-24T10:13:18.058Z [INFO] Scheduler: Job 'checkEquipmentStatus' completed, next run: Tue Jun 24 2025 13:14:18 GMT+0300 (Ora de vară a Europei de Est)
2025-06-24T10:13:18.058Z [INFO] Scheduler: Running job 'updateWeatherData'
2025-06-24T10:13:18.059Z [INFO] Starting weather data update job...
2025-06-24T10:13:18.059Z [INFO] Starting weather data update for all locations...
2025-06-24T10:13:18.062Z [ERROR] Error updating weather data:
2025-06-24T10:13:18.063Z [ERROR] Weather data update job failed:
2025-06-24T10:13:18.063Z [INFO] Scheduler: Job 'updateWeatherData' completed, next run: Tue Jun 24 2025 13:14:18 GMT+0300 (Ora de vară a Europei de Est)
2025-06-24T10:13:18.064Z [INFO] Scheduler: Running job 'exceptionDetection'
2025-06-24T10:13:18.064Z [INFO] Starting automated exception detection...
2025-06-24T10:13:18.064Z [INFO] Running comprehensive exception detection...
2025-06-24T10:13:18.068Z [ERROR] Error detecting staff unavailability: result.rows is not iterable
2025-06-24T10:13:18.124Z [ERROR] SQL error after 59ms: column e.updated_at does not exist
2025-06-24T10:13:18.124Z [ERROR] Failed query: 
        SELECT 
          l.id as location_id,
          l.name as location_name,
          COUNT(e.id) as total_equipment,
          COUNT(CASE WHEN e.status = 'OUT_OF_SERVICE' THEN 1 END) as out_of_service,
          COUNT(CASE WHEN e.updated_at < NOW() - INTERVAL '2 hours' THEN 1 END) as stale_equipment
        FROM locations l
        LEFT JOIN equipment e ON l.id = e.location_id
       GROUP BY l.id, l.name
2025-06-24T10:13:18.125Z [ERROR] Error detecting power outage: column e.updated_at does not exist
2025-06-24T10:13:18.132Z [ERROR] SQL error after 67ms: column em.created_at does not exist
2025-06-24T10:13:18.132Z [ERROR] Failed query: 
        SELECT 
          e.id,
          e.name,
          e.type,
          e.status,
          e.location_id,
          l.name as location_name,
          EXTRACT(days FROM (NOW() - e.updated_at)) as days_since_update,
          COUNT(em.id) as recent_maintenance
        FROM equipment e
        JOIN locations l ON e.location_id = l.id
        LEFT JOIN equipment_maintenance em ON e.id = em.equipment_id 
          AND em.created_at >= NOW() - INTERVAL '30 days'
      
        GROUP BY e.id, e.name, e.type, e.status, e.location_id, l.name, e.updated_at
        HAVING e.status = 'OUT_OF_SERVICE' 
          OR EXTRACT(days FROM (NOW() - e.updated_at)) > 7
        ORDER BY days_since_update DESC
      
2025-06-24T10:13:18.133Z [ERROR] Error detecting equipment failures: column em.created_at does not exist
2025-06-24T10:13:18.134Z [ERROR] SQL error after 69ms: column o.id does not exist
2025-06-24T10:13:18.134Z [ERROR] Failed query: 
        SELECT 
          t.id,
          t.status,
          t.location_id,
          l.name as location_name,
          o.id as order_id,
          EXTRACT(hours FROM (NOW() - t.created_at)) as hours_since_created,
          EXTRACT(hours FROM (NOW() - t.updated_at)) as hours_since_updated
        FROM transports t
        JOIN orders o ON t.order_id = o.id
        JOIN locations l ON t.location_id = l.id
        WHERE t.status IN ('PENDING', 'IN_PROGRESS')
       ORDER BY t.created_at ASC
2025-06-24T10:13:18.135Z [ERROR] Error detecting transport issues: column o.id does not exist
2025-06-24T10:13:18.135Z [INFO] Exception detection completed: 0 issues found
2025-06-24T10:13:18.135Z [INFO] Exception detection completed: 0 total issues found
2025-06-24T10:13:18.136Z [INFO] - Staff issues: 0
2025-06-24T10:13:18.136Z [INFO] - Power issues: 0
2025-06-24T10:13:18.136Z [INFO] - Equipment issues: 0
2025-06-24T10:13:18.136Z [INFO] - Transport issues: 0
2025-06-24T10:13:18.137Z [INFO] Creating notification: SYSTEM_STATUS_OK - LOW - All systems operational - no critical issues detected
2025-06-24T10:13:18.137Z [ERROR] Failed to send notification via websocket: WebSocket notification failed: broadcastToAllClients is not a function
2025-06-24T10:13:18.137Z [INFO] Exception detection completed successfully in 73ms
2025-06-24T10:13:18.138Z [INFO] Scheduler: Job 'exceptionDetection' completed, next run: Tue Jun 24 2025 13:14:18 GMT+0300 (Ora de vară a Europei de Est)
2025-06-24T10:15:18.024Z [INFO] Scheduler: Running job 'expandRecurrences'
2025-06-24T10:15:18.025Z [INFO] ExpandRecurrences: Starting job
2025-06-24T10:15:18.094Z [INFO] ExpandRecurrences: Job completed, created 0 new recurring orders
2025-06-24T10:15:18.095Z [INFO] Scheduler: Job 'expandRecurrences' completed, next run: Tue Jun 24 2025 13:15:00 GMT+0300 (Ora de vară a Europei de Est)
2025-06-24T10:15:18.095Z [INFO] Scheduler: Running job 'checkEquipmentStatus'
2025-06-24T10:15:18.096Z [INFO] CheckEquipmentStatus: Starting equipment monitoring job
2025-06-24T10:15:18.096Z [INFO] Starting equipment status check...
2025-06-24T10:15:18.100Z [ERROR] Error checking equipment status:
2025-06-24T10:15:18.100Z [ERROR] CheckEquipmentStatus: Job failed
2025-06-24T10:15:18.101Z [INFO] Scheduler: Job 'checkEquipmentStatus' completed, next run: Tue Jun 24 2025 13:16:18 GMT+0300 (Ora de vară a Europei de Est)
2025-06-24T10:15:18.101Z [INFO] Scheduler: Running job 'updateWeatherData'
2025-06-24T10:15:18.102Z [INFO] Starting weather data update job...
2025-06-24T10:15:18.102Z [INFO] Starting weather data update for all locations...
2025-06-24T10:15:18.107Z [ERROR] Error updating weather data:
2025-06-24T10:15:18.107Z [ERROR] Weather data update job failed:
2025-06-24T10:15:18.108Z [INFO] Scheduler: Job 'updateWeatherData' completed, next run: Tue Jun 24 2025 13:16:18 GMT+0300 (Ora de vară a Europei de Est)
2025-06-24T10:15:18.108Z [INFO] Scheduler: Running job 'exceptionDetection'
2025-06-24T10:15:18.109Z [INFO] Starting automated exception detection...
2025-06-24T10:15:18.109Z [INFO] Running comprehensive exception detection...
2025-06-24T10:15:18.115Z [ERROR] Error detecting staff unavailability: result.rows is not iterable
2025-06-24T10:15:18.187Z [ERROR] SQL error after 77ms: column em.created_at does not exist
2025-06-24T10:15:18.188Z [ERROR] Failed query: 
        SELECT 
          e.id,
          e.name,
          e.type,
          e.status,
          e.location_id,
          l.name as location_name,
          EXTRACT(days FROM (NOW() - e.updated_at)) as days_since_update,
          COUNT(em.id) as recent_maintenance
        FROM equipment e
        JOIN locations l ON e.location_id = l.id
        LEFT JOIN equipment_maintenance em ON e.id = em.equipment_id 
          AND em.created_at >= NOW() - INTERVAL '30 days'
      
        GROUP BY e.id, e.name, e.type, e.status, e.location_id, l.name, e.updated_at
        HAVING e.status = 'OUT_OF_SERVICE' 
          OR EXTRACT(days FROM (NOW() - e.updated_at)) > 7
        ORDER BY days_since_update DESC
      
2025-06-24T10:15:18.188Z [ERROR] Error detecting equipment failures: column em.created_at does not exist
2025-06-24T10:15:18.190Z [ERROR] SQL error after 80ms: column e.updated_at does not exist
2025-06-24T10:15:18.190Z [ERROR] Failed query: 
        SELECT 
          l.id as location_id,
          l.name as location_name,
          COUNT(e.id) as total_equipment,
          COUNT(CASE WHEN e.status = 'OUT_OF_SERVICE' THEN 1 END) as out_of_service,
          COUNT(CASE WHEN e.updated_at < NOW() - INTERVAL '2 hours' THEN 1 END) as stale_equipment
        FROM locations l
        LEFT JOIN equipment e ON l.id = e.location_id
       GROUP BY l.id, l.name
2025-06-24T10:15:18.191Z [ERROR] Error detecting power outage: column e.updated_at does not exist
2025-06-24T10:15:18.196Z [ERROR] SQL error after 86ms: column o.id does not exist
2025-06-24T10:15:18.196Z [ERROR] Failed query: 
        SELECT 
          t.id,
          t.status,
          t.location_id,
          l.name as location_name,
          o.id as order_id,
          EXTRACT(hours FROM (NOW() - t.created_at)) as hours_since_created,
          EXTRACT(hours FROM (NOW() - t.updated_at)) as hours_since_updated
        FROM transports t
        JOIN orders o ON t.order_id = o.id
        JOIN locations l ON t.location_id = l.id
        WHERE t.status IN ('PENDING', 'IN_PROGRESS')
       ORDER BY t.created_at ASC
2025-06-24T10:15:18.197Z [ERROR] Error detecting transport issues: column o.id does not exist
2025-06-24T10:15:18.197Z [INFO] Exception detection completed: 0 issues found
2025-06-24T10:15:18.197Z [INFO] Exception detection completed: 0 total issues found
2025-06-24T10:15:18.198Z [INFO] - Staff issues: 0
2025-06-24T10:15:18.198Z [INFO] - Power issues: 0
2025-06-24T10:15:18.198Z [INFO] - Equipment issues: 0
2025-06-24T10:15:18.199Z [INFO] - Transport issues: 0
2025-06-24T10:15:18.199Z [INFO] Creating notification: SYSTEM_STATUS_OK - LOW - All systems operational - no critical issues detected
2025-06-24T10:15:18.200Z [ERROR] Failed to send notification via websocket: WebSocket notification failed: broadcastToAllClients is not a function
2025-06-24T10:15:18.200Z [INFO] Exception detection completed successfully in 91ms
2025-06-24T10:15:18.200Z [INFO] Scheduler: Job 'exceptionDetection' completed, next run: Tue Jun 24 2025 13:16:18 GMT+0300 (Ora de vară a Europei de Est)
2025-06-24T10:16:18.033Z [INFO] Scheduler: Running job 'expandRecurrences'
2025-06-24T10:16:18.034Z [INFO] ExpandRecurrences: Starting job
2025-06-24T10:16:18.117Z [INFO] ExpandRecurrences: Job completed, created 0 new recurring orders
2025-06-24T10:16:18.117Z [INFO] Scheduler: Job 'expandRecurrences' completed, next run: Tue Jun 24 2025 13:20:00 GMT+0300 (Ora de vară a Europei de Est)
2025-06-24T10:17:18.038Z [INFO] Scheduler: Running job 'checkEquipmentStatus'
2025-06-24T10:17:18.039Z [INFO] CheckEquipmentStatus: Starting equipment monitoring job
2025-06-24T10:17:18.039Z [INFO] Starting equipment status check...
2025-06-24T10:17:18.130Z [ERROR] Error checking equipment status:
2025-06-24T10:17:18.131Z [ERROR] CheckEquipmentStatus: Job failed
2025-06-24T10:17:18.132Z [INFO] Scheduler: Job 'checkEquipmentStatus' completed, next run: Tue Jun 24 2025 13:18:18 GMT+0300 (Ora de vară a Europei de Est)
2025-06-24T10:17:18.133Z [INFO] Scheduler: Running job 'updateWeatherData'
2025-06-24T10:17:18.133Z [INFO] Starting weather data update job...
2025-06-24T10:17:18.134Z [INFO] Starting weather data update for all locations...
2025-06-24T10:17:18.139Z [ERROR] Error updating weather data:
2025-06-24T10:17:18.140Z [ERROR] Weather data update job failed:
2025-06-24T10:17:18.141Z [INFO] Scheduler: Job 'updateWeatherData' completed, next run: Tue Jun 24 2025 13:18:18 GMT+0300 (Ora de vară a Europei de Est)
2025-06-24T10:17:18.141Z [INFO] Scheduler: Running job 'exceptionDetection'
2025-06-24T10:17:18.142Z [INFO] Starting automated exception detection...
2025-06-24T10:17:18.142Z [INFO] Running comprehensive exception detection...
2025-06-24T10:17:18.147Z [ERROR] Error detecting staff unavailability: result.rows is not iterable
2025-06-24T10:17:18.229Z [ERROR] SQL error after 86ms: column e.updated_at does not exist
2025-06-24T10:17:18.229Z [ERROR] Failed query: 
        SELECT 
          l.id as location_id,
          l.name as location_name,
          COUNT(e.id) as total_equipment,
          COUNT(CASE WHEN e.status = 'OUT_OF_SERVICE' THEN 1 END) as out_of_service,
          COUNT(CASE WHEN e.updated_at < NOW() - INTERVAL '2 hours' THEN 1 END) as stale_equipment
        FROM locations l
        LEFT JOIN equipment e ON l.id = e.location_id
       GROUP BY l.id, l.name
2025-06-24T10:17:18.230Z [ERROR] Error detecting power outage: column e.updated_at does not exist
2025-06-24T10:17:18.232Z [ERROR] SQL error after 89ms: column em.created_at does not exist
2025-06-24T10:17:18.233Z [ERROR] Failed query: 
        SELECT 
          e.id,
          e.name,
          e.type,
          e.status,
          e.location_id,
          l.name as location_name,
          EXTRACT(days FROM (NOW() - e.updated_at)) as days_since_update,
          COUNT(em.id) as recent_maintenance
        FROM equipment e
        JOIN locations l ON e.location_id = l.id
        LEFT JOIN equipment_maintenance em ON e.id = em.equipment_id 
          AND em.created_at >= NOW() - INTERVAL '30 days'
      
        GROUP BY e.id, e.name, e.type, e.status, e.location_id, l.name, e.updated_at
        HAVING e.status = 'OUT_OF_SERVICE' 
          OR EXTRACT(days FROM (NOW() - e.updated_at)) > 7
        ORDER BY days_since_update DESC
      
2025-06-24T10:17:18.234Z [ERROR] Error detecting equipment failures: column em.created_at does not exist
2025-06-24T10:17:18.241Z [ERROR] SQL error after 98ms: column o.id does not exist
2025-06-24T10:17:18.242Z [ERROR] Failed query: 
        SELECT 
          t.id,
          t.status,
          t.location_id,
          l.name as location_name,
          o.id as order_id,
          EXTRACT(hours FROM (NOW() - t.created_at)) as hours_since_created,
          EXTRACT(hours FROM (NOW() - t.updated_at)) as hours_since_updated
        FROM transports t
        JOIN orders o ON t.order_id = o.id
        JOIN locations l ON t.location_id = l.id
        WHERE t.status IN ('PENDING', 'IN_PROGRESS')
       ORDER BY t.created_at ASC
2025-06-24T10:17:18.242Z [ERROR] Error detecting transport issues: column o.id does not exist
2025-06-24T10:17:18.243Z [INFO] Exception detection completed: 0 issues found
2025-06-24T10:17:18.243Z [INFO] Exception detection completed: 0 total issues found
2025-06-24T10:17:18.243Z [INFO] - Staff issues: 0
2025-06-24T10:17:18.244Z [INFO] - Power issues: 0
2025-06-24T10:17:18.244Z [INFO] - Equipment issues: 0
2025-06-24T10:17:18.244Z [INFO] - Transport issues: 0
2025-06-24T10:17:18.245Z [INFO] Creating notification: SYSTEM_STATUS_OK - LOW - All systems operational - no critical issues detected
2025-06-24T10:17:18.245Z [ERROR] Failed to send notification via websocket: WebSocket notification failed: broadcastToAllClients is not a function
2025-06-24T10:17:18.246Z [INFO] Exception detection completed successfully in 104ms
2025-06-24T10:17:18.246Z [INFO] Scheduler: Job 'exceptionDetection' completed, next run: Tue Jun 24 2025 13:18:18 GMT+0300 (Ora de vară a Europei de Est)
2025-06-24T10:19:18.044Z [INFO] Scheduler: Running job 'checkEquipmentStatus'
2025-06-24T10:19:18.045Z [INFO] CheckEquipmentStatus: Starting equipment monitoring job
2025-06-24T10:19:18.046Z [INFO] Starting equipment status check...
2025-06-24T10:19:18.128Z [ERROR] Error checking equipment status:
2025-06-24T10:19:18.128Z [ERROR] CheckEquipmentStatus: Job failed
2025-06-24T10:19:18.129Z [INFO] Scheduler: Job 'checkEquipmentStatus' completed, next run: Tue Jun 24 2025 13:20:18 GMT+0300 (Ora de vară a Europei de Est)
2025-06-24T10:19:18.129Z [INFO] Scheduler: Running job 'updateWeatherData'
2025-06-24T10:19:18.130Z [INFO] Starting weather data update job...
2025-06-24T10:19:18.130Z [INFO] Starting weather data update for all locations...
2025-06-24T10:19:18.134Z [ERROR] Error updating weather data:
2025-06-24T10:19:18.134Z [ERROR] Weather data update job failed:
2025-06-24T10:19:18.135Z [INFO] Scheduler: Job 'updateWeatherData' completed, next run: Tue Jun 24 2025 13:20:18 GMT+0300 (Ora de vară a Europei de Est)
2025-06-24T10:19:18.135Z [INFO] Scheduler: Running job 'exceptionDetection'
2025-06-24T10:19:18.136Z [INFO] Starting automated exception detection...
2025-06-24T10:19:18.136Z [INFO] Running comprehensive exception detection...
2025-06-24T10:19:18.140Z [ERROR] Error detecting staff unavailability: result.rows is not iterable
2025-06-24T10:19:18.215Z [ERROR] SQL error after 78ms: column e.updated_at does not exist
2025-06-24T10:19:18.215Z [ERROR] Failed query: 
        SELECT 
          l.id as location_id,
          l.name as location_name,
          COUNT(e.id) as total_equipment,
          COUNT(CASE WHEN e.status = 'OUT_OF_SERVICE' THEN 1 END) as out_of_service,
          COUNT(CASE WHEN e.updated_at < NOW() - INTERVAL '2 hours' THEN 1 END) as stale_equipment
        FROM locations l
        LEFT JOIN equipment e ON l.id = e.location_id
       GROUP BY l.id, l.name
2025-06-24T10:19:18.216Z [ERROR] Error detecting power outage: column e.updated_at does not exist
2025-06-24T10:19:18.222Z [ERROR] SQL error after 85ms: column o.id does not exist
2025-06-24T10:19:18.222Z [ERROR] Failed query: 
        SELECT 
          t.id,
          t.status,
          t.location_id,
          l.name as location_name,
          o.id as order_id,
          EXTRACT(hours FROM (NOW() - t.created_at)) as hours_since_created,
          EXTRACT(hours FROM (NOW() - t.updated_at)) as hours_since_updated
        FROM transports t
        JOIN orders o ON t.order_id = o.id
        JOIN locations l ON t.location_id = l.id
        WHERE t.status IN ('PENDING', 'IN_PROGRESS')
       ORDER BY t.created_at ASC
2025-06-24T10:19:18.223Z [ERROR] Error detecting transport issues: column o.id does not exist
2025-06-24T10:19:18.226Z [ERROR] SQL error after 89ms: column em.created_at does not exist
2025-06-24T10:19:18.227Z [ERROR] Failed query: 
        SELECT 
          e.id,
          e.name,
          e.type,
          e.status,
          e.location_id,
          l.name as location_name,
          EXTRACT(days FROM (NOW() - e.updated_at)) as days_since_update,
          COUNT(em.id) as recent_maintenance
        FROM equipment e
        JOIN locations l ON e.location_id = l.id
        LEFT JOIN equipment_maintenance em ON e.id = em.equipment_id 
          AND em.created_at >= NOW() - INTERVAL '30 days'
      
        GROUP BY e.id, e.name, e.type, e.status, e.location_id, l.name, e.updated_at
        HAVING e.status = 'OUT_OF_SERVICE' 
          OR EXTRACT(days FROM (NOW() - e.updated_at)) > 7
        ORDER BY days_since_update DESC
      
2025-06-24T10:19:18.228Z [ERROR] Error detecting equipment failures: column em.created_at does not exist
2025-06-24T10:19:18.228Z [INFO] Exception detection completed: 0 issues found
2025-06-24T10:19:18.229Z [INFO] Exception detection completed: 0 total issues found
2025-06-24T10:19:18.229Z [INFO] - Staff issues: 0
2025-06-24T10:19:18.230Z [INFO] - Power issues: 0
2025-06-24T10:19:18.230Z [INFO] - Equipment issues: 0
2025-06-24T10:19:18.231Z [INFO] - Transport issues: 0
2025-06-24T10:19:18.231Z [INFO] Creating notification: SYSTEM_STATUS_OK - LOW - All systems operational - no critical issues detected
2025-06-24T10:19:18.232Z [ERROR] Failed to send notification via websocket: WebSocket notification failed: broadcastToAllClients is not a function
2025-06-24T10:19:18.232Z [INFO] Exception detection completed successfully in 96ms
2025-06-24T10:19:18.233Z [INFO] Scheduler: Job 'exceptionDetection' completed, next run: Tue Jun 24 2025 13:20:18 GMT+0300 (Ora de vară a Europei de Est)
2025-06-24T10:20:18.052Z [INFO] Scheduler: Running job 'expandRecurrences'
2025-06-24T10:20:18.054Z [INFO] ExpandRecurrences: Starting job
2025-06-24T10:20:18.240Z [INFO] ExpandRecurrences: Job completed, created 0 new recurring orders
2025-06-24T10:20:18.240Z [INFO] Scheduler: Job 'expandRecurrences' completed, next run: Tue Jun 24 2025 13:20:00 GMT+0300 (Ora de vară a Europei de Est)
2025-06-24T10:21:18.062Z [INFO] Scheduler: Running job 'expandRecurrences'
2025-06-24T10:21:18.063Z [INFO] ExpandRecurrences: Starting job
2025-06-24T10:21:18.140Z [INFO] ExpandRecurrences: Job completed, created 0 new recurring orders
2025-06-24T10:21:18.140Z [INFO] Scheduler: Job 'expandRecurrences' completed, next run: Tue Jun 24 2025 13:25:00 GMT+0300 (Ora de vară a Europei de Est)
2025-06-24T10:21:18.141Z [INFO] Scheduler: Running job 'checkEquipmentStatus'
2025-06-24T10:21:18.141Z [INFO] CheckEquipmentStatus: Starting equipment monitoring job
2025-06-24T10:21:18.142Z [INFO] Starting equipment status check...
2025-06-24T10:21:18.149Z [ERROR] Error checking equipment status:
2025-06-24T10:21:18.149Z [ERROR] CheckEquipmentStatus: Job failed
2025-06-24T10:21:18.150Z [INFO] Scheduler: Job 'checkEquipmentStatus' completed, next run: Tue Jun 24 2025 13:22:18 GMT+0300 (Ora de vară a Europei de Est)
2025-06-24T10:21:18.150Z [INFO] Scheduler: Running job 'updateWeatherData'
2025-06-24T10:21:18.151Z [INFO] Starting weather data update job...
2025-06-24T10:21:18.152Z [INFO] Starting weather data update for all locations...
2025-06-24T10:21:18.157Z [ERROR] Error updating weather data:
2025-06-24T10:21:18.158Z [ERROR] Weather data update job failed:
2025-06-24T10:21:18.158Z [INFO] Scheduler: Job 'updateWeatherData' completed, next run: Tue Jun 24 2025 13:22:18 GMT+0300 (Ora de vară a Europei de Est)
2025-06-24T10:21:18.159Z [INFO] Scheduler: Running job 'exceptionDetection'
2025-06-24T10:21:18.160Z [INFO] Starting automated exception detection...
2025-06-24T10:21:18.160Z [INFO] Running comprehensive exception detection...
2025-06-24T10:21:18.165Z [ERROR] Error detecting staff unavailability: result.rows is not iterable
2025-06-24T10:21:18.250Z [ERROR] SQL error after 89ms: column em.created_at does not exist
2025-06-24T10:21:18.250Z [ERROR] Failed query: 
        SELECT 
          e.id,
          e.name,
          e.type,
          e.status,
          e.location_id,
          l.name as location_name,
          EXTRACT(days FROM (NOW() - e.updated_at)) as days_since_update,
          COUNT(em.id) as recent_maintenance
        FROM equipment e
        JOIN locations l ON e.location_id = l.id
        LEFT JOIN equipment_maintenance em ON e.id = em.equipment_id 
          AND em.created_at >= NOW() - INTERVAL '30 days'
      
        GROUP BY e.id, e.name, e.type, e.status, e.location_id, l.name, e.updated_at
        HAVING e.status = 'OUT_OF_SERVICE' 
          OR EXTRACT(days FROM (NOW() - e.updated_at)) > 7
        ORDER BY days_since_update DESC
      
2025-06-24T10:21:18.251Z [ERROR] Error detecting equipment failures: column em.created_at does not exist
2025-06-24T10:21:18.255Z [ERROR] SQL error after 94ms: column o.id does not exist
2025-06-24T10:21:18.256Z [ERROR] Failed query: 
        SELECT 
          t.id,
          t.status,
          t.location_id,
          l.name as location_name,
          o.id as order_id,
          EXTRACT(hours FROM (NOW() - t.created_at)) as hours_since_created,
          EXTRACT(hours FROM (NOW() - t.updated_at)) as hours_since_updated
        FROM transports t
        JOIN orders o ON t.order_id = o.id
        JOIN locations l ON t.location_id = l.id
        WHERE t.status IN ('PENDING', 'IN_PROGRESS')
       ORDER BY t.created_at ASC
2025-06-24T10:21:18.256Z [ERROR] Error detecting transport issues: column o.id does not exist
2025-06-24T10:21:18.258Z [ERROR] SQL error after 97ms: column e.updated_at does not exist
2025-06-24T10:21:18.258Z [ERROR] Failed query: 
        SELECT 
          l.id as location_id,
          l.name as location_name,
          COUNT(e.id) as total_equipment,
          COUNT(CASE WHEN e.status = 'OUT_OF_SERVICE' THEN 1 END) as out_of_service,
          COUNT(CASE WHEN e.updated_at < NOW() - INTERVAL '2 hours' THEN 1 END) as stale_equipment
        FROM locations l
        LEFT JOIN equipment e ON l.id = e.location_id
       GROUP BY l.id, l.name
2025-06-24T10:21:18.259Z [ERROR] Error detecting power outage: column e.updated_at does not exist
2025-06-24T10:21:18.260Z [INFO] Exception detection completed: 0 issues found
2025-06-24T10:21:18.260Z [INFO] Exception detection completed: 0 total issues found
2025-06-24T10:21:18.261Z [INFO] - Staff issues: 0
2025-06-24T10:21:18.262Z [INFO] - Power issues: 0
2025-06-24T10:21:18.262Z [INFO] - Equipment issues: 0
2025-06-24T10:21:18.263Z [INFO] - Transport issues: 0
2025-06-24T10:21:18.263Z [INFO] Creating notification: SYSTEM_STATUS_OK - LOW - All systems operational - no critical issues detected
2025-06-24T10:21:18.264Z [ERROR] Failed to send notification via websocket: WebSocket notification failed: broadcastToAllClients is not a function
2025-06-24T10:21:18.265Z [INFO] Exception detection completed successfully in 105ms
2025-06-24T10:21:18.265Z [INFO] Scheduler: Job 'exceptionDetection' completed, next run: Tue Jun 24 2025 13:22:18 GMT+0300 (Ora de vară a Europei de Est)
2025-06-24T10:23:18.079Z [INFO] Scheduler: Running job 'checkEquipmentStatus'
2025-06-24T10:23:18.080Z [INFO] CheckEquipmentStatus: Starting equipment monitoring job
2025-06-24T10:23:18.080Z [INFO] Starting equipment status check...
2025-06-24T10:23:18.165Z [ERROR] Error checking equipment status:
2025-06-24T10:23:18.166Z [ERROR] CheckEquipmentStatus: Job failed
2025-06-24T10:23:18.167Z [INFO] Scheduler: Job 'checkEquipmentStatus' completed, next run: Tue Jun 24 2025 13:24:18 GMT+0300 (Ora de vară a Europei de Est)
2025-06-24T10:23:18.167Z [INFO] Scheduler: Running job 'updateWeatherData'
2025-06-24T10:23:18.168Z [INFO] Starting weather data update job...
2025-06-24T10:23:18.169Z [INFO] Starting weather data update for all locations...
2025-06-24T10:23:18.173Z [ERROR] Error updating weather data:
2025-06-24T10:23:18.174Z [ERROR] Weather data update job failed:
2025-06-24T10:23:18.174Z [INFO] Scheduler: Job 'updateWeatherData' completed, next run: Tue Jun 24 2025 13:24:18 GMT+0300 (Ora de vară a Europei de Est)
2025-06-24T10:23:18.175Z [INFO] Scheduler: Running job 'exceptionDetection'
2025-06-24T10:23:18.176Z [INFO] Starting automated exception detection...
2025-06-24T10:23:18.176Z [INFO] Running comprehensive exception detection...
2025-06-24T10:23:18.181Z [ERROR] Error detecting staff unavailability: result.rows is not iterable
2025-06-24T10:23:18.258Z [ERROR] SQL error after 81ms: column em.created_at does not exist
2025-06-24T10:23:18.258Z [ERROR] Failed query: 
        SELECT 
          e.id,
          e.name,
          e.type,
          e.status,
          e.location_id,
          l.name as location_name,
          EXTRACT(days FROM (NOW() - e.updated_at)) as days_since_update,
          COUNT(em.id) as recent_maintenance
        FROM equipment e
        JOIN locations l ON e.location_id = l.id
        LEFT JOIN equipment_maintenance em ON e.id = em.equipment_id 
          AND em.created_at >= NOW() - INTERVAL '30 days'
      
        GROUP BY e.id, e.name, e.type, e.status, e.location_id, l.name, e.updated_at
        HAVING e.status = 'OUT_OF_SERVICE' 
          OR EXTRACT(days FROM (NOW() - e.updated_at)) > 7
        ORDER BY days_since_update DESC
      
2025-06-24T10:23:18.259Z [ERROR] Error detecting equipment failures: column em.created_at does not exist
2025-06-24T10:23:18.266Z [ERROR] SQL error after 89ms: column e.updated_at does not exist
2025-06-24T10:23:18.267Z [ERROR] Failed query: 
        SELECT 
          l.id as location_id,
          l.name as location_name,
          COUNT(e.id) as total_equipment,
          COUNT(CASE WHEN e.status = 'OUT_OF_SERVICE' THEN 1 END) as out_of_service,
          COUNT(CASE WHEN e.updated_at < NOW() - INTERVAL '2 hours' THEN 1 END) as stale_equipment
        FROM locations l
        LEFT JOIN equipment e ON l.id = e.location_id
       GROUP BY l.id, l.name
2025-06-24T10:23:18.267Z [ERROR] Error detecting power outage: column e.updated_at does not exist
2025-06-24T10:23:18.269Z [ERROR] SQL error after 92ms: column o.id does not exist
2025-06-24T10:23:18.269Z [ERROR] Failed query: 
        SELECT 
          t.id,
          t.status,
          t.location_id,
          l.name as location_name,
          o.id as order_id,
          EXTRACT(hours FROM (NOW() - t.created_at)) as hours_since_created,
          EXTRACT(hours FROM (NOW() - t.updated_at)) as hours_since_updated
        FROM transports t
        JOIN orders o ON t.order_id = o.id
        JOIN locations l ON t.location_id = l.id
        WHERE t.status IN ('PENDING', 'IN_PROGRESS')
       ORDER BY t.created_at ASC
2025-06-24T10:23:18.270Z [ERROR] Error detecting transport issues: column o.id does not exist
2025-06-24T10:23:18.270Z [INFO] Exception detection completed: 0 issues found
2025-06-24T10:23:18.271Z [INFO] Exception detection completed: 0 total issues found
2025-06-24T10:23:18.272Z [INFO] - Staff issues: 0
2025-06-24T10:23:18.272Z [INFO] - Power issues: 0
2025-06-24T10:23:18.272Z [INFO] - Equipment issues: 0
2025-06-24T10:23:18.273Z [INFO] - Transport issues: 0
2025-06-24T10:23:18.273Z [INFO] Creating notification: SYSTEM_STATUS_OK - LOW - All systems operational - no critical issues detected
2025-06-24T10:23:18.274Z [ERROR] Failed to send notification via websocket: WebSocket notification failed: broadcastToAllClients is not a function
2025-06-24T10:23:18.275Z [INFO] Exception detection completed successfully in 99ms
2025-06-24T10:23:18.275Z [INFO] Scheduler: Job 'exceptionDetection' completed, next run: Tue Jun 24 2025 13:24:18 GMT+0300 (Ora de vară a Europei de Est)
2025-06-24T10:25:18.096Z [INFO] Scheduler: Running job 'expandRecurrences'
2025-06-24T10:25:18.098Z [INFO] ExpandRecurrences: Starting job
2025-06-24T10:25:18.187Z [INFO] ExpandRecurrences: Job completed, created 0 new recurring orders
2025-06-24T10:25:18.188Z [INFO] Scheduler: Job 'expandRecurrences' completed, next run: Tue Jun 24 2025 13:25:00 GMT+0300 (Ora de vară a Europei de Est)
2025-06-24T10:25:18.188Z [INFO] Scheduler: Running job 'checkEquipmentStatus'
2025-06-24T10:25:18.189Z [INFO] CheckEquipmentStatus: Starting equipment monitoring job
2025-06-24T10:25:18.189Z [INFO] Starting equipment status check...
2025-06-24T10:25:18.195Z [ERROR] Error checking equipment status:
2025-06-24T10:25:18.196Z [ERROR] CheckEquipmentStatus: Job failed
2025-06-24T10:25:18.196Z [INFO] Scheduler: Job 'checkEquipmentStatus' completed, next run: Tue Jun 24 2025 13:26:18 GMT+0300 (Ora de vară a Europei de Est)
2025-06-24T10:25:18.197Z [INFO] Scheduler: Running job 'updateWeatherData'
2025-06-24T10:25:18.197Z [INFO] Starting weather data update job...
2025-06-24T10:25:18.198Z [INFO] Starting weather data update for all locations...
2025-06-24T10:25:18.203Z [ERROR] Error updating weather data:
2025-06-24T10:25:18.203Z [ERROR] Weather data update job failed:
2025-06-24T10:25:18.204Z [INFO] Scheduler: Job 'updateWeatherData' completed, next run: Tue Jun 24 2025 13:26:18 GMT+0300 (Ora de vară a Europei de Est)
2025-06-24T10:25:18.204Z [INFO] Scheduler: Running job 'exceptionDetection'
2025-06-24T10:25:18.205Z [INFO] Starting automated exception detection...
2025-06-24T10:25:18.205Z [INFO] Running comprehensive exception detection...
2025-06-24T10:25:18.210Z [ERROR] Error detecting staff unavailability: result.rows is not iterable
2025-06-24T10:25:18.297Z [ERROR] SQL error after 91ms: column e.updated_at does not exist
2025-06-24T10:25:18.297Z [ERROR] Failed query: 
        SELECT 
          l.id as location_id,
          l.name as location_name,
          COUNT(e.id) as total_equipment,
          COUNT(CASE WHEN e.status = 'OUT_OF_SERVICE' THEN 1 END) as out_of_service,
          COUNT(CASE WHEN e.updated_at < NOW() - INTERVAL '2 hours' THEN 1 END) as stale_equipment
        FROM locations l
        LEFT JOIN equipment e ON l.id = e.location_id
       GROUP BY l.id, l.name
2025-06-24T10:25:18.298Z [ERROR] Error detecting power outage: column e.updated_at does not exist
2025-06-24T10:25:18.305Z [ERROR] SQL error after 99ms: column o.id does not exist
2025-06-24T10:25:18.305Z [ERROR] Failed query: 
        SELECT 
          t.id,
          t.status,
          t.location_id,
          l.name as location_name,
          o.id as order_id,
          EXTRACT(hours FROM (NOW() - t.created_at)) as hours_since_created,
          EXTRACT(hours FROM (NOW() - t.updated_at)) as hours_since_updated
        FROM transports t
        JOIN orders o ON t.order_id = o.id
        JOIN locations l ON t.location_id = l.id
        WHERE t.status IN ('PENDING', 'IN_PROGRESS')
       ORDER BY t.created_at ASC
2025-06-24T10:25:18.306Z [ERROR] Error detecting transport issues: column o.id does not exist
2025-06-24T10:25:18.307Z [ERROR] SQL error after 101ms: column em.created_at does not exist
2025-06-24T10:25:18.307Z [ERROR] Failed query: 
        SELECT 
          e.id,
          e.name,
          e.type,
          e.status,
          e.location_id,
          l.name as location_name,
          EXTRACT(days FROM (NOW() - e.updated_at)) as days_since_update,
          COUNT(em.id) as recent_maintenance
        FROM equipment e
        JOIN locations l ON e.location_id = l.id
        LEFT JOIN equipment_maintenance em ON e.id = em.equipment_id 
          AND em.created_at >= NOW() - INTERVAL '30 days'
      
        GROUP BY e.id, e.name, e.type, e.status, e.location_id, l.name, e.updated_at
        HAVING e.status = 'OUT_OF_SERVICE' 
          OR EXTRACT(days FROM (NOW() - e.updated_at)) > 7
        ORDER BY days_since_update DESC
      
2025-06-24T10:25:18.308Z [ERROR] Error detecting equipment failures: column em.created_at does not exist
2025-06-24T10:25:18.308Z [INFO] Exception detection completed: 0 issues found
2025-06-24T10:25:18.309Z [INFO] Exception detection completed: 0 total issues found
2025-06-24T10:25:18.309Z [INFO] - Staff issues: 0
2025-06-24T10:25:18.310Z [INFO] - Power issues: 0
2025-06-24T10:25:18.310Z [INFO] - Equipment issues: 0
2025-06-24T10:25:18.310Z [INFO] - Transport issues: 0
2025-06-24T10:25:18.310Z [INFO] Creating notification: SYSTEM_STATUS_OK - LOW - All systems operational - no critical issues detected
2025-06-24T10:25:18.311Z [ERROR] Failed to send notification via websocket: WebSocket notification failed: broadcastToAllClients is not a function
2025-06-24T10:25:18.311Z [INFO] Exception detection completed successfully in 106ms
2025-06-24T10:25:18.312Z [INFO] Scheduler: Job 'exceptionDetection' completed, next run: Tue Jun 24 2025 13:26:18 GMT+0300 (Ora de vară a Europei de Est)
2025-06-24T10:26:18.099Z [INFO] Scheduler: Running job 'expandRecurrences'
2025-06-24T10:26:18.099Z [INFO] ExpandRecurrences: Starting job
2025-06-24T10:26:18.161Z [INFO] ExpandRecurrences: Job completed, created 0 new recurring orders
2025-06-24T10:26:18.161Z [INFO] Scheduler: Job 'expandRecurrences' completed, next run: Tue Jun 24 2025 13:30:00 GMT+0300 (Ora de vară a Europei de Est)
2025-06-24T10:27:18.113Z [INFO] Scheduler: Running job 'checkEquipmentStatus'
2025-06-24T10:27:18.115Z [INFO] CheckEquipmentStatus: Starting equipment monitoring job
2025-06-24T10:27:18.116Z [INFO] Starting equipment status check...
2025-06-24T10:27:18.193Z [ERROR] Error checking equipment status:
2025-06-24T10:27:18.193Z [ERROR] CheckEquipmentStatus: Job failed
2025-06-24T10:27:18.194Z [INFO] Scheduler: Job 'checkEquipmentStatus' completed, next run: Tue Jun 24 2025 13:28:18 GMT+0300 (Ora de vară a Europei de Est)
2025-06-24T10:27:18.194Z [INFO] Scheduler: Running job 'updateWeatherData'
2025-06-24T10:27:18.195Z [INFO] Starting weather data update job...
2025-06-24T10:27:18.196Z [INFO] Starting weather data update for all locations...
2025-06-24T10:27:18.200Z [ERROR] Error updating weather data:
2025-06-24T10:27:18.201Z [ERROR] Weather data update job failed:
2025-06-24T10:27:18.202Z [INFO] Scheduler: Job 'updateWeatherData' completed, next run: Tue Jun 24 2025 13:28:18 GMT+0300 (Ora de vară a Europei de Est)
2025-06-24T10:27:18.202Z [INFO] Scheduler: Running job 'exceptionDetection'
2025-06-24T10:27:18.203Z [INFO] Starting automated exception detection...
2025-06-24T10:27:18.203Z [INFO] Running comprehensive exception detection...
2025-06-24T10:27:18.208Z [ERROR] Error detecting staff unavailability: result.rows is not iterable
2025-06-24T10:27:18.286Z [ERROR] SQL error after 82ms: column e.updated_at does not exist
2025-06-24T10:27:18.287Z [ERROR] Failed query: 
        SELECT 
          l.id as location_id,
          l.name as location_name,
          COUNT(e.id) as total_equipment,
          COUNT(CASE WHEN e.status = 'OUT_OF_SERVICE' THEN 1 END) as out_of_service,
          COUNT(CASE WHEN e.updated_at < NOW() - INTERVAL '2 hours' THEN 1 END) as stale_equipment
        FROM locations l
        LEFT JOIN equipment e ON l.id = e.location_id
       GROUP BY l.id, l.name
2025-06-24T10:27:18.287Z [ERROR] Error detecting power outage: column e.updated_at does not exist
2025-06-24T10:27:18.290Z [ERROR] SQL error after 86ms: column em.created_at does not exist
2025-06-24T10:27:18.290Z [ERROR] Failed query: 
        SELECT 
          e.id,
          e.name,
          e.type,
          e.status,
          e.location_id,
          l.name as location_name,
          EXTRACT(days FROM (NOW() - e.updated_at)) as days_since_update,
          COUNT(em.id) as recent_maintenance
        FROM equipment e
        JOIN locations l ON e.location_id = l.id
        LEFT JOIN equipment_maintenance em ON e.id = em.equipment_id 
          AND em.created_at >= NOW() - INTERVAL '30 days'
      
        GROUP BY e.id, e.name, e.type, e.status, e.location_id, l.name, e.updated_at
        HAVING e.status = 'OUT_OF_SERVICE' 
          OR EXTRACT(days FROM (NOW() - e.updated_at)) > 7
        ORDER BY days_since_update DESC
      
2025-06-24T10:27:18.291Z [ERROR] Error detecting equipment failures: column em.created_at does not exist
2025-06-24T10:27:18.298Z [ERROR] SQL error after 94ms: column o.id does not exist
2025-06-24T10:27:18.299Z [ERROR] Failed query: 
        SELECT 
          t.id,
          t.status,
          t.location_id,
          l.name as location_name,
          o.id as order_id,
          EXTRACT(hours FROM (NOW() - t.created_at)) as hours_since_created,
          EXTRACT(hours FROM (NOW() - t.updated_at)) as hours_since_updated
        FROM transports t
        JOIN orders o ON t.order_id = o.id
        JOIN locations l ON t.location_id = l.id
        WHERE t.status IN ('PENDING', 'IN_PROGRESS')
       ORDER BY t.created_at ASC
2025-06-24T10:27:18.299Z [ERROR] Error detecting transport issues: column o.id does not exist
2025-06-24T10:27:18.300Z [INFO] Exception detection completed: 0 issues found
2025-06-24T10:27:18.300Z [INFO] Exception detection completed: 0 total issues found
2025-06-24T10:27:18.300Z [INFO] - Staff issues: 0
2025-06-24T10:27:18.301Z [INFO] - Power issues: 0
2025-06-24T10:27:18.301Z [INFO] - Equipment issues: 0
2025-06-24T10:27:18.301Z [INFO] - Transport issues: 0
2025-06-24T10:27:18.302Z [INFO] Creating notification: SYSTEM_STATUS_OK - LOW - All systems operational - no critical issues detected
2025-06-24T10:27:18.302Z [ERROR] Failed to send notification via websocket: WebSocket notification failed: broadcastToAllClients is not a function
2025-06-24T10:27:18.302Z [INFO] Exception detection completed successfully in 99ms
2025-06-24T10:27:18.303Z [INFO] Scheduler: Job 'exceptionDetection' completed, next run: Tue Jun 24 2025 13:28:18 GMT+0300 (Ora de vară a Europei de Est)
2025-06-24T10:29:18.132Z [INFO] Scheduler: Running job 'checkEquipmentStatus'
2025-06-24T10:29:18.133Z [INFO] CheckEquipmentStatus: Starting equipment monitoring job
2025-06-24T10:29:18.134Z [INFO] Starting equipment status check...
2025-06-24T10:29:18.223Z [ERROR] Error checking equipment status:
2025-06-24T10:29:18.224Z [ERROR] CheckEquipmentStatus: Job failed
2025-06-24T10:29:18.226Z [INFO] Scheduler: Job 'checkEquipmentStatus' completed, next run: Tue Jun 24 2025 13:30:18 GMT+0300 (Ora de vară a Europei de Est)
2025-06-24T10:29:18.226Z [INFO] Scheduler: Running job 'updateWeatherData'
2025-06-24T10:29:18.227Z [INFO] Starting weather data update job...
2025-06-24T10:29:18.228Z [INFO] Starting weather data update for all locations...
2025-06-24T10:29:18.237Z [ERROR] Error updating weather data:
2025-06-24T10:29:18.238Z [ERROR] Weather data update job failed:
2025-06-24T10:29:18.238Z [INFO] Scheduler: Job 'updateWeatherData' completed, next run: Tue Jun 24 2025 13:30:18 GMT+0300 (Ora de vară a Europei de Est)
2025-06-24T10:29:18.239Z [INFO] Scheduler: Running job 'exceptionDetection'
2025-06-24T10:29:18.240Z [INFO] Starting automated exception detection...
2025-06-24T10:29:18.240Z [INFO] Running comprehensive exception detection...
2025-06-24T10:29:18.251Z [ERROR] Error detecting staff unavailability: result.rows is not iterable
2025-06-24T10:29:18.323Z [ERROR] SQL error after 82ms: column e.updated_at does not exist
2025-06-24T10:29:18.324Z [ERROR] Failed query: 
        SELECT 
          l.id as location_id,
          l.name as location_name,
          COUNT(e.id) as total_equipment,
          COUNT(CASE WHEN e.status = 'OUT_OF_SERVICE' THEN 1 END) as out_of_service,
          COUNT(CASE WHEN e.updated_at < NOW() - INTERVAL '2 hours' THEN 1 END) as stale_equipment
        FROM locations l
        LEFT JOIN equipment e ON l.id = e.location_id
       GROUP BY l.id, l.name
2025-06-24T10:29:18.324Z [ERROR] Error detecting power outage: column e.updated_at does not exist
2025-06-24T10:29:18.334Z [ERROR] SQL error after 93ms: column em.created_at does not exist
2025-06-24T10:29:18.335Z [ERROR] Failed query: 
        SELECT 
          e.id,
          e.name,
          e.type,
          e.status,
          e.location_id,
          l.name as location_name,
          EXTRACT(days FROM (NOW() - e.updated_at)) as days_since_update,
          COUNT(em.id) as recent_maintenance
        FROM equipment e
        JOIN locations l ON e.location_id = l.id
        LEFT JOIN equipment_maintenance em ON e.id = em.equipment_id 
          AND em.created_at >= NOW() - INTERVAL '30 days'
      
        GROUP BY e.id, e.name, e.type, e.status, e.location_id, l.name, e.updated_at
        HAVING e.status = 'OUT_OF_SERVICE' 
          OR EXTRACT(days FROM (NOW() - e.updated_at)) > 7
        ORDER BY days_since_update DESC
      
2025-06-24T10:29:18.335Z [ERROR] Error detecting equipment failures: column em.created_at does not exist
2025-06-24T10:29:18.341Z [ERROR] SQL error after 100ms: column o.id does not exist
2025-06-24T10:29:18.341Z [ERROR] Failed query: 
        SELECT 
          t.id,
          t.status,
          t.location_id,
          l.name as location_name,
          o.id as order_id,
          EXTRACT(hours FROM (NOW() - t.created_at)) as hours_since_created,
          EXTRACT(hours FROM (NOW() - t.updated_at)) as hours_since_updated
        FROM transports t
        JOIN orders o ON t.order_id = o.id
        JOIN locations l ON t.location_id = l.id
        WHERE t.status IN ('PENDING', 'IN_PROGRESS')
       ORDER BY t.created_at ASC
2025-06-24T10:29:18.342Z [ERROR] Error detecting transport issues: column o.id does not exist
2025-06-24T10:29:18.342Z [INFO] Exception detection completed: 0 issues found
2025-06-24T10:29:18.342Z [INFO] Exception detection completed: 0 total issues found
2025-06-24T10:29:18.342Z [INFO] - Staff issues: 0
2025-06-24T10:29:18.343Z [INFO] - Power issues: 0
2025-06-24T10:29:18.343Z [INFO] - Equipment issues: 0
2025-06-24T10:29:18.343Z [INFO] - Transport issues: 0
2025-06-24T10:29:18.344Z [INFO] Creating notification: SYSTEM_STATUS_OK - LOW - All systems operational - no critical issues detected
2025-06-24T10:29:18.344Z [ERROR] Failed to send notification via websocket: WebSocket notification failed: broadcastToAllClients is not a function
2025-06-24T10:29:18.344Z [INFO] Exception detection completed successfully in 105ms
2025-06-24T10:29:18.345Z [INFO] Scheduler: Job 'exceptionDetection' completed, next run: Tue Jun 24 2025 13:30:18 GMT+0300 (Ora de vară a Europei de Est)
2025-06-24T10:30:18.140Z [INFO] Scheduler: Running job 'expandRecurrences'
2025-06-24T10:30:18.141Z [INFO] ExpandRecurrences: Starting job
2025-06-24T10:30:18.217Z [INFO] ExpandRecurrences: Job completed, created 0 new recurring orders
2025-06-24T10:30:18.218Z [INFO] Scheduler: Job 'expandRecurrences' completed, next run: Tue Jun 24 2025 13:30:00 GMT+0300 (Ora de vară a Europei de Est)
2025-06-24T10:31:18.146Z [INFO] Scheduler: Running job 'expandRecurrences'
2025-06-24T10:31:18.147Z [INFO] ExpandRecurrences: Starting job
2025-06-24T10:31:18.339Z [INFO] ExpandRecurrences: Job completed, created 0 new recurring orders
2025-06-24T10:31:18.339Z [INFO] Scheduler: Job 'expandRecurrences' completed, next run: Tue Jun 24 2025 13:35:00 GMT+0300 (Ora de vară a Europei de Est)
2025-06-24T10:31:18.340Z [INFO] Scheduler: Running job 'checkEquipmentStatus'
2025-06-24T10:31:18.340Z [INFO] CheckEquipmentStatus: Starting equipment monitoring job
2025-06-24T10:31:18.341Z [INFO] Starting equipment status check...
2025-06-24T10:31:18.346Z [ERROR] Error checking equipment status:
2025-06-24T10:31:18.347Z [ERROR] CheckEquipmentStatus: Job failed
2025-06-24T10:31:18.347Z [INFO] Scheduler: Job 'checkEquipmentStatus' completed, next run: Tue Jun 24 2025 13:32:18 GMT+0300 (Ora de vară a Europei de Est)
2025-06-24T10:31:18.348Z [INFO] Scheduler: Running job 'updateWeatherData'
2025-06-24T10:31:18.349Z [INFO] Starting weather data update job...
2025-06-24T10:31:18.349Z [INFO] Starting weather data update for all locations...
2025-06-24T10:31:18.354Z [ERROR] Error updating weather data:
2025-06-24T10:31:18.354Z [ERROR] Weather data update job failed:
2025-06-24T10:31:18.355Z [INFO] Scheduler: Job 'updateWeatherData' completed, next run: Tue Jun 24 2025 13:32:18 GMT+0300 (Ora de vară a Europei de Est)
2025-06-24T10:31:18.356Z [INFO] Scheduler: Running job 'exceptionDetection'
2025-06-24T10:31:18.357Z [INFO] Starting automated exception detection...
2025-06-24T10:31:18.357Z [INFO] Running comprehensive exception detection...
2025-06-24T10:31:18.362Z [ERROR] Error detecting staff unavailability: result.rows is not iterable
2025-06-24T10:31:18.441Z [ERROR] SQL error after 83ms: column em.created_at does not exist
2025-06-24T10:31:18.442Z [ERROR] Failed query: 
        SELECT 
          e.id,
          e.name,
          e.type,
          e.status,
          e.location_id,
          l.name as location_name,
          EXTRACT(days FROM (NOW() - e.updated_at)) as days_since_update,
          COUNT(em.id) as recent_maintenance
        FROM equipment e
        JOIN locations l ON e.location_id = l.id
        LEFT JOIN equipment_maintenance em ON e.id = em.equipment_id 
          AND em.created_at >= NOW() - INTERVAL '30 days'
      
        GROUP BY e.id, e.name, e.type, e.status, e.location_id, l.name, e.updated_at
        HAVING e.status = 'OUT_OF_SERVICE' 
          OR EXTRACT(days FROM (NOW() - e.updated_at)) > 7
        ORDER BY days_since_update DESC
      
2025-06-24T10:31:18.443Z [ERROR] Error detecting equipment failures: column em.created_at does not exist
2025-06-24T10:31:18.444Z [ERROR] SQL error after 85ms: column e.updated_at does not exist
2025-06-24T10:31:18.444Z [ERROR] Failed query: 
        SELECT 
          l.id as location_id,
          l.name as location_name,
          COUNT(e.id) as total_equipment,
          COUNT(CASE WHEN e.status = 'OUT_OF_SERVICE' THEN 1 END) as out_of_service,
          COUNT(CASE WHEN e.updated_at < NOW() - INTERVAL '2 hours' THEN 1 END) as stale_equipment
        FROM locations l
        LEFT JOIN equipment e ON l.id = e.location_id
       GROUP BY l.id, l.name
2025-06-24T10:31:18.444Z [ERROR] Error detecting power outage: column e.updated_at does not exist
2025-06-24T10:31:18.445Z [ERROR] SQL error after 87ms: column o.id does not exist
2025-06-24T10:31:18.446Z [ERROR] Failed query: 
        SELECT 
          t.id,
          t.status,
          t.location_id,
          l.name as location_name,
          o.id as order_id,
          EXTRACT(hours FROM (NOW() - t.created_at)) as hours_since_created,
          EXTRACT(hours FROM (NOW() - t.updated_at)) as hours_since_updated
        FROM transports t
        JOIN orders o ON t.order_id = o.id
        JOIN locations l ON t.location_id = l.id
        WHERE t.status IN ('PENDING', 'IN_PROGRESS')
       ORDER BY t.created_at ASC
2025-06-24T10:31:18.446Z [ERROR] Error detecting transport issues: column o.id does not exist
2025-06-24T10:31:18.447Z [INFO] Exception detection completed: 0 issues found
2025-06-24T10:31:18.447Z [INFO] Exception detection completed: 0 total issues found
2025-06-24T10:31:18.448Z [INFO] - Staff issues: 0
2025-06-24T10:31:18.448Z [INFO] - Power issues: 0
2025-06-24T10:31:18.449Z [INFO] - Equipment issues: 0
2025-06-24T10:31:18.449Z [INFO] - Transport issues: 0
2025-06-24T10:31:18.449Z [INFO] Creating notification: SYSTEM_STATUS_OK - LOW - All systems operational - no critical issues detected
2025-06-24T10:31:18.450Z [ERROR] Failed to send notification via websocket: WebSocket notification failed: broadcastToAllClients is not a function
2025-06-24T10:31:18.451Z [INFO] Exception detection completed successfully in 94ms
2025-06-24T10:31:18.451Z [INFO] Scheduler: Job 'exceptionDetection' completed, next run: Tue Jun 24 2025 13:32:18 GMT+0300 (Ora de vară a Europei de Est)
2025-06-24T10:33:18.169Z [INFO] Scheduler: Running job 'checkEquipmentStatus'
2025-06-24T10:33:18.170Z [INFO] CheckEquipmentStatus: Starting equipment monitoring job
2025-06-24T10:33:18.171Z [INFO] Starting equipment status check...
2025-06-24T10:33:18.230Z [ERROR] Error checking equipment status:
2025-06-24T10:33:18.231Z [ERROR] CheckEquipmentStatus: Job failed
2025-06-24T10:33:18.231Z [INFO] Scheduler: Job 'checkEquipmentStatus' completed, next run: Tue Jun 24 2025 13:34:18 GMT+0300 (Ora de vară a Europei de Est)
2025-06-24T10:33:18.232Z [INFO] Scheduler: Running job 'updateWeatherData'
2025-06-24T10:33:18.232Z [INFO] Starting weather data update job...
2025-06-24T10:33:18.232Z [INFO] Starting weather data update for all locations...
2025-06-24T10:33:18.236Z [ERROR] Error updating weather data:
2025-06-24T10:33:18.237Z [ERROR] Weather data update job failed:
2025-06-24T10:33:18.237Z [INFO] Scheduler: Job 'updateWeatherData' completed, next run: Tue Jun 24 2025 13:34:18 GMT+0300 (Ora de vară a Europei de Est)
2025-06-24T10:33:18.238Z [INFO] Scheduler: Running job 'exceptionDetection'
2025-06-24T10:33:18.238Z [INFO] Starting automated exception detection...
2025-06-24T10:33:18.238Z [INFO] Running comprehensive exception detection...
2025-06-24T10:33:18.241Z [ERROR] Error detecting staff unavailability: result.rows is not iterable
2025-06-24T10:33:18.321Z [ERROR] SQL error after 83ms: column e.updated_at does not exist
2025-06-24T10:33:18.321Z [ERROR] Failed query: 
        SELECT 
          l.id as location_id,
          l.name as location_name,
          COUNT(e.id) as total_equipment,
          COUNT(CASE WHEN e.status = 'OUT_OF_SERVICE' THEN 1 END) as out_of_service,
          COUNT(CASE WHEN e.updated_at < NOW() - INTERVAL '2 hours' THEN 1 END) as stale_equipment
        FROM locations l
        LEFT JOIN equipment e ON l.id = e.location_id
       GROUP BY l.id, l.name
2025-06-24T10:33:18.322Z [ERROR] Error detecting power outage: column e.updated_at does not exist
2025-06-24T10:33:18.323Z [ERROR] SQL error after 85ms: column o.id does not exist
2025-06-24T10:33:18.324Z [ERROR] Failed query: 
        SELECT 
          t.id,
          t.status,
          t.location_id,
          l.name as location_name,
          o.id as order_id,
          EXTRACT(hours FROM (NOW() - t.created_at)) as hours_since_created,
          EXTRACT(hours FROM (NOW() - t.updated_at)) as hours_since_updated
        FROM transports t
        JOIN orders o ON t.order_id = o.id
        JOIN locations l ON t.location_id = l.id
        WHERE t.status IN ('PENDING', 'IN_PROGRESS')
       ORDER BY t.created_at ASC
2025-06-24T10:33:18.324Z [ERROR] Error detecting transport issues: column o.id does not exist
2025-06-24T10:33:18.325Z [ERROR] SQL error after 87ms: column em.created_at does not exist
2025-06-24T10:33:18.326Z [ERROR] Failed query: 
        SELECT 
          e.id,
          e.name,
          e.type,
          e.status,
          e.location_id,
          l.name as location_name,
          EXTRACT(days FROM (NOW() - e.updated_at)) as days_since_update,
          COUNT(em.id) as recent_maintenance
        FROM equipment e
        JOIN locations l ON e.location_id = l.id
        LEFT JOIN equipment_maintenance em ON e.id = em.equipment_id 
          AND em.created_at >= NOW() - INTERVAL '30 days'
      
        GROUP BY e.id, e.name, e.type, e.status, e.location_id, l.name, e.updated_at
        HAVING e.status = 'OUT_OF_SERVICE' 
          OR EXTRACT(days FROM (NOW() - e.updated_at)) > 7
        ORDER BY days_since_update DESC
      
2025-06-24T10:33:18.327Z [ERROR] Error detecting equipment failures: column em.created_at does not exist
2025-06-24T10:33:18.328Z [INFO] Exception detection completed: 0 issues found
2025-06-24T10:33:18.328Z [INFO] Exception detection completed: 0 total issues found
2025-06-24T10:33:18.329Z [INFO] - Staff issues: 0
2025-06-24T10:33:18.329Z [INFO] - Power issues: 0
2025-06-24T10:33:18.330Z [INFO] - Equipment issues: 0
2025-06-24T10:33:18.330Z [INFO] - Transport issues: 0
2025-06-24T10:33:18.330Z [INFO] Creating notification: SYSTEM_STATUS_OK - LOW - All systems operational - no critical issues detected
2025-06-24T10:33:18.331Z [ERROR] Failed to send notification via websocket: WebSocket notification failed: broadcastToAllClients is not a function
2025-06-24T10:33:18.331Z [INFO] Exception detection completed successfully in 93ms
2025-06-24T10:33:18.331Z [INFO] Scheduler: Job 'exceptionDetection' completed, next run: Tue Jun 24 2025 13:34:18 GMT+0300 (Ora de vară a Europei de Est)
2025-06-24T10:35:18.176Z [INFO] Scheduler: Running job 'expandRecurrences'
2025-06-24T10:35:18.176Z [INFO] ExpandRecurrences: Starting job
2025-06-24T10:35:18.248Z [INFO] ExpandRecurrences: Job completed, created 0 new recurring orders
2025-06-24T10:35:18.249Z [INFO] Scheduler: Job 'expandRecurrences' completed, next run: Tue Jun 24 2025 13:35:00 GMT+0300 (Ora de vară a Europei de Est)
2025-06-24T10:35:18.249Z [INFO] Scheduler: Running job 'checkEquipmentStatus'
2025-06-24T10:35:18.250Z [INFO] CheckEquipmentStatus: Starting equipment monitoring job
2025-06-24T10:35:18.250Z [INFO] Starting equipment status check...
2025-06-24T10:35:18.255Z [ERROR] Error checking equipment status:
2025-06-24T10:35:18.256Z [ERROR] CheckEquipmentStatus: Job failed
2025-06-24T10:35:18.257Z [INFO] Scheduler: Job 'checkEquipmentStatus' completed, next run: Tue Jun 24 2025 13:36:18 GMT+0300 (Ora de vară a Europei de Est)
2025-06-24T10:35:18.257Z [INFO] Scheduler: Running job 'updateWeatherData'
2025-06-24T10:35:18.258Z [INFO] Starting weather data update job...
2025-06-24T10:35:18.258Z [INFO] Starting weather data update for all locations...
2025-06-24T10:35:18.263Z [ERROR] Error updating weather data:
2025-06-24T10:35:18.263Z [ERROR] Weather data update job failed:
2025-06-24T10:35:18.264Z [INFO] Scheduler: Job 'updateWeatherData' completed, next run: Tue Jun 24 2025 13:36:18 GMT+0300 (Ora de vară a Europei de Est)
2025-06-24T10:35:18.265Z [INFO] Scheduler: Running job 'exceptionDetection'
2025-06-24T10:35:18.265Z [INFO] Starting automated exception detection...
2025-06-24T10:35:18.266Z [INFO] Running comprehensive exception detection...
2025-06-24T10:35:18.270Z [ERROR] Error detecting staff unavailability: result.rows is not iterable
2025-06-24T10:35:18.340Z [ERROR] SQL error after 74ms: column e.updated_at does not exist
2025-06-24T10:35:18.341Z [ERROR] Failed query: 
        SELECT 
          l.id as location_id,
          l.name as location_name,
          COUNT(e.id) as total_equipment,
          COUNT(CASE WHEN e.status = 'OUT_OF_SERVICE' THEN 1 END) as out_of_service,
          COUNT(CASE WHEN e.updated_at < NOW() - INTERVAL '2 hours' THEN 1 END) as stale_equipment
        FROM locations l
        LEFT JOIN equipment e ON l.id = e.location_id
       GROUP BY l.id, l.name
2025-06-24T10:35:18.342Z [ERROR] Error detecting power outage: column e.updated_at does not exist
2025-06-24T10:35:18.347Z [ERROR] SQL error after 81ms: column o.id does not exist
2025-06-24T10:35:18.348Z [ERROR] Failed query: 
        SELECT 
          t.id,
          t.status,
          t.location_id,
          l.name as location_name,
          o.id as order_id,
          EXTRACT(hours FROM (NOW() - t.created_at)) as hours_since_created,
          EXTRACT(hours FROM (NOW() - t.updated_at)) as hours_since_updated
        FROM transports t
        JOIN orders o ON t.order_id = o.id
        JOIN locations l ON t.location_id = l.id
        WHERE t.status IN ('PENDING', 'IN_PROGRESS')
       ORDER BY t.created_at ASC
2025-06-24T10:35:18.349Z [ERROR] Error detecting transport issues: column o.id does not exist
2025-06-24T10:35:18.452Z [ERROR] SQL error after 186ms: column em.created_at does not exist
2025-06-24T10:35:18.452Z [ERROR] Failed query: 
        SELECT 
          e.id,
          e.name,
          e.type,
          e.status,
          e.location_id,
          l.name as location_name,
          EXTRACT(days FROM (NOW() - e.updated_at)) as days_since_update,
          COUNT(em.id) as recent_maintenance
        FROM equipment e
        JOIN locations l ON e.location_id = l.id
        LEFT JOIN equipment_maintenance em ON e.id = em.equipment_id 
          AND em.created_at >= NOW() - INTERVAL '30 days'
      
        GROUP BY e.id, e.name, e.type, e.status, e.location_id, l.name, e.updated_at
        HAVING e.status = 'OUT_OF_SERVICE' 
          OR EXTRACT(days FROM (NOW() - e.updated_at)) > 7
        ORDER BY days_since_update DESC
      
2025-06-24T10:35:18.453Z [ERROR] Error detecting equipment failures: column em.created_at does not exist
2025-06-24T10:35:18.454Z [INFO] Exception detection completed: 0 issues found
2025-06-24T10:35:18.454Z [INFO] Exception detection completed: 0 total issues found
2025-06-24T10:35:18.455Z [INFO] - Staff issues: 0
2025-06-24T10:35:18.455Z [INFO] - Power issues: 0
2025-06-24T10:35:18.456Z [INFO] - Equipment issues: 0
2025-06-24T10:35:18.456Z [INFO] - Transport issues: 0
2025-06-24T10:35:18.457Z [INFO] Creating notification: SYSTEM_STATUS_OK - LOW - All systems operational - no critical issues detected
2025-06-24T10:35:18.457Z [ERROR] Failed to send notification via websocket: WebSocket notification failed: broadcastToAllClients is not a function
2025-06-24T10:35:18.457Z [INFO] Exception detection completed successfully in 192ms
2025-06-24T10:35:18.458Z [INFO] Scheduler: Job 'exceptionDetection' completed, next run: Tue Jun 24 2025 13:36:18 GMT+0300 (Ora de vară a Europei de Est)
2025-06-24T10:36:18.192Z [INFO] Scheduler: Running job 'expandRecurrences'
2025-06-24T10:36:18.194Z [INFO] ExpandRecurrences: Starting job
2025-06-24T10:36:18.262Z [INFO] ExpandRecurrences: Job completed, created 0 new recurring orders
2025-06-24T10:36:18.263Z [INFO] Scheduler: Job 'expandRecurrences' completed, next run: Tue Jun 24 2025 13:40:00 GMT+0300 (Ora de vară a Europei de Est)
2025-06-24T10:37:18.196Z [INFO] Scheduler: Running job 'checkEquipmentStatus'
2025-06-24T10:37:18.198Z [INFO] CheckEquipmentStatus: Starting equipment monitoring job
2025-06-24T10:37:18.199Z [INFO] Starting equipment status check...
2025-06-24T10:37:18.287Z [ERROR] Error checking equipment status:
2025-06-24T10:37:18.288Z [ERROR] CheckEquipmentStatus: Job failed
2025-06-24T10:37:18.288Z [INFO] Scheduler: Job 'checkEquipmentStatus' completed, next run: Tue Jun 24 2025 13:38:18 GMT+0300 (Ora de vară a Europei de Est)
2025-06-24T10:37:18.289Z [INFO] Scheduler: Running job 'updateWeatherData'
2025-06-24T10:37:18.289Z [INFO] Starting weather data update job...
2025-06-24T10:37:18.290Z [INFO] Starting weather data update for all locations...
2025-06-24T10:37:18.295Z [ERROR] Error updating weather data:
2025-06-24T10:37:18.296Z [ERROR] Weather data update job failed:
2025-06-24T10:37:18.297Z [INFO] Scheduler: Job 'updateWeatherData' completed, next run: Tue Jun 24 2025 13:38:18 GMT+0300 (Ora de vară a Europei de Est)
2025-06-24T10:37:18.298Z [INFO] Scheduler: Running job 'exceptionDetection'
2025-06-24T10:37:18.298Z [INFO] Starting automated exception detection...
2025-06-24T10:37:18.299Z [INFO] Running comprehensive exception detection...
2025-06-24T10:37:18.304Z [ERROR] Error detecting staff unavailability: result.rows is not iterable
2025-06-24T10:37:18.411Z [ERROR] SQL error after 111ms: column e.updated_at does not exist
2025-06-24T10:37:18.412Z [ERROR] Failed query: 
        SELECT 
          l.id as location_id,
          l.name as location_name,
          COUNT(e.id) as total_equipment,
          COUNT(CASE WHEN e.status = 'OUT_OF_SERVICE' THEN 1 END) as out_of_service,
          COUNT(CASE WHEN e.updated_at < NOW() - INTERVAL '2 hours' THEN 1 END) as stale_equipment
        FROM locations l
        LEFT JOIN equipment e ON l.id = e.location_id
       GROUP BY l.id, l.name
2025-06-24T10:37:18.413Z [ERROR] Error detecting power outage: column e.updated_at does not exist
2025-06-24T10:37:18.418Z [ERROR] SQL error after 118ms: column em.created_at does not exist
2025-06-24T10:37:18.419Z [ERROR] Failed query: 
        SELECT 
          e.id,
          e.name,
          e.type,
          e.status,
          e.location_id,
          l.name as location_name,
          EXTRACT(days FROM (NOW() - e.updated_at)) as days_since_update,
          COUNT(em.id) as recent_maintenance
        FROM equipment e
        JOIN locations l ON e.location_id = l.id
        LEFT JOIN equipment_maintenance em ON e.id = em.equipment_id 
          AND em.created_at >= NOW() - INTERVAL '30 days'
      
        GROUP BY e.id, e.name, e.type, e.status, e.location_id, l.name, e.updated_at
        HAVING e.status = 'OUT_OF_SERVICE' 
          OR EXTRACT(days FROM (NOW() - e.updated_at)) > 7
        ORDER BY days_since_update DESC
      
2025-06-24T10:37:18.420Z [ERROR] Error detecting equipment failures: column em.created_at does not exist
2025-06-24T10:37:18.423Z [ERROR] SQL error after 123ms: column o.id does not exist
2025-06-24T10:37:18.424Z [ERROR] Failed query: 
        SELECT 
          t.id,
          t.status,
          t.location_id,
          l.name as location_name,
          o.id as order_id,
          EXTRACT(hours FROM (NOW() - t.created_at)) as hours_since_created,
          EXTRACT(hours FROM (NOW() - t.updated_at)) as hours_since_updated
        FROM transports t
        JOIN orders o ON t.order_id = o.id
        JOIN locations l ON t.location_id = l.id
        WHERE t.status IN ('PENDING', 'IN_PROGRESS')
       ORDER BY t.created_at ASC
2025-06-24T10:37:18.424Z [ERROR] Error detecting transport issues: column o.id does not exist
2025-06-24T10:37:18.425Z [INFO] Exception detection completed: 0 issues found
2025-06-24T10:37:18.425Z [INFO] Exception detection completed: 0 total issues found
2025-06-24T10:37:18.426Z [INFO] - Staff issues: 0
2025-06-24T10:37:18.426Z [INFO] - Power issues: 0
2025-06-24T10:37:18.427Z [INFO] - Equipment issues: 0
2025-06-24T10:37:18.427Z [INFO] - Transport issues: 0
2025-06-24T10:37:18.427Z [INFO] Creating notification: SYSTEM_STATUS_OK - LOW - All systems operational - no critical issues detected
2025-06-24T10:37:18.428Z [ERROR] Failed to send notification via websocket: WebSocket notification failed: broadcastToAllClients is not a function
2025-06-24T10:37:18.429Z [INFO] Exception detection completed successfully in 131ms
2025-06-24T10:37:18.430Z [INFO] Scheduler: Job 'exceptionDetection' completed, next run: Tue Jun 24 2025 13:38:18 GMT+0300 (Ora de vară a Europei de Est)
2025-06-24T10:39:18.223Z [INFO] Scheduler: Running job 'checkEquipmentStatus'
2025-06-24T10:39:18.228Z [INFO] CheckEquipmentStatus: Starting equipment monitoring job
2025-06-24T10:39:18.228Z [INFO] Starting equipment status check...
2025-06-24T10:39:18.315Z [ERROR] Error checking equipment status:
2025-06-24T10:39:18.316Z [ERROR] CheckEquipmentStatus: Job failed
2025-06-24T10:39:18.317Z [INFO] Scheduler: Job 'checkEquipmentStatus' completed, next run: Tue Jun 24 2025 13:40:18 GMT+0300 (Ora de vară a Europei de Est)
2025-06-24T10:39:18.317Z [INFO] Scheduler: Running job 'updateWeatherData'
2025-06-24T10:39:18.318Z [INFO] Starting weather data update job...
2025-06-24T10:39:18.318Z [INFO] Starting weather data update for all locations...
2025-06-24T10:39:18.322Z [ERROR] Error updating weather data:
2025-06-24T10:39:18.323Z [ERROR] Weather data update job failed:
2025-06-24T10:39:18.323Z [INFO] Scheduler: Job 'updateWeatherData' completed, next run: Tue Jun 24 2025 13:40:18 GMT+0300 (Ora de vară a Europei de Est)
2025-06-24T10:39:18.324Z [INFO] Scheduler: Running job 'exceptionDetection'
2025-06-24T10:39:18.325Z [INFO] Starting automated exception detection...
2025-06-24T10:39:18.325Z [INFO] Running comprehensive exception detection...
2025-06-24T10:39:18.329Z [ERROR] Error detecting staff unavailability: result.rows is not iterable
2025-06-24T10:39:18.408Z [ERROR] SQL error after 82ms: column e.updated_at does not exist
2025-06-24T10:39:18.408Z [ERROR] Failed query: 
        SELECT 
          l.id as location_id,
          l.name as location_name,
          COUNT(e.id) as total_equipment,
          COUNT(CASE WHEN e.status = 'OUT_OF_SERVICE' THEN 1 END) as out_of_service,
          COUNT(CASE WHEN e.updated_at < NOW() - INTERVAL '2 hours' THEN 1 END) as stale_equipment
        FROM locations l
        LEFT JOIN equipment e ON l.id = e.location_id
       GROUP BY l.id, l.name
2025-06-24T10:39:18.409Z [ERROR] Error detecting power outage: column e.updated_at does not exist
2025-06-24T10:39:18.410Z [ERROR] SQL error after 84ms: column em.created_at does not exist
2025-06-24T10:39:18.411Z [ERROR] Failed query: 
        SELECT 
          e.id,
          e.name,
          e.type,
          e.status,
          e.location_id,
          l.name as location_name,
          EXTRACT(days FROM (NOW() - e.updated_at)) as days_since_update,
          COUNT(em.id) as recent_maintenance
        FROM equipment e
        JOIN locations l ON e.location_id = l.id
        LEFT JOIN equipment_maintenance em ON e.id = em.equipment_id 
          AND em.created_at >= NOW() - INTERVAL '30 days'
      
        GROUP BY e.id, e.name, e.type, e.status, e.location_id, l.name, e.updated_at
        HAVING e.status = 'OUT_OF_SERVICE' 
          OR EXTRACT(days FROM (NOW() - e.updated_at)) > 7
        ORDER BY days_since_update DESC
      
2025-06-24T10:39:18.412Z [ERROR] Error detecting equipment failures: column em.created_at does not exist
2025-06-24T10:39:18.414Z [ERROR] SQL error after 88ms: column o.id does not exist
2025-06-24T10:39:18.414Z [ERROR] Failed query: 
        SELECT 
          t.id,
          t.status,
          t.location_id,
          l.name as location_name,
          o.id as order_id,
          EXTRACT(hours FROM (NOW() - t.created_at)) as hours_since_created,
          EXTRACT(hours FROM (NOW() - t.updated_at)) as hours_since_updated
        FROM transports t
        JOIN orders o ON t.order_id = o.id
        JOIN locations l ON t.location_id = l.id
        WHERE t.status IN ('PENDING', 'IN_PROGRESS')
       ORDER BY t.created_at ASC
2025-06-24T10:39:18.415Z [ERROR] Error detecting transport issues: column o.id does not exist
2025-06-24T10:39:18.415Z [INFO] Exception detection completed: 0 issues found
2025-06-24T10:39:18.416Z [INFO] Exception detection completed: 0 total issues found
2025-06-24T10:39:18.416Z [INFO] - Staff issues: 0
2025-06-24T10:39:18.417Z [INFO] - Power issues: 0
2025-06-24T10:39:18.417Z [INFO] - Equipment issues: 0
2025-06-24T10:39:18.418Z [INFO] - Transport issues: 0
2025-06-24T10:39:18.418Z [INFO] Creating notification: SYSTEM_STATUS_OK - LOW - All systems operational - no critical issues detected
2025-06-24T10:39:18.419Z [ERROR] Failed to send notification via websocket: WebSocket notification failed: broadcastToAllClients is not a function
2025-06-24T10:39:18.420Z [INFO] Exception detection completed successfully in 96ms
2025-06-24T10:39:18.420Z [INFO] Scheduler: Job 'exceptionDetection' completed, next run: Tue Jun 24 2025 13:40:18 GMT+0300 (Ora de vară a Europei de Est)
2025-06-24T10:40:18.232Z [INFO] Scheduler: Running job 'expandRecurrences'
2025-06-24T10:40:18.236Z [INFO] ExpandRecurrences: Starting job
2025-06-24T10:40:18.339Z [INFO] ExpandRecurrences: Job completed, created 0 new recurring orders
2025-06-24T10:40:18.340Z [INFO] Scheduler: Job 'expandRecurrences' completed, next run: Tue Jun 24 2025 13:40:00 GMT+0300 (Ora de vară a Europei de Est)
2025-06-24T10:41:18.246Z [INFO] Scheduler: Running job 'expandRecurrences'
2025-06-24T10:41:18.247Z [INFO] ExpandRecurrences: Starting job
2025-06-24T10:41:18.320Z [INFO] ExpandRecurrences: Job completed, created 0 new recurring orders
2025-06-24T10:41:18.321Z [INFO] Scheduler: Job 'expandRecurrences' completed, next run: Tue Jun 24 2025 13:45:00 GMT+0300 (Ora de vară a Europei de Est)
2025-06-24T10:41:18.321Z [INFO] Scheduler: Running job 'checkEquipmentStatus'
2025-06-24T10:41:18.322Z [INFO] CheckEquipmentStatus: Starting equipment monitoring job
2025-06-24T10:41:18.322Z [INFO] Starting equipment status check...
2025-06-24T10:41:18.328Z [ERROR] Error checking equipment status:
2025-06-24T10:41:18.329Z [ERROR] CheckEquipmentStatus: Job failed
2025-06-24T10:41:18.330Z [INFO] Scheduler: Job 'checkEquipmentStatus' completed, next run: Tue Jun 24 2025 13:42:18 GMT+0300 (Ora de vară a Europei de Est)
2025-06-24T10:41:18.330Z [INFO] Scheduler: Running job 'updateWeatherData'
2025-06-24T10:41:18.331Z [INFO] Starting weather data update job...
2025-06-24T10:41:18.331Z [INFO] Starting weather data update for all locations...
2025-06-24T10:41:18.335Z [ERROR] Error updating weather data:
2025-06-24T10:41:18.336Z [ERROR] Weather data update job failed:
2025-06-24T10:41:18.336Z [INFO] Scheduler: Job 'updateWeatherData' completed, next run: Tue Jun 24 2025 13:42:18 GMT+0300 (Ora de vară a Europei de Est)
2025-06-24T10:41:18.337Z [INFO] Scheduler: Running job 'exceptionDetection'
2025-06-24T10:41:18.338Z [INFO] Starting automated exception detection...
2025-06-24T10:41:18.338Z [INFO] Running comprehensive exception detection...
2025-06-24T10:41:18.342Z [ERROR] Error detecting staff unavailability: result.rows is not iterable
2025-06-24T10:41:18.426Z [ERROR] SQL error after 87ms: column em.created_at does not exist
2025-06-24T10:41:18.427Z [ERROR] Failed query: 
        SELECT 
          e.id,
          e.name,
          e.type,
          e.status,
          e.location_id,
          l.name as location_name,
          EXTRACT(days FROM (NOW() - e.updated_at)) as days_since_update,
          COUNT(em.id) as recent_maintenance
        FROM equipment e
        JOIN locations l ON e.location_id = l.id
        LEFT JOIN equipment_maintenance em ON e.id = em.equipment_id 
          AND em.created_at >= NOW() - INTERVAL '30 days'
      
        GROUP BY e.id, e.name, e.type, e.status, e.location_id, l.name, e.updated_at
        HAVING e.status = 'OUT_OF_SERVICE' 
          OR EXTRACT(days FROM (NOW() - e.updated_at)) > 7
        ORDER BY days_since_update DESC
      
2025-06-24T10:41:18.427Z [ERROR] Error detecting equipment failures: column em.created_at does not exist
2025-06-24T10:41:18.431Z [ERROR] SQL error after 92ms: column e.updated_at does not exist
2025-06-24T10:41:18.431Z [ERROR] Failed query: 
        SELECT 
          l.id as location_id,
          l.name as location_name,
          COUNT(e.id) as total_equipment,
          COUNT(CASE WHEN e.status = 'OUT_OF_SERVICE' THEN 1 END) as out_of_service,
          COUNT(CASE WHEN e.updated_at < NOW() - INTERVAL '2 hours' THEN 1 END) as stale_equipment
        FROM locations l
        LEFT JOIN equipment e ON l.id = e.location_id
       GROUP BY l.id, l.name
2025-06-24T10:41:18.432Z [ERROR] Error detecting power outage: column e.updated_at does not exist
2025-06-24T10:41:18.434Z [ERROR] SQL error after 95ms: column o.id does not exist
2025-06-24T10:41:18.435Z [ERROR] Failed query: 
        SELECT 
          t.id,
          t.status,
          t.location_id,
          l.name as location_name,
          o.id as order_id,
          EXTRACT(hours FROM (NOW() - t.created_at)) as hours_since_created,
          EXTRACT(hours FROM (NOW() - t.updated_at)) as hours_since_updated
        FROM transports t
        JOIN orders o ON t.order_id = o.id
        JOIN locations l ON t.location_id = l.id
        WHERE t.status IN ('PENDING', 'IN_PROGRESS')
       ORDER BY t.created_at ASC
2025-06-24T10:41:18.436Z [ERROR] Error detecting transport issues: column o.id does not exist
2025-06-24T10:41:18.436Z [INFO] Exception detection completed: 0 issues found
2025-06-24T10:41:18.437Z [INFO] Exception detection completed: 0 total issues found
2025-06-24T10:41:18.437Z [INFO] - Staff issues: 0
2025-06-24T10:41:18.437Z [INFO] - Power issues: 0
2025-06-24T10:41:18.438Z [INFO] - Equipment issues: 0
2025-06-24T10:41:18.438Z [INFO] - Transport issues: 0
2025-06-24T10:41:18.439Z [INFO] Creating notification: SYSTEM_STATUS_OK - LOW - All systems operational - no critical issues detected
2025-06-24T10:41:18.439Z [ERROR] Failed to send notification via websocket: WebSocket notification failed: broadcastToAllClients is not a function
2025-06-24T10:41:18.440Z [INFO] Exception detection completed successfully in 102ms
2025-06-24T10:41:18.440Z [INFO] Scheduler: Job 'exceptionDetection' completed, next run: Tue Jun 24 2025 13:42:18 GMT+0300 (Ora de vară a Europei de Est)
2025-06-24T10:43:18.277Z [INFO] Scheduler: Running job 'checkEquipmentStatus'
2025-06-24T10:43:18.278Z [INFO] CheckEquipmentStatus: Starting equipment monitoring job
2025-06-24T10:43:18.281Z [INFO] Starting equipment status check...
2025-06-24T10:43:18.349Z [ERROR] Error checking equipment status:
2025-06-24T10:43:18.350Z [ERROR] CheckEquipmentStatus: Job failed
2025-06-24T10:43:18.351Z [INFO] Scheduler: Job 'checkEquipmentStatus' completed, next run: Tue Jun 24 2025 13:44:18 GMT+0300 (Ora de vară a Europei de Est)
2025-06-24T10:43:18.351Z [INFO] Scheduler: Running job 'updateWeatherData'
2025-06-24T10:43:18.352Z [INFO] Starting weather data update job...
2025-06-24T10:43:18.353Z [INFO] Starting weather data update for all locations...
2025-06-24T10:43:18.356Z [ERROR] Error updating weather data:
2025-06-24T10:43:18.357Z [ERROR] Weather data update job failed:
2025-06-24T10:43:18.358Z [INFO] Scheduler: Job 'updateWeatherData' completed, next run: Tue Jun 24 2025 13:44:18 GMT+0300 (Ora de vară a Europei de Est)
2025-06-24T10:43:18.358Z [INFO] Scheduler: Running job 'exceptionDetection'
2025-06-24T10:43:18.359Z [INFO] Starting automated exception detection...
2025-06-24T10:43:18.359Z [INFO] Running comprehensive exception detection...
2025-06-24T10:43:18.364Z [ERROR] Error detecting staff unavailability: result.rows is not iterable
2025-06-24T10:43:18.442Z [ERROR] SQL error after 82ms: column e.updated_at does not exist
2025-06-24T10:43:18.443Z [ERROR] Failed query: 
        SELECT 
          l.id as location_id,
          l.name as location_name,
          COUNT(e.id) as total_equipment,
          COUNT(CASE WHEN e.status = 'OUT_OF_SERVICE' THEN 1 END) as out_of_service,
          COUNT(CASE WHEN e.updated_at < NOW() - INTERVAL '2 hours' THEN 1 END) as stale_equipment
        FROM locations l
        LEFT JOIN equipment e ON l.id = e.location_id
       GROUP BY l.id, l.name
2025-06-24T10:43:18.443Z [ERROR] Error detecting power outage: column e.updated_at does not exist
2025-06-24T10:43:18.446Z [ERROR] SQL error after 86ms: column o.id does not exist
2025-06-24T10:43:18.447Z [ERROR] Failed query: 
        SELECT 
          t.id,
          t.status,
          t.location_id,
          l.name as location_name,
          o.id as order_id,
          EXTRACT(hours FROM (NOW() - t.created_at)) as hours_since_created,
          EXTRACT(hours FROM (NOW() - t.updated_at)) as hours_since_updated
        FROM transports t
        JOIN orders o ON t.order_id = o.id
        JOIN locations l ON t.location_id = l.id
        WHERE t.status IN ('PENDING', 'IN_PROGRESS')
       ORDER BY t.created_at ASC
2025-06-24T10:43:18.447Z [ERROR] Error detecting transport issues: column o.id does not exist
2025-06-24T10:43:18.448Z [ERROR] SQL error after 88ms: column em.created_at does not exist
2025-06-24T10:43:18.449Z [ERROR] Failed query: 
        SELECT 
          e.id,
          e.name,
          e.type,
          e.status,
          e.location_id,
          l.name as location_name,
          EXTRACT(days FROM (NOW() - e.updated_at)) as days_since_update,
          COUNT(em.id) as recent_maintenance
        FROM equipment e
        JOIN locations l ON e.location_id = l.id
        LEFT JOIN equipment_maintenance em ON e.id = em.equipment_id 
          AND em.created_at >= NOW() - INTERVAL '30 days'
      
        GROUP BY e.id, e.name, e.type, e.status, e.location_id, l.name, e.updated_at
        HAVING e.status = 'OUT_OF_SERVICE' 
          OR EXTRACT(days FROM (NOW() - e.updated_at)) > 7
        ORDER BY days_since_update DESC
      
2025-06-24T10:43:18.450Z [ERROR] Error detecting equipment failures: column em.created_at does not exist
2025-06-24T10:43:18.450Z [INFO] Exception detection completed: 0 issues found
2025-06-24T10:43:18.451Z [INFO] Exception detection completed: 0 total issues found
2025-06-24T10:43:18.451Z [INFO] - Staff issues: 0
2025-06-24T10:43:18.452Z [INFO] - Power issues: 0
2025-06-24T10:43:18.452Z [INFO] - Equipment issues: 0
2025-06-24T10:43:18.453Z [INFO] - Transport issues: 0
2025-06-24T10:43:18.453Z [INFO] Creating notification: SYSTEM_STATUS_OK - LOW - All systems operational - no critical issues detected
2025-06-24T10:43:18.454Z [ERROR] Failed to send notification via websocket: WebSocket notification failed: broadcastToAllClients is not a function
2025-06-24T10:43:18.455Z [INFO] Exception detection completed successfully in 96ms
2025-06-24T10:43:18.455Z [INFO] Scheduler: Job 'exceptionDetection' completed, next run: Tue Jun 24 2025 13:44:18 GMT+0300 (Ora de vară a Europei de Est)
2025-06-24T10:45:18.292Z [INFO] Scheduler: Running job 'expandRecurrences'
2025-06-24T10:45:18.293Z [INFO] ExpandRecurrences: Starting job
2025-06-24T10:45:18.367Z [INFO] ExpandRecurrences: Job completed, created 0 new recurring orders
2025-06-24T10:45:18.368Z [INFO] Scheduler: Job 'expandRecurrences' completed, next run: Tue Jun 24 2025 13:45:00 GMT+0300 (Ora de vară a Europei de Est)
2025-06-24T10:45:18.368Z [INFO] Scheduler: Running job 'checkEquipmentStatus'
2025-06-24T10:45:18.369Z [INFO] CheckEquipmentStatus: Starting equipment monitoring job
2025-06-24T10:45:18.369Z [INFO] Starting equipment status check...
2025-06-24T10:45:18.375Z [ERROR] Error checking equipment status:
2025-06-24T10:45:18.376Z [ERROR] CheckEquipmentStatus: Job failed
2025-06-24T10:45:18.376Z [INFO] Scheduler: Job 'checkEquipmentStatus' completed, next run: Tue Jun 24 2025 13:46:18 GMT+0300 (Ora de vară a Europei de Est)
2025-06-24T10:45:18.377Z [INFO] Scheduler: Running job 'updateWeatherData'
2025-06-24T10:45:18.377Z [INFO] Starting weather data update job...
2025-06-24T10:45:18.378Z [INFO] Starting weather data update for all locations...
2025-06-24T10:45:18.383Z [ERROR] Error updating weather data:
2025-06-24T10:45:18.383Z [ERROR] Weather data update job failed:
2025-06-24T10:45:18.384Z [INFO] Scheduler: Job 'updateWeatherData' completed, next run: Tue Jun 24 2025 13:46:18 GMT+0300 (Ora de vară a Europei de Est)
2025-06-24T10:45:18.384Z [INFO] Scheduler: Running job 'exceptionDetection'
2025-06-24T10:45:18.385Z [INFO] Starting automated exception detection...
2025-06-24T10:45:18.385Z [INFO] Running comprehensive exception detection...
2025-06-24T10:45:18.390Z [ERROR] Error detecting staff unavailability: result.rows is not iterable
2025-06-24T10:45:18.463Z [ERROR] SQL error after 77ms: column e.updated_at does not exist
2025-06-24T10:45:18.464Z [ERROR] Failed query: 
        SELECT 
          l.id as location_id,
          l.name as location_name,
          COUNT(e.id) as total_equipment,
          COUNT(CASE WHEN e.status = 'OUT_OF_SERVICE' THEN 1 END) as out_of_service,
          COUNT(CASE WHEN e.updated_at < NOW() - INTERVAL '2 hours' THEN 1 END) as stale_equipment
        FROM locations l
        LEFT JOIN equipment e ON l.id = e.location_id
       GROUP BY l.id, l.name
2025-06-24T10:45:18.464Z [ERROR] Error detecting power outage: column e.updated_at does not exist
2025-06-24T10:45:18.469Z [ERROR] SQL error after 83ms: column em.created_at does not exist
2025-06-24T10:45:18.470Z [ERROR] Failed query: 
        SELECT 
          e.id,
          e.name,
          e.type,
          e.status,
          e.location_id,
          l.name as location_name,
          EXTRACT(days FROM (NOW() - e.updated_at)) as days_since_update,
          COUNT(em.id) as recent_maintenance
        FROM equipment e
        JOIN locations l ON e.location_id = l.id
        LEFT JOIN equipment_maintenance em ON e.id = em.equipment_id 
          AND em.created_at >= NOW() - INTERVAL '30 days'
      
        GROUP BY e.id, e.name, e.type, e.status, e.location_id, l.name, e.updated_at
        HAVING e.status = 'OUT_OF_SERVICE' 
          OR EXTRACT(days FROM (NOW() - e.updated_at)) > 7
        ORDER BY days_since_update DESC
      
2025-06-24T10:45:18.470Z [ERROR] Error detecting equipment failures: column em.created_at does not exist
2025-06-24T10:45:18.472Z [ERROR] SQL error after 86ms: column o.id does not exist
2025-06-24T10:45:18.473Z [ERROR] Failed query: 
        SELECT 
          t.id,
          t.status,
          t.location_id,
          l.name as location_name,
          o.id as order_id,
          EXTRACT(hours FROM (NOW() - t.created_at)) as hours_since_created,
          EXTRACT(hours FROM (NOW() - t.updated_at)) as hours_since_updated
        FROM transports t
        JOIN orders o ON t.order_id = o.id
        JOIN locations l ON t.location_id = l.id
        WHERE t.status IN ('PENDING', 'IN_PROGRESS')
       ORDER BY t.created_at ASC
2025-06-24T10:45:18.474Z [ERROR] Error detecting transport issues: column o.id does not exist
2025-06-24T10:45:18.474Z [INFO] Exception detection completed: 0 issues found
2025-06-24T10:45:18.474Z [INFO] Exception detection completed: 0 total issues found
2025-06-24T10:45:18.475Z [INFO] - Staff issues: 0
2025-06-24T10:45:18.475Z [INFO] - Power issues: 0
2025-06-24T10:45:18.475Z [INFO] - Equipment issues: 0
2025-06-24T10:45:18.476Z [INFO] - Transport issues: 0
2025-06-24T10:45:18.476Z [INFO] Creating notification: SYSTEM_STATUS_OK - LOW - All systems operational - no critical issues detected
2025-06-24T10:45:18.477Z [ERROR] Failed to send notification via websocket: WebSocket notification failed: broadcastToAllClients is not a function
2025-06-24T10:45:18.477Z [INFO] Exception detection completed successfully in 92ms
2025-06-24T10:45:18.477Z [INFO] Scheduler: Job 'exceptionDetection' completed, next run: Tue Jun 24 2025 13:46:18 GMT+0300 (Ora de vară a Europei de Est)
2025-06-24T10:46:18.300Z [INFO] Scheduler: Running job 'expandRecurrences'
2025-06-24T10:46:18.301Z [INFO] ExpandRecurrences: Starting job
2025-06-24T10:46:18.391Z [INFO] ExpandRecurrences: Job completed, created 0 new recurring orders
2025-06-24T10:46:18.391Z [INFO] Scheduler: Job 'expandRecurrences' completed, next run: Tue Jun 24 2025 13:50:00 GMT+0300 (Ora de vară a Europei de Est)
2025-06-24T10:47:18.311Z [INFO] Scheduler: Running job 'checkEquipmentStatus'
2025-06-24T10:47:18.312Z [INFO] CheckEquipmentStatus: Starting equipment monitoring job
2025-06-24T10:47:18.313Z [INFO] Starting equipment status check...
2025-06-24T10:47:18.386Z [ERROR] Error checking equipment status:
2025-06-24T10:47:18.387Z [ERROR] CheckEquipmentStatus: Job failed
2025-06-24T10:47:18.387Z [INFO] Scheduler: Job 'checkEquipmentStatus' completed, next run: Tue Jun 24 2025 13:48:18 GMT+0300 (Ora de vară a Europei de Est)
2025-06-24T10:47:18.388Z [INFO] Scheduler: Running job 'updateWeatherData'
2025-06-24T10:47:18.388Z [INFO] Starting weather data update job...
2025-06-24T10:47:18.389Z [INFO] Starting weather data update for all locations...
2025-06-24T10:47:18.394Z [ERROR] Error updating weather data:
2025-06-24T10:47:18.394Z [ERROR] Weather data update job failed:
2025-06-24T10:47:18.395Z [INFO] Scheduler: Job 'updateWeatherData' completed, next run: Tue Jun 24 2025 13:48:18 GMT+0300 (Ora de vară a Europei de Est)
2025-06-24T10:47:18.396Z [INFO] Scheduler: Running job 'exceptionDetection'
2025-06-24T10:47:18.396Z [INFO] Starting automated exception detection...
2025-06-24T10:47:18.397Z [INFO] Running comprehensive exception detection...
2025-06-24T10:47:18.402Z [ERROR] Error detecting staff unavailability: result.rows is not iterable
2025-06-24T10:47:18.485Z [ERROR] SQL error after 87ms: column e.updated_at does not exist
2025-06-24T10:47:18.486Z [ERROR] Failed query: 
        SELECT 
          l.id as location_id,
          l.name as location_name,
          COUNT(e.id) as total_equipment,
          COUNT(CASE WHEN e.status = 'OUT_OF_SERVICE' THEN 1 END) as out_of_service,
          COUNT(CASE WHEN e.updated_at < NOW() - INTERVAL '2 hours' THEN 1 END) as stale_equipment
        FROM locations l
        LEFT JOIN equipment e ON l.id = e.location_id
       GROUP BY l.id, l.name
2025-06-24T10:47:18.486Z [ERROR] Error detecting power outage: column e.updated_at does not exist
2025-06-24T10:47:18.496Z [ERROR] SQL error after 98ms: column em.created_at does not exist
2025-06-24T10:47:18.496Z [ERROR] Failed query: 
        SELECT 
          e.id,
          e.name,
          e.type,
          e.status,
          e.location_id,
          l.name as location_name,
          EXTRACT(days FROM (NOW() - e.updated_at)) as days_since_update,
          COUNT(em.id) as recent_maintenance
        FROM equipment e
        JOIN locations l ON e.location_id = l.id
        LEFT JOIN equipment_maintenance em ON e.id = em.equipment_id 
          AND em.created_at >= NOW() - INTERVAL '30 days'
      
        GROUP BY e.id, e.name, e.type, e.status, e.location_id, l.name, e.updated_at
        HAVING e.status = 'OUT_OF_SERVICE' 
          OR EXTRACT(days FROM (NOW() - e.updated_at)) > 7
        ORDER BY days_since_update DESC
      
2025-06-24T10:47:18.497Z [ERROR] Error detecting equipment failures: column em.created_at does not exist
2025-06-24T10:47:18.499Z [ERROR] SQL error after 101ms: column o.id does not exist
2025-06-24T10:47:18.499Z [ERROR] Failed query: 
        SELECT 
          t.id,
          t.status,
          t.location_id,
          l.name as location_name,
          o.id as order_id,
          EXTRACT(hours FROM (NOW() - t.created_at)) as hours_since_created,
          EXTRACT(hours FROM (NOW() - t.updated_at)) as hours_since_updated
        FROM transports t
        JOIN orders o ON t.order_id = o.id
        JOIN locations l ON t.location_id = l.id
        WHERE t.status IN ('PENDING', 'IN_PROGRESS')
       ORDER BY t.created_at ASC
2025-06-24T10:47:18.500Z [ERROR] Error detecting transport issues: column o.id does not exist
2025-06-24T10:47:18.500Z [INFO] Exception detection completed: 0 issues found
2025-06-24T10:47:18.500Z [INFO] Exception detection completed: 0 total issues found
2025-06-24T10:47:18.500Z [INFO] - Staff issues: 0
2025-06-24T10:47:18.501Z [INFO] - Power issues: 0
2025-06-24T10:47:18.501Z [INFO] - Equipment issues: 0
2025-06-24T10:47:18.501Z [INFO] - Transport issues: 0
2025-06-24T10:47:18.501Z [INFO] Creating notification: SYSTEM_STATUS_OK - LOW - All systems operational - no critical issues detected
2025-06-24T10:47:18.502Z [ERROR] Failed to send notification via websocket: WebSocket notification failed: broadcastToAllClients is not a function
2025-06-24T10:47:18.502Z [INFO] Exception detection completed successfully in 106ms
2025-06-24T10:47:18.503Z [INFO] Scheduler: Job 'exceptionDetection' completed, next run: Tue Jun 24 2025 13:48:18 GMT+0300 (Ora de vară a Europei de Est)
2025-06-24T10:49:18.325Z [INFO] Scheduler: Running job 'checkEquipmentStatus'
2025-06-24T10:49:18.326Z [INFO] CheckEquipmentStatus: Starting equipment monitoring job
2025-06-24T10:49:18.327Z [INFO] Starting equipment status check...
2025-06-24T10:49:18.428Z [ERROR] Error checking equipment status:
2025-06-24T10:49:18.428Z [ERROR] CheckEquipmentStatus: Job failed
2025-06-24T10:49:18.429Z [INFO] Scheduler: Job 'checkEquipmentStatus' completed, next run: Tue Jun 24 2025 13:50:18 GMT+0300 (Ora de vară a Europei de Est)
2025-06-24T10:49:18.430Z [INFO] Scheduler: Running job 'updateWeatherData'
2025-06-24T10:49:18.430Z [INFO] Starting weather data update job...
2025-06-24T10:49:18.431Z [INFO] Starting weather data update for all locations...
2025-06-24T10:49:18.435Z [ERROR] Error updating weather data:
2025-06-24T10:49:18.436Z [ERROR] Weather data update job failed:
2025-06-24T10:49:18.437Z [INFO] Scheduler: Job 'updateWeatherData' completed, next run: Tue Jun 24 2025 13:50:18 GMT+0300 (Ora de vară a Europei de Est)
2025-06-24T10:49:18.437Z [INFO] Scheduler: Running job 'exceptionDetection'
2025-06-24T10:49:18.437Z [INFO] Starting automated exception detection...
2025-06-24T10:49:18.438Z [INFO] Running comprehensive exception detection...
2025-06-24T10:49:18.442Z [ERROR] Error detecting staff unavailability: result.rows is not iterable
2025-06-24T10:49:18.521Z [ERROR] SQL error after 83ms: column e.updated_at does not exist
2025-06-24T10:49:18.522Z [ERROR] Failed query: 
        SELECT 
          l.id as location_id,
          l.name as location_name,
          COUNT(e.id) as total_equipment,
          COUNT(CASE WHEN e.status = 'OUT_OF_SERVICE' THEN 1 END) as out_of_service,
          COUNT(CASE WHEN e.updated_at < NOW() - INTERVAL '2 hours' THEN 1 END) as stale_equipment
        FROM locations l
        LEFT JOIN equipment e ON l.id = e.location_id
       GROUP BY l.id, l.name
2025-06-24T10:49:18.523Z [ERROR] Error detecting power outage: column e.updated_at does not exist
2025-06-24T10:49:18.524Z [ERROR] SQL error after 86ms: column em.created_at does not exist
2025-06-24T10:49:18.525Z [ERROR] Failed query: 
        SELECT 
          e.id,
          e.name,
          e.type,
          e.status,
          e.location_id,
          l.name as location_name,
          EXTRACT(days FROM (NOW() - e.updated_at)) as days_since_update,
          COUNT(em.id) as recent_maintenance
        FROM equipment e
        JOIN locations l ON e.location_id = l.id
        LEFT JOIN equipment_maintenance em ON e.id = em.equipment_id 
          AND em.created_at >= NOW() - INTERVAL '30 days'
      
        GROUP BY e.id, e.name, e.type, e.status, e.location_id, l.name, e.updated_at
        HAVING e.status = 'OUT_OF_SERVICE' 
          OR EXTRACT(days FROM (NOW() - e.updated_at)) > 7
        ORDER BY days_since_update DESC
      
2025-06-24T10:49:18.526Z [ERROR] Error detecting equipment failures: column em.created_at does not exist
2025-06-24T10:49:18.639Z [ERROR] SQL error after 201ms: column o.id does not exist
2025-06-24T10:49:18.640Z [ERROR] Failed query: 
        SELECT 
          t.id,
          t.status,
          t.location_id,
          l.name as location_name,
          o.id as order_id,
          EXTRACT(hours FROM (NOW() - t.created_at)) as hours_since_created,
          EXTRACT(hours FROM (NOW() - t.updated_at)) as hours_since_updated
        FROM transports t
        JOIN orders o ON t.order_id = o.id
        JOIN locations l ON t.location_id = l.id
        WHERE t.status IN ('PENDING', 'IN_PROGRESS')
       ORDER BY t.created_at ASC
2025-06-24T10:49:18.640Z [ERROR] Error detecting transport issues: column o.id does not exist
2025-06-24T10:49:18.641Z [INFO] Exception detection completed: 0 issues found
2025-06-24T10:49:18.641Z [INFO] Exception detection completed: 0 total issues found
2025-06-24T10:49:18.642Z [INFO] - Staff issues: 0
2025-06-24T10:49:18.642Z [INFO] - Power issues: 0
2025-06-24T10:49:18.642Z [INFO] - Equipment issues: 0
2025-06-24T10:49:18.643Z [INFO] - Transport issues: 0
2025-06-24T10:49:18.643Z [INFO] Creating notification: SYSTEM_STATUS_OK - LOW - All systems operational - no critical issues detected
2025-06-24T10:49:18.644Z [ERROR] Failed to send notification via websocket: WebSocket notification failed: broadcastToAllClients is not a function
2025-06-24T10:49:18.647Z [INFO] Exception detection completed successfully in 210ms
2025-06-24T10:49:18.647Z [INFO] Scheduler: Job 'exceptionDetection' completed, next run: Tue Jun 24 2025 13:50:18 GMT+0300 (Ora de vară a Europei de Est)
2025-06-24T10:50:18.325Z [INFO] Scheduler: Running job 'expandRecurrences'
2025-06-24T10:50:18.326Z [INFO] ExpandRecurrences: Starting job
2025-06-24T10:50:18.437Z [INFO] ExpandRecurrences: Job completed, created 0 new recurring orders
2025-06-24T10:50:18.437Z [INFO] Scheduler: Job 'expandRecurrences' completed, next run: Tue Jun 24 2025 13:50:00 GMT+0300 (Ora de vară a Europei de Est)
2025-06-24T11:06:59.892Z [INFO] Scheduler: Running job 'expandRecurrences'
2025-06-24T11:06:59.905Z [INFO] ExpandRecurrences: Starting job
2025-06-24T11:07:00.284Z [INFO] ExpandRecurrences: Job completed, created 0 new recurring orders
2025-06-24T11:07:00.285Z [INFO] Scheduler: Job 'expandRecurrences' completed, next run: Tue Jun 24 2025 14:10:00 GMT+0300 (Ora de vară a Europei de Est)
2025-06-24T11:07:00.285Z [INFO] Scheduler: Running job 'checkInventory'
2025-06-24T11:07:00.285Z [INFO] CheckInventory: Starting inventory monitoring job
2025-06-24T11:07:00.291Z [INFO] Found 0 low stock items (threshold: 10)
2025-06-24T11:07:00.292Z [INFO] Found 0 out of stock items
2025-06-24T11:07:00.292Z [INFO] CheckInventory: All inventory levels are adequate
2025-06-24T11:07:00.293Z [INFO] Scheduler: Job 'checkInventory' completed, next run: Tue Jun 24 2025 15:00:00 GMT+0300 (Ora de vară a Europei de Est)
2025-06-24T11:07:00.293Z [INFO] Scheduler: Running job 'checkEquipmentStatus'
2025-06-24T11:07:00.293Z [INFO] CheckEquipmentStatus: Starting equipment monitoring job
2025-06-24T11:07:00.294Z [INFO] Starting equipment status check...
2025-06-24T11:07:00.298Z [ERROR] Error checking equipment status:
2025-06-24T11:07:00.299Z [ERROR] CheckEquipmentStatus: Job failed
2025-06-24T11:07:00.299Z [INFO] Scheduler: Job 'checkEquipmentStatus' completed, next run: Tue Jun 24 2025 14:08:00 GMT+0300 (Ora de vară a Europei de Est)
2025-06-24T11:07:00.299Z [INFO] Scheduler: Running job 'updateWeatherData'
2025-06-24T11:07:00.300Z [INFO] Starting weather data update job...
2025-06-24T11:07:00.300Z [INFO] Starting weather data update for all locations...
2025-06-24T11:07:00.304Z [ERROR] Error updating weather data:
2025-06-24T11:07:00.304Z [ERROR] Weather data update job failed:
2025-06-24T11:07:00.305Z [INFO] Scheduler: Job 'updateWeatherData' completed, next run: Tue Jun 24 2025 14:08:00 GMT+0300 (Ora de vară a Europei de Est)
2025-06-24T11:07:00.305Z [INFO] Scheduler: Running job 'exceptionDetection'
2025-06-24T11:07:00.305Z [INFO] Starting automated exception detection...
2025-06-24T11:07:00.305Z [INFO] Running comprehensive exception detection...
2025-06-24T11:07:00.328Z [ERROR] Error detecting staff unavailability: result.rows is not iterable
2025-06-24T11:07:00.409Z [ERROR] SQL error after 103ms: column o.id does not exist
2025-06-24T11:07:00.419Z [ERROR] Failed query: 
        SELECT 
          t.id,
          t.status,
          t.location_id,
          l.name as location_name,
          o.id as order_id,
          EXTRACT(hours FROM (NOW() - t.created_at)) as hours_since_created,
          EXTRACT(hours FROM (NOW() - t.updated_at)) as hours_since_updated
        FROM transports t
        JOIN orders o ON t.order_id = o.id
        JOIN locations l ON t.location_id = l.id
        WHERE t.status IN ('PENDING', 'IN_PROGRESS')
       ORDER BY t.created_at ASC
2025-06-24T11:07:00.420Z [ERROR] Error detecting transport issues: column o.id does not exist
2025-06-24T11:07:00.459Z [ERROR] SQL error after 153ms: column e.updated_at does not exist
2025-06-24T11:07:00.465Z [ERROR] Failed query: 
        SELECT 
          l.id as location_id,
          l.name as location_name,
          COUNT(e.id) as total_equipment,
          COUNT(CASE WHEN e.status = 'OUT_OF_SERVICE' THEN 1 END) as out_of_service,
          COUNT(CASE WHEN e.updated_at < NOW() - INTERVAL '2 hours' THEN 1 END) as stale_equipment
        FROM locations l
        LEFT JOIN equipment e ON l.id = e.location_id
       GROUP BY l.id, l.name
2025-06-24T11:07:00.472Z [ERROR] Error detecting power outage: column e.updated_at does not exist
2025-06-24T11:07:00.483Z [ERROR] SQL error after 177ms: column em.created_at does not exist
2025-06-24T11:07:00.489Z [ERROR] Failed query: 
        SELECT 
          e.id,
          e.name,
          e.type,
          e.status,
          e.location_id,
          l.name as location_name,
          EXTRACT(days FROM (NOW() - e.updated_at)) as days_since_update,
          COUNT(em.id) as recent_maintenance
        FROM equipment e
        JOIN locations l ON e.location_id = l.id
        LEFT JOIN equipment_maintenance em ON e.id = em.equipment_id 
          AND em.created_at >= NOW() - INTERVAL '30 days'
      
        GROUP BY e.id, e.name, e.type, e.status, e.location_id, l.name, e.updated_at
        HAVING e.status = 'OUT_OF_SERVICE' 
          OR EXTRACT(days FROM (NOW() - e.updated_at)) > 7
        ORDER BY days_since_update DESC
      
2025-06-24T11:07:00.494Z [ERROR] Error detecting equipment failures: column em.created_at does not exist
2025-06-24T11:07:00.501Z [INFO] Exception detection completed: 0 issues found
2025-06-24T11:07:00.507Z [INFO] Exception detection completed: 0 total issues found
2025-06-24T11:07:00.514Z [INFO] - Staff issues: 0
2025-06-24T11:07:00.520Z [INFO] - Power issues: 0
2025-06-24T11:07:00.525Z [INFO] - Equipment issues: 0
2025-06-24T11:07:00.531Z [INFO] - Transport issues: 0
2025-06-24T11:07:00.531Z [INFO] Creating notification: SYSTEM_STATUS_OK - LOW - All systems operational - no critical issues detected
2025-06-24T11:07:00.537Z [ERROR] Failed to send notification via websocket: WebSocket notification failed: broadcastToAllClients is not a function
2025-06-24T11:07:00.543Z [INFO] Exception detection completed successfully in 238ms
2025-06-24T11:07:00.549Z [INFO] Scheduler: Job 'exceptionDetection' completed, next run: Tue Jun 24 2025 14:08:00 GMT+0300 (Ora de vară a Europei de Est)
2025-06-24T11:08:59.908Z [INFO] Scheduler: Running job 'checkEquipmentStatus'
2025-06-24T11:08:59.908Z [INFO] CheckEquipmentStatus: Starting equipment monitoring job
2025-06-24T11:08:59.909Z [INFO] Starting equipment status check...
2025-06-24T11:08:59.971Z [ERROR] Error checking equipment status:
2025-06-24T11:08:59.972Z [ERROR] CheckEquipmentStatus: Job failed
2025-06-24T11:08:59.972Z [INFO] Scheduler: Job 'checkEquipmentStatus' completed, next run: Tue Jun 24 2025 14:09:59 GMT+0300 (Ora de vară a Europei de Est)
2025-06-24T11:08:59.973Z [INFO] Scheduler: Running job 'updateWeatherData'
2025-06-24T11:08:59.973Z [INFO] Starting weather data update job...
2025-06-24T11:08:59.973Z [INFO] Starting weather data update for all locations...
2025-06-24T11:08:59.977Z [ERROR] Error updating weather data:
2025-06-24T11:08:59.977Z [ERROR] Weather data update job failed:
2025-06-24T11:08:59.978Z [INFO] Scheduler: Job 'updateWeatherData' completed, next run: Tue Jun 24 2025 14:09:59 GMT+0300 (Ora de vară a Europei de Est)
2025-06-24T11:08:59.978Z [INFO] Scheduler: Running job 'exceptionDetection'
2025-06-24T11:08:59.978Z [INFO] Starting automated exception detection...
2025-06-24T11:08:59.979Z [INFO] Running comprehensive exception detection...
2025-06-24T11:08:59.982Z [ERROR] Error detecting staff unavailability: result.rows is not iterable
2025-06-24T11:09:00.044Z [ERROR] SQL error after 65ms: column em.created_at does not exist
2025-06-24T11:09:00.044Z [ERROR] Failed query: 
        SELECT 
          e.id,
          e.name,
          e.type,
          e.status,
          e.location_id,
          l.name as location_name,
          EXTRACT(days FROM (NOW() - e.updated_at)) as days_since_update,
          COUNT(em.id) as recent_maintenance
        FROM equipment e
        JOIN locations l ON e.location_id = l.id
        LEFT JOIN equipment_maintenance em ON e.id = em.equipment_id 
          AND em.created_at >= NOW() - INTERVAL '30 days'
      
        GROUP BY e.id, e.name, e.type, e.status, e.location_id, l.name, e.updated_at
        HAVING e.status = 'OUT_OF_SERVICE' 
          OR EXTRACT(days FROM (NOW() - e.updated_at)) > 7
        ORDER BY days_since_update DESC
      
2025-06-24T11:09:00.045Z [ERROR] Error detecting equipment failures: column em.created_at does not exist
2025-06-24T11:09:00.057Z [ERROR] SQL error after 78ms: column o.id does not exist
2025-06-24T11:09:00.057Z [ERROR] Failed query: 
        SELECT 
          t.id,
          t.status,
          t.location_id,
          l.name as location_name,
          o.id as order_id,
          EXTRACT(hours FROM (NOW() - t.created_at)) as hours_since_created,
          EXTRACT(hours FROM (NOW() - t.updated_at)) as hours_since_updated
        FROM transports t
        JOIN orders o ON t.order_id = o.id
        JOIN locations l ON t.location_id = l.id
        WHERE t.status IN ('PENDING', 'IN_PROGRESS')
       ORDER BY t.created_at ASC
2025-06-24T11:09:00.058Z [ERROR] Error detecting transport issues: column o.id does not exist
2025-06-24T11:09:00.141Z [ERROR] SQL error after 162ms: column e.updated_at does not exist
2025-06-24T11:09:00.142Z [ERROR] Failed query: 
        SELECT 
          l.id as location_id,
          l.name as location_name,
          COUNT(e.id) as total_equipment,
          COUNT(CASE WHEN e.status = 'OUT_OF_SERVICE' THEN 1 END) as out_of_service,
          COUNT(CASE WHEN e.updated_at < NOW() - INTERVAL '2 hours' THEN 1 END) as stale_equipment
        FROM locations l
        LEFT JOIN equipment e ON l.id = e.location_id
       GROUP BY l.id, l.name
2025-06-24T11:09:00.142Z [ERROR] Error detecting power outage: column e.updated_at does not exist
2025-06-24T11:09:00.142Z [INFO] Exception detection completed: 0 issues found
2025-06-24T11:09:00.142Z [INFO] Exception detection completed: 0 total issues found
2025-06-24T11:09:00.143Z [INFO] - Staff issues: 0
2025-06-24T11:09:00.143Z [INFO] - Power issues: 0
2025-06-24T11:09:00.143Z [INFO] - Equipment issues: 0
2025-06-24T11:09:00.143Z [INFO] - Transport issues: 0
2025-06-24T11:09:00.143Z [INFO] Creating notification: SYSTEM_STATUS_OK - LOW - All systems operational - no critical issues detected
2025-06-24T11:09:00.144Z [ERROR] Failed to send notification via websocket: WebSocket notification failed: broadcastToAllClients is not a function
2025-06-24T11:09:00.144Z [INFO] Exception detection completed successfully in 166ms
2025-06-24T11:09:00.144Z [INFO] Scheduler: Job 'exceptionDetection' completed, next run: Tue Jun 24 2025 14:10:00 GMT+0300 (Ora de vară a Europei de Est)
2025-06-24T11:10:59.929Z [INFO] Scheduler: Running job 'expandRecurrences'
2025-06-24T11:10:59.930Z [INFO] ExpandRecurrences: Starting job
2025-06-24T11:11:00.015Z [INFO] ExpandRecurrences: Job completed, created 0 new recurring orders
2025-06-24T11:11:00.016Z [INFO] Scheduler: Job 'expandRecurrences' completed, next run: Tue Jun 24 2025 14:15:00 GMT+0300 (Ora de vară a Europei de Est)
2025-06-24T11:11:00.016Z [INFO] Scheduler: Running job 'checkEquipmentStatus'
2025-06-24T11:11:00.017Z [INFO] CheckEquipmentStatus: Starting equipment monitoring job
2025-06-24T11:11:00.018Z [INFO] Starting equipment status check...
2025-06-24T11:11:00.026Z [ERROR] Error checking equipment status:
2025-06-24T11:11:00.027Z [ERROR] CheckEquipmentStatus: Job failed
2025-06-24T11:11:00.027Z [INFO] Scheduler: Job 'checkEquipmentStatus' completed, next run: Tue Jun 24 2025 14:12:00 GMT+0300 (Ora de vară a Europei de Est)
2025-06-24T11:11:00.028Z [INFO] Scheduler: Running job 'updateWeatherData'
2025-06-24T11:11:00.029Z [INFO] Starting weather data update job...
2025-06-24T11:11:00.029Z [INFO] Starting weather data update for all locations...
2025-06-24T11:11:00.033Z [ERROR] Error updating weather data:
2025-06-24T11:11:00.034Z [ERROR] Weather data update job failed:
2025-06-24T11:11:00.034Z [INFO] Scheduler: Job 'updateWeatherData' completed, next run: Tue Jun 24 2025 14:12:00 GMT+0300 (Ora de vară a Europei de Est)
2025-06-24T11:11:00.035Z [INFO] Scheduler: Running job 'exceptionDetection'
2025-06-24T11:11:00.036Z [INFO] Starting automated exception detection...
2025-06-24T11:11:00.036Z [INFO] Running comprehensive exception detection...
2025-06-24T11:11:00.040Z [ERROR] Error detecting staff unavailability: result.rows is not iterable
2025-06-24T11:11:00.120Z [ERROR] SQL error after 83ms: column e.updated_at does not exist
2025-06-24T11:11:00.120Z [ERROR] Failed query: 
        SELECT 
          l.id as location_id,
          l.name as location_name,
          COUNT(e.id) as total_equipment,
          COUNT(CASE WHEN e.status = 'OUT_OF_SERVICE' THEN 1 END) as out_of_service,
          COUNT(CASE WHEN e.updated_at < NOW() - INTERVAL '2 hours' THEN 1 END) as stale_equipment
        FROM locations l
        LEFT JOIN equipment e ON l.id = e.location_id
       GROUP BY l.id, l.name
2025-06-24T11:11:00.121Z [ERROR] Error detecting power outage: column e.updated_at does not exist
2025-06-24T11:11:00.122Z [ERROR] SQL error after 84ms: column em.created_at does not exist
2025-06-24T11:11:00.122Z [ERROR] Failed query: 
        SELECT 
          e.id,
          e.name,
          e.type,
          e.status,
          e.location_id,
          l.name as location_name,
          EXTRACT(days FROM (NOW() - e.updated_at)) as days_since_update,
          COUNT(em.id) as recent_maintenance
        FROM equipment e
        JOIN locations l ON e.location_id = l.id
        LEFT JOIN equipment_maintenance em ON e.id = em.equipment_id 
          AND em.created_at >= NOW() - INTERVAL '30 days'
      
        GROUP BY e.id, e.name, e.type, e.status, e.location_id, l.name, e.updated_at
        HAVING e.status = 'OUT_OF_SERVICE' 
          OR EXTRACT(days FROM (NOW() - e.updated_at)) > 7
        ORDER BY days_since_update DESC
      
2025-06-24T11:11:00.122Z [ERROR] Error detecting equipment failures: column em.created_at does not exist
2025-06-24T11:11:00.123Z [ERROR] SQL error after 86ms: column o.id does not exist
2025-06-24T11:11:00.124Z [ERROR] Failed query: 
        SELECT 
          t.id,
          t.status,
          t.location_id,
          l.name as location_name,
          o.id as order_id,
          EXTRACT(hours FROM (NOW() - t.created_at)) as hours_since_created,
          EXTRACT(hours FROM (NOW() - t.updated_at)) as hours_since_updated
        FROM transports t
        JOIN orders o ON t.order_id = o.id
        JOIN locations l ON t.location_id = l.id
        WHERE t.status IN ('PENDING', 'IN_PROGRESS')
       ORDER BY t.created_at ASC
2025-06-24T11:11:00.124Z [ERROR] Error detecting transport issues: column o.id does not exist
2025-06-24T11:11:00.125Z [INFO] Exception detection completed: 0 issues found
2025-06-24T11:11:00.125Z [INFO] Exception detection completed: 0 total issues found
2025-06-24T11:11:00.125Z [INFO] - Staff issues: 0
2025-06-24T11:11:00.125Z [INFO] - Power issues: 0
2025-06-24T11:11:00.126Z [INFO] - Equipment issues: 0
2025-06-24T11:11:00.126Z [INFO] - Transport issues: 0
2025-06-24T11:11:00.126Z [INFO] Creating notification: SYSTEM_STATUS_OK - LOW - All systems operational - no critical issues detected
2025-06-24T11:11:00.127Z [ERROR] Failed to send notification via websocket: WebSocket notification failed: broadcastToAllClients is not a function
2025-06-24T11:11:00.127Z [INFO] Exception detection completed successfully in 91ms
2025-06-24T11:11:00.127Z [INFO] Scheduler: Job 'exceptionDetection' completed, next run: Tue Jun 24 2025 14:12:00 GMT+0300 (Ora de vară a Europei de Est)
2025-06-24T11:12:59.945Z [INFO] Scheduler: Running job 'checkEquipmentStatus'
2025-06-24T11:12:59.946Z [INFO] CheckEquipmentStatus: Starting equipment monitoring job
2025-06-24T11:12:59.946Z [INFO] Starting equipment status check...
2025-06-24T11:13:00.019Z [ERROR] Error checking equipment status:
2025-06-24T11:13:00.019Z [ERROR] CheckEquipmentStatus: Job failed
2025-06-24T11:13:00.020Z [INFO] Scheduler: Job 'checkEquipmentStatus' completed, next run: Tue Jun 24 2025 14:14:00 GMT+0300 (Ora de vară a Europei de Est)
2025-06-24T11:13:00.020Z [INFO] Scheduler: Running job 'updateWeatherData'
2025-06-24T11:13:00.021Z [INFO] Starting weather data update job...
2025-06-24T11:13:00.021Z [INFO] Starting weather data update for all locations...
2025-06-24T11:13:00.027Z [ERROR] Error updating weather data:
2025-06-24T11:13:00.028Z [ERROR] Weather data update job failed:
2025-06-24T11:13:00.028Z [INFO] Scheduler: Job 'updateWeatherData' completed, next run: Tue Jun 24 2025 14:14:00 GMT+0300 (Ora de vară a Europei de Est)
2025-06-24T11:13:00.029Z [INFO] Scheduler: Running job 'exceptionDetection'
2025-06-24T11:13:00.029Z [INFO] Starting automated exception detection...
2025-06-24T11:13:00.030Z [INFO] Running comprehensive exception detection...
2025-06-24T11:13:00.036Z [ERROR] Error detecting staff unavailability: result.rows is not iterable
2025-06-24T11:13:00.116Z [ERROR] SQL error after 86ms: column e.updated_at does not exist
2025-06-24T11:13:00.116Z [ERROR] Failed query: 
        SELECT 
          l.id as location_id,
          l.name as location_name,
          COUNT(e.id) as total_equipment,
          COUNT(CASE WHEN e.status = 'OUT_OF_SERVICE' THEN 1 END) as out_of_service,
          COUNT(CASE WHEN e.updated_at < NOW() - INTERVAL '2 hours' THEN 1 END) as stale_equipment
        FROM locations l
        LEFT JOIN equipment e ON l.id = e.location_id
       GROUP BY l.id, l.name
2025-06-24T11:13:00.117Z [ERROR] Error detecting power outage: column e.updated_at does not exist
2025-06-24T11:13:00.119Z [ERROR] SQL error after 88ms: column em.created_at does not exist
2025-06-24T11:13:00.120Z [ERROR] Failed query: 
        SELECT 
          e.id,
          e.name,
          e.type,
          e.status,
          e.location_id,
          l.name as location_name,
          EXTRACT(days FROM (NOW() - e.updated_at)) as days_since_update,
          COUNT(em.id) as recent_maintenance
        FROM equipment e
        JOIN locations l ON e.location_id = l.id
        LEFT JOIN equipment_maintenance em ON e.id = em.equipment_id 
          AND em.created_at >= NOW() - INTERVAL '30 days'
      
        GROUP BY e.id, e.name, e.type, e.status, e.location_id, l.name, e.updated_at
        HAVING e.status = 'OUT_OF_SERVICE' 
          OR EXTRACT(days FROM (NOW() - e.updated_at)) > 7
        ORDER BY days_since_update DESC
      
2025-06-24T11:13:00.120Z [ERROR] Error detecting equipment failures: column em.created_at does not exist
2025-06-24T11:13:00.121Z [ERROR] SQL error after 90ms: column o.id does not exist
2025-06-24T11:13:00.122Z [ERROR] Failed query: 
        SELECT 
          t.id,
          t.status,
          t.location_id,
          l.name as location_name,
          o.id as order_id,
          EXTRACT(hours FROM (NOW() - t.created_at)) as hours_since_created,
          EXTRACT(hours FROM (NOW() - t.updated_at)) as hours_since_updated
        FROM transports t
        JOIN orders o ON t.order_id = o.id
        JOIN locations l ON t.location_id = l.id
        WHERE t.status IN ('PENDING', 'IN_PROGRESS')
       ORDER BY t.created_at ASC
2025-06-24T11:13:00.122Z [ERROR] Error detecting transport issues: column o.id does not exist
2025-06-24T11:13:00.123Z [INFO] Exception detection completed: 0 issues found
2025-06-24T11:13:00.123Z [INFO] Exception detection completed: 0 total issues found
2025-06-24T11:13:00.123Z [INFO] - Staff issues: 0
2025-06-24T11:13:00.124Z [INFO] - Power issues: 0
2025-06-24T11:13:00.124Z [INFO] - Equipment issues: 0
2025-06-24T11:13:00.124Z [INFO] - Transport issues: 0
2025-06-24T11:13:00.125Z [INFO] Creating notification: SYSTEM_STATUS_OK - LOW - All systems operational - no critical issues detected
2025-06-24T11:13:00.125Z [ERROR] Failed to send notification via websocket: WebSocket notification failed: broadcastToAllClients is not a function
2025-06-24T11:13:00.126Z [INFO] Exception detection completed successfully in 97ms
2025-06-24T11:13:00.126Z [INFO] Scheduler: Job 'exceptionDetection' completed, next run: Tue Jun 24 2025 14:14:00 GMT+0300 (Ora de vară a Europei de Est)
2025-06-24T11:14:59.963Z [INFO] Scheduler: Running job 'checkEquipmentStatus'
2025-06-24T11:14:59.965Z [INFO] CheckEquipmentStatus: Starting equipment monitoring job
2025-06-24T11:14:59.965Z [INFO] Starting equipment status check...
2025-06-24T11:15:00.059Z [ERROR] Error checking equipment status:
2025-06-24T11:15:00.060Z [ERROR] CheckEquipmentStatus: Job failed
2025-06-24T11:15:00.061Z [INFO] Scheduler: Job 'checkEquipmentStatus' completed, next run: Tue Jun 24 2025 14:16:00 GMT+0300 (Ora de vară a Europei de Est)
2025-06-24T11:15:00.062Z [INFO] Scheduler: Running job 'updateWeatherData'
2025-06-24T11:15:00.062Z [INFO] Starting weather data update job...
2025-06-24T11:15:00.063Z [INFO] Starting weather data update for all locations...
2025-06-24T11:15:00.066Z [ERROR] Error updating weather data:
2025-06-24T11:15:00.067Z [ERROR] Weather data update job failed:
2025-06-24T11:15:00.067Z [INFO] Scheduler: Job 'updateWeatherData' completed, next run: Tue Jun 24 2025 14:16:00 GMT+0300 (Ora de vară a Europei de Est)
2025-06-24T11:15:00.067Z [INFO] Scheduler: Running job 'exceptionDetection'
2025-06-24T11:15:00.068Z [INFO] Starting automated exception detection...
2025-06-24T11:15:00.069Z [INFO] Running comprehensive exception detection...
2025-06-24T11:15:00.073Z [ERROR] Error detecting staff unavailability: result.rows is not iterable
2025-06-24T11:15:00.151Z [ERROR] SQL error after 81ms: column em.created_at does not exist
2025-06-24T11:15:00.152Z [ERROR] Failed query: 
        SELECT 
          e.id,
          e.name,
          e.type,
          e.status,
          e.location_id,
          l.name as location_name,
          EXTRACT(days FROM (NOW() - e.updated_at)) as days_since_update,
          COUNT(em.id) as recent_maintenance
        FROM equipment e
        JOIN locations l ON e.location_id = l.id
        LEFT JOIN equipment_maintenance em ON e.id = em.equipment_id 
          AND em.created_at >= NOW() - INTERVAL '30 days'
      
        GROUP BY e.id, e.name, e.type, e.status, e.location_id, l.name, e.updated_at
        HAVING e.status = 'OUT_OF_SERVICE' 
          OR EXTRACT(days FROM (NOW() - e.updated_at)) > 7
        ORDER BY days_since_update DESC
      
2025-06-24T11:15:00.153Z [ERROR] Error detecting equipment failures: column em.created_at does not exist
2025-06-24T11:15:00.154Z [ERROR] SQL error after 84ms: column o.id does not exist
2025-06-24T11:15:00.154Z [ERROR] Failed query: 
        SELECT 
          t.id,
          t.status,
          t.location_id,
          l.name as location_name,
          o.id as order_id,
          EXTRACT(hours FROM (NOW() - t.created_at)) as hours_since_created,
          EXTRACT(hours FROM (NOW() - t.updated_at)) as hours_since_updated
        FROM transports t
        JOIN orders o ON t.order_id = o.id
        JOIN locations l ON t.location_id = l.id
        WHERE t.status IN ('PENDING', 'IN_PROGRESS')
       ORDER BY t.created_at ASC
2025-06-24T11:15:00.155Z [ERROR] Error detecting transport issues: column o.id does not exist
2025-06-24T11:15:00.267Z [ERROR] SQL error after 197ms: column e.updated_at does not exist
2025-06-24T11:15:00.269Z [ERROR] Failed query: 
        SELECT 
          l.id as location_id,
          l.name as location_name,
          COUNT(e.id) as total_equipment,
          COUNT(CASE WHEN e.status = 'OUT_OF_SERVICE' THEN 1 END) as out_of_service,
          COUNT(CASE WHEN e.updated_at < NOW() - INTERVAL '2 hours' THEN 1 END) as stale_equipment
        FROM locations l
        LEFT JOIN equipment e ON l.id = e.location_id
       GROUP BY l.id, l.name
2025-06-24T11:15:00.269Z [ERROR] Error detecting power outage: column e.updated_at does not exist
2025-06-24T11:15:00.269Z [INFO] Exception detection completed: 0 issues found
2025-06-24T11:15:00.269Z [INFO] Exception detection completed: 0 total issues found
2025-06-24T11:15:00.270Z [INFO] - Staff issues: 0
2025-06-24T11:15:00.270Z [INFO] - Power issues: 0
2025-06-24T11:15:00.270Z [INFO] - Equipment issues: 0
2025-06-24T11:15:00.270Z [INFO] - Transport issues: 0
2025-06-24T11:15:00.271Z [INFO] Creating notification: SYSTEM_STATUS_OK - LOW - All systems operational - no critical issues detected
2025-06-24T11:15:00.272Z [ERROR] Failed to send notification via websocket: WebSocket notification failed: broadcastToAllClients is not a function
2025-06-24T11:15:00.277Z [INFO] Exception detection completed successfully in 209ms
2025-06-24T11:15:00.278Z [INFO] Scheduler: Job 'exceptionDetection' completed, next run: Tue Jun 24 2025 14:16:00 GMT+0300 (Ora de vară a Europei de Est)
2025-06-24T11:15:59.969Z [INFO] Scheduler: Running job 'expandRecurrences'
2025-06-24T11:15:59.970Z [INFO] ExpandRecurrences: Starting job
2025-06-24T11:16:00.060Z [INFO] ExpandRecurrences: Job completed, created 0 new recurring orders
2025-06-24T11:16:00.061Z [INFO] Scheduler: Job 'expandRecurrences' completed, next run: Tue Jun 24 2025 14:20:00 GMT+0300 (Ora de vară a Europei de Est)
2025-06-24T11:16:59.979Z [INFO] Scheduler: Running job 'checkEquipmentStatus'
2025-06-24T11:16:59.980Z [INFO] CheckEquipmentStatus: Starting equipment monitoring job
2025-06-24T11:16:59.980Z [INFO] Starting equipment status check...
2025-06-24T11:17:00.087Z [ERROR] Error checking equipment status:
2025-06-24T11:17:00.088Z [ERROR] CheckEquipmentStatus: Job failed
2025-06-24T11:17:00.088Z [INFO] Scheduler: Job 'checkEquipmentStatus' completed, next run: Tue Jun 24 2025 14:18:00 GMT+0300 (Ora de vară a Europei de Est)
2025-06-24T11:17:00.089Z [INFO] Scheduler: Running job 'updateWeatherData'
2025-06-24T11:17:00.089Z [INFO] Starting weather data update job...
2025-06-24T11:17:00.089Z [INFO] Starting weather data update for all locations...
2025-06-24T11:17:00.095Z [ERROR] Error updating weather data:
2025-06-24T11:17:00.095Z [ERROR] Weather data update job failed:
2025-06-24T11:17:00.096Z [INFO] Scheduler: Job 'updateWeatherData' completed, next run: Tue Jun 24 2025 14:18:00 GMT+0300 (Ora de vară a Europei de Est)
2025-06-24T11:17:00.097Z [INFO] Scheduler: Running job 'exceptionDetection'
2025-06-24T11:17:00.097Z [INFO] Starting automated exception detection...
2025-06-24T11:17:00.098Z [INFO] Running comprehensive exception detection...
2025-06-24T11:17:00.103Z [ERROR] Error detecting staff unavailability: result.rows is not iterable
2025-06-24T11:17:00.189Z [ERROR] SQL error after 91ms: column e.updated_at does not exist
2025-06-24T11:17:00.189Z [ERROR] Failed query: 
        SELECT 
          l.id as location_id,
          l.name as location_name,
          COUNT(e.id) as total_equipment,
          COUNT(CASE WHEN e.status = 'OUT_OF_SERVICE' THEN 1 END) as out_of_service,
          COUNT(CASE WHEN e.updated_at < NOW() - INTERVAL '2 hours' THEN 1 END) as stale_equipment
        FROM locations l
        LEFT JOIN equipment e ON l.id = e.location_id
       GROUP BY l.id, l.name
2025-06-24T11:17:00.190Z [ERROR] Error detecting power outage: column e.updated_at does not exist
2025-06-24T11:17:00.193Z [ERROR] SQL error after 95ms: column em.created_at does not exist
2025-06-24T11:17:00.194Z [ERROR] Failed query: 
        SELECT 
          e.id,
          e.name,
          e.type,
          e.status,
          e.location_id,
          l.name as location_name,
          EXTRACT(days FROM (NOW() - e.updated_at)) as days_since_update,
          COUNT(em.id) as recent_maintenance
        FROM equipment e
        JOIN locations l ON e.location_id = l.id
        LEFT JOIN equipment_maintenance em ON e.id = em.equipment_id 
          AND em.created_at >= NOW() - INTERVAL '30 days'
      
        GROUP BY e.id, e.name, e.type, e.status, e.location_id, l.name, e.updated_at
        HAVING e.status = 'OUT_OF_SERVICE' 
          OR EXTRACT(days FROM (NOW() - e.updated_at)) > 7
        ORDER BY days_since_update DESC
      
2025-06-24T11:17:00.194Z [ERROR] Error detecting equipment failures: column em.created_at does not exist
2025-06-24T11:17:00.197Z [ERROR] SQL error after 99ms: column o.id does not exist
2025-06-24T11:17:00.198Z [ERROR] Failed query: 
        SELECT 
          t.id,
          t.status,
          t.location_id,
          l.name as location_name,
          o.id as order_id,
          EXTRACT(hours FROM (NOW() - t.created_at)) as hours_since_created,
          EXTRACT(hours FROM (NOW() - t.updated_at)) as hours_since_updated
        FROM transports t
        JOIN orders o ON t.order_id = o.id
        JOIN locations l ON t.location_id = l.id
        WHERE t.status IN ('PENDING', 'IN_PROGRESS')
       ORDER BY t.created_at ASC
2025-06-24T11:17:00.198Z [ERROR] Error detecting transport issues: column o.id does not exist
2025-06-24T11:17:00.199Z [INFO] Exception detection completed: 0 issues found
2025-06-24T11:17:00.199Z [INFO] Exception detection completed: 0 total issues found
2025-06-24T11:17:00.199Z [INFO] - Staff issues: 0
2025-06-24T11:17:00.199Z [INFO] - Power issues: 0
2025-06-24T11:17:00.200Z [INFO] - Equipment issues: 0
2025-06-24T11:17:00.200Z [INFO] - Transport issues: 0
2025-06-24T11:17:00.200Z [INFO] Creating notification: SYSTEM_STATUS_OK - LOW - All systems operational - no critical issues detected
2025-06-24T11:17:00.201Z [ERROR] Failed to send notification via websocket: WebSocket notification failed: broadcastToAllClients is not a function
2025-06-24T11:17:00.201Z [INFO] Exception detection completed successfully in 104ms
2025-06-24T11:17:00.202Z [INFO] Scheduler: Job 'exceptionDetection' completed, next run: Tue Jun 24 2025 14:18:00 GMT+0300 (Ora de vară a Europei de Est)
2025-06-24T11:19:00.001Z [INFO] Scheduler: Running job 'checkEquipmentStatus'
2025-06-24T11:19:00.002Z [INFO] CheckEquipmentStatus: Starting equipment monitoring job
2025-06-24T11:19:00.003Z [INFO] Starting equipment status check...
2025-06-24T11:19:00.103Z [ERROR] Error checking equipment status:
2025-06-24T11:19:00.103Z [ERROR] CheckEquipmentStatus: Job failed
2025-06-24T11:19:00.104Z [INFO] Scheduler: Job 'checkEquipmentStatus' completed, next run: Tue Jun 24 2025 14:20:00 GMT+0300 (Ora de vară a Europei de Est)
2025-06-24T11:19:00.104Z [INFO] Scheduler: Running job 'updateWeatherData'
2025-06-24T11:19:00.105Z [INFO] Starting weather data update job...
2025-06-24T11:19:00.106Z [INFO] Starting weather data update for all locations...
2025-06-24T11:19:00.110Z [ERROR] Error updating weather data:
2025-06-24T11:19:00.111Z [ERROR] Weather data update job failed:
2025-06-24T11:19:00.111Z [INFO] Scheduler: Job 'updateWeatherData' completed, next run: Tue Jun 24 2025 14:20:00 GMT+0300 (Ora de vară a Europei de Est)
2025-06-24T11:19:00.112Z [INFO] Scheduler: Running job 'exceptionDetection'
2025-06-24T11:19:00.112Z [INFO] Starting automated exception detection...
2025-06-24T11:19:00.113Z [INFO] Running comprehensive exception detection...
2025-06-24T11:19:00.118Z [ERROR] Error detecting staff unavailability: result.rows is not iterable
2025-06-24T11:19:00.212Z [ERROR] SQL error after 99ms: column e.updated_at does not exist
2025-06-24T11:19:00.213Z [ERROR] Failed query: 
        SELECT 
          l.id as location_id,
          l.name as location_name,
          COUNT(e.id) as total_equipment,
          COUNT(CASE WHEN e.status = 'OUT_OF_SERVICE' THEN 1 END) as out_of_service,
          COUNT(CASE WHEN e.updated_at < NOW() - INTERVAL '2 hours' THEN 1 END) as stale_equipment
        FROM locations l
        LEFT JOIN equipment e ON l.id = e.location_id
       GROUP BY l.id, l.name
2025-06-24T11:19:00.214Z [ERROR] Error detecting power outage: column e.updated_at does not exist
2025-06-24T11:19:00.220Z [ERROR] SQL error after 107ms: column em.created_at does not exist
2025-06-24T11:19:00.220Z [ERROR] Failed query: 
        SELECT 
          e.id,
          e.name,
          e.type,
          e.status,
          e.location_id,
          l.name as location_name,
          EXTRACT(days FROM (NOW() - e.updated_at)) as days_since_update,
          COUNT(em.id) as recent_maintenance
        FROM equipment e
        JOIN locations l ON e.location_id = l.id
        LEFT JOIN equipment_maintenance em ON e.id = em.equipment_id 
          AND em.created_at >= NOW() - INTERVAL '30 days'
      
        GROUP BY e.id, e.name, e.type, e.status, e.location_id, l.name, e.updated_at
        HAVING e.status = 'OUT_OF_SERVICE' 
          OR EXTRACT(days FROM (NOW() - e.updated_at)) > 7
        ORDER BY days_since_update DESC
      
2025-06-24T11:19:00.221Z [ERROR] Error detecting equipment failures: column em.created_at does not exist
2025-06-24T11:19:00.223Z [ERROR] SQL error after 110ms: column o.id does not exist
2025-06-24T11:19:00.223Z [ERROR] Failed query: 
        SELECT 
          t.id,
          t.status,
          t.location_id,
          l.name as location_name,
          o.id as order_id,
          EXTRACT(hours FROM (NOW() - t.created_at)) as hours_since_created,
          EXTRACT(hours FROM (NOW() - t.updated_at)) as hours_since_updated
        FROM transports t
        JOIN orders o ON t.order_id = o.id
        JOIN locations l ON t.location_id = l.id
        WHERE t.status IN ('PENDING', 'IN_PROGRESS')
       ORDER BY t.created_at ASC
2025-06-24T11:19:00.224Z [ERROR] Error detecting transport issues: column o.id does not exist
2025-06-24T11:19:00.224Z [INFO] Exception detection completed: 0 issues found
2025-06-24T11:19:00.224Z [INFO] Exception detection completed: 0 total issues found
2025-06-24T11:19:00.225Z [INFO] - Staff issues: 0
2025-06-24T11:19:00.225Z [INFO] - Power issues: 0
2025-06-24T11:19:00.225Z [INFO] - Equipment issues: 0
2025-06-24T11:19:00.225Z [INFO] - Transport issues: 0
2025-06-24T11:19:00.225Z [INFO] Creating notification: SYSTEM_STATUS_OK - LOW - All systems operational - no critical issues detected
2025-06-24T11:19:00.226Z [ERROR] Failed to send notification via websocket: WebSocket notification failed: broadcastToAllClients is not a function
2025-06-24T11:19:00.226Z [INFO] Exception detection completed successfully in 114ms
2025-06-24T11:19:00.227Z [INFO] Scheduler: Job 'exceptionDetection' completed, next run: Tue Jun 24 2025 14:20:00 GMT+0300 (Ora de vară a Europei de Est)
2025-06-24T11:19:58.115Z [INFO] OPTIONS /api/auth/login
2025-06-24T11:19:58.119Z [INFO] POST /api/auth/login
2025-06-24T11:19:58.121Z [INFO] POST /api/login or /api/auth/login
2025-06-24T11:19:58.191Z [ERROR] SQL error after 68ms: column u.default_role does not exist
2025-06-24T11:19:58.192Z [ERROR] Failed query: 
      SELECT 
        u.user_id,
        u.email,
        u.password_hash,
        u.full_name,
        u.default_role
      FROM users u
      WHERE u.email = $1
    
2025-06-24T11:19:58.192Z [ERROR] AuthService: Login failed for radu.tanasa123@gmail.com: column u.default_role does not exist
2025-06-24T11:19:58.193Z [ERROR] Login error: column u.default_role does not exist
2025-06-24T11:19:59.502Z [INFO] POST /api/auth/login
2025-06-24T11:19:59.503Z [INFO] POST /api/login or /api/auth/login
2025-06-24T11:19:59.576Z [ERROR] SQL error after 73ms: column u.default_role does not exist
2025-06-24T11:19:59.577Z [ERROR] Failed query: 
      SELECT 
        u.user_id,
        u.email,
        u.password_hash,
        u.full_name,
        u.default_role
      FROM users u
      WHERE u.email = $1
    
2025-06-24T11:19:59.578Z [ERROR] AuthService: Login failed for radu.tanasa123@gmail.com: column u.default_role does not exist
2025-06-24T11:19:59.578Z [ERROR] Login error: column u.default_role does not exist
2025-06-24T11:20:00.009Z [INFO] Scheduler: Running job 'expandRecurrences'
2025-06-24T11:20:00.010Z [INFO] ExpandRecurrences: Starting job
2025-06-24T11:20:00.094Z [INFO] ExpandRecurrences: Job completed, created 0 new recurring orders
2025-06-24T11:20:00.095Z [INFO] Scheduler: Job 'expandRecurrences' completed, next run: Tue Jun 24 2025 14:20:00 GMT+0300 (Ora de vară a Europei de Est)
2025-06-24T11:21:00.020Z [INFO] Scheduler: Running job 'expandRecurrences'
2025-06-24T11:21:00.020Z [INFO] ExpandRecurrences: Starting job
2025-06-24T11:21:00.105Z [INFO] ExpandRecurrences: Job completed, created 0 new recurring orders
2025-06-24T11:21:00.105Z [INFO] Scheduler: Job 'expandRecurrences' completed, next run: Tue Jun 24 2025 14:25:00 GMT+0300 (Ora de vară a Europei de Est)
2025-06-24T11:21:00.106Z [INFO] Scheduler: Running job 'checkEquipmentStatus'
2025-06-24T11:21:00.106Z [INFO] CheckEquipmentStatus: Starting equipment monitoring job
2025-06-24T11:21:00.106Z [INFO] Starting equipment status check...
2025-06-24T11:21:00.112Z [ERROR] Error checking equipment status:
2025-06-24T11:21:00.113Z [ERROR] CheckEquipmentStatus: Job failed
2025-06-24T11:21:00.114Z [INFO] Scheduler: Job 'checkEquipmentStatus' completed, next run: Tue Jun 24 2025 14:22:00 GMT+0300 (Ora de vară a Europei de Est)
2025-06-24T11:21:00.114Z [INFO] Scheduler: Running job 'updateWeatherData'
2025-06-24T11:21:00.115Z [INFO] Starting weather data update job...
2025-06-24T11:21:00.115Z [INFO] Starting weather data update for all locations...
2025-06-24T11:21:00.121Z [ERROR] Error updating weather data:
2025-06-24T11:21:00.121Z [ERROR] Weather data update job failed:
2025-06-24T11:21:00.122Z [INFO] Scheduler: Job 'updateWeatherData' completed, next run: Tue Jun 24 2025 14:22:00 GMT+0300 (Ora de vară a Europei de Est)
2025-06-24T11:21:00.123Z [INFO] Scheduler: Running job 'exceptionDetection'
2025-06-24T11:21:00.123Z [INFO] Starting automated exception detection...
2025-06-24T11:21:00.124Z [INFO] Running comprehensive exception detection...
2025-06-24T11:21:00.129Z [ERROR] Error detecting staff unavailability: result.rows is not iterable
2025-06-24T11:21:00.204Z [ERROR] SQL error after 80ms: column e.updated_at does not exist
2025-06-24T11:21:00.204Z [ERROR] Failed query: 
        SELECT 
          l.id as location_id,
          l.name as location_name,
          COUNT(e.id) as total_equipment,
          COUNT(CASE WHEN e.status = 'OUT_OF_SERVICE' THEN 1 END) as out_of_service,
          COUNT(CASE WHEN e.updated_at < NOW() - INTERVAL '2 hours' THEN 1 END) as stale_equipment
        FROM locations l
        LEFT JOIN equipment e ON l.id = e.location_id
       GROUP BY l.id, l.name
2025-06-24T11:21:00.205Z [ERROR] Error detecting power outage: column e.updated_at does not exist
2025-06-24T11:21:00.207Z [ERROR] SQL error after 83ms: column em.created_at does not exist
2025-06-24T11:21:00.208Z [ERROR] Failed query: 
        SELECT 
          e.id,
          e.name,
          e.type,
          e.status,
          e.location_id,
          l.name as location_name,
          EXTRACT(days FROM (NOW() - e.updated_at)) as days_since_update,
          COUNT(em.id) as recent_maintenance
        FROM equipment e
        JOIN locations l ON e.location_id = l.id
        LEFT JOIN equipment_maintenance em ON e.id = em.equipment_id 
          AND em.created_at >= NOW() - INTERVAL '30 days'
      
        GROUP BY e.id, e.name, e.type, e.status, e.location_id, l.name, e.updated_at
        HAVING e.status = 'OUT_OF_SERVICE' 
          OR EXTRACT(days FROM (NOW() - e.updated_at)) > 7
        ORDER BY days_since_update DESC
      
2025-06-24T11:21:00.208Z [ERROR] Error detecting equipment failures: column em.created_at does not exist
2025-06-24T11:21:00.214Z [ERROR] SQL error after 90ms: column o.id does not exist
2025-06-24T11:21:00.214Z [ERROR] Failed query: 
        SELECT 
          t.id,
          t.status,
          t.location_id,
          l.name as location_name,
          o.id as order_id,
          EXTRACT(hours FROM (NOW() - t.created_at)) as hours_since_created,
          EXTRACT(hours FROM (NOW() - t.updated_at)) as hours_since_updated
        FROM transports t
        JOIN orders o ON t.order_id = o.id
        JOIN locations l ON t.location_id = l.id
        WHERE t.status IN ('PENDING', 'IN_PROGRESS')
       ORDER BY t.created_at ASC
2025-06-24T11:21:00.215Z [ERROR] Error detecting transport issues: column o.id does not exist
2025-06-24T11:21:00.215Z [INFO] Exception detection completed: 0 issues found
2025-06-24T11:21:00.216Z [INFO] Exception detection completed: 0 total issues found
2025-06-24T11:21:00.216Z [INFO] - Staff issues: 0
2025-06-24T11:21:00.216Z [INFO] - Power issues: 0
2025-06-24T11:21:00.217Z [INFO] - Equipment issues: 0
2025-06-24T11:21:00.217Z [INFO] - Transport issues: 0
2025-06-24T11:21:00.218Z [INFO] Creating notification: SYSTEM_STATUS_OK - LOW - All systems operational - no critical issues detected
2025-06-24T11:21:00.219Z [ERROR] Failed to send notification via websocket: WebSocket notification failed: broadcastToAllClients is not a function
2025-06-24T11:21:00.219Z [INFO] Exception detection completed successfully in 96ms
2025-06-24T11:21:00.220Z [INFO] Scheduler: Job 'exceptionDetection' completed, next run: Tue Jun 24 2025 14:22:00 GMT+0300 (Ora de vară a Europei de Est)
2025-06-24T11:23:00.031Z [INFO] Scheduler: Running job 'checkEquipmentStatus'
2025-06-24T11:23:00.032Z [INFO] CheckEquipmentStatus: Starting equipment monitoring job
2025-06-24T11:23:00.033Z [INFO] Starting equipment status check...
2025-06-24T11:23:00.120Z [ERROR] Error checking equipment status:
2025-06-24T11:23:00.120Z [ERROR] CheckEquipmentStatus: Job failed
2025-06-24T11:23:00.121Z [INFO] Scheduler: Job 'checkEquipmentStatus' completed, next run: Tue Jun 24 2025 14:24:00 GMT+0300 (Ora de vară a Europei de Est)
2025-06-24T11:23:00.121Z [INFO] Scheduler: Running job 'updateWeatherData'
2025-06-24T11:23:00.122Z [INFO] Starting weather data update job...
2025-06-24T11:23:00.122Z [INFO] Starting weather data update for all locations...
2025-06-24T11:23:00.126Z [ERROR] Error updating weather data:
2025-06-24T11:23:00.127Z [ERROR] Weather data update job failed:
2025-06-24T11:23:00.127Z [INFO] Scheduler: Job 'updateWeatherData' completed, next run: Tue Jun 24 2025 14:24:00 GMT+0300 (Ora de vară a Europei de Est)
2025-06-24T11:23:00.128Z [INFO] Scheduler: Running job 'exceptionDetection'
2025-06-24T11:23:00.128Z [INFO] Starting automated exception detection...
2025-06-24T11:23:00.128Z [INFO] Running comprehensive exception detection...
2025-06-24T11:23:00.132Z [ERROR] Error detecting staff unavailability: result.rows is not iterable
2025-06-24T11:23:00.209Z [ERROR] SQL error after 80ms: column em.created_at does not exist
2025-06-24T11:23:00.209Z [ERROR] Failed query: 
        SELECT 
          e.id,
          e.name,
          e.type,
          e.status,
          e.location_id,
          l.name as location_name,
          EXTRACT(days FROM (NOW() - e.updated_at)) as days_since_update,
          COUNT(em.id) as recent_maintenance
        FROM equipment e
        JOIN locations l ON e.location_id = l.id
        LEFT JOIN equipment_maintenance em ON e.id = em.equipment_id 
          AND em.created_at >= NOW() - INTERVAL '30 days'
      
        GROUP BY e.id, e.name, e.type, e.status, e.location_id, l.name, e.updated_at
        HAVING e.status = 'OUT_OF_SERVICE' 
          OR EXTRACT(days FROM (NOW() - e.updated_at)) > 7
        ORDER BY days_since_update DESC
      
2025-06-24T11:23:00.210Z [ERROR] Error detecting equipment failures: column em.created_at does not exist
2025-06-24T11:23:00.212Z [ERROR] SQL error after 83ms: column e.updated_at does not exist
2025-06-24T11:23:00.213Z [ERROR] Failed query: 
        SELECT 
          l.id as location_id,
          l.name as location_name,
          COUNT(e.id) as total_equipment,
          COUNT(CASE WHEN e.status = 'OUT_OF_SERVICE' THEN 1 END) as out_of_service,
          COUNT(CASE WHEN e.updated_at < NOW() - INTERVAL '2 hours' THEN 1 END) as stale_equipment
        FROM locations l
        LEFT JOIN equipment e ON l.id = e.location_id
       GROUP BY l.id, l.name
2025-06-24T11:23:00.213Z [ERROR] Error detecting power outage: column e.updated_at does not exist
2025-06-24T11:23:00.214Z [ERROR] SQL error after 85ms: column o.id does not exist
2025-06-24T11:23:00.214Z [ERROR] Failed query: 
        SELECT 
          t.id,
          t.status,
          t.location_id,
          l.name as location_name,
          o.id as order_id,
          EXTRACT(hours FROM (NOW() - t.created_at)) as hours_since_created,
          EXTRACT(hours FROM (NOW() - t.updated_at)) as hours_since_updated
        FROM transports t
        JOIN orders o ON t.order_id = o.id
        JOIN locations l ON t.location_id = l.id
        WHERE t.status IN ('PENDING', 'IN_PROGRESS')
       ORDER BY t.created_at ASC
2025-06-24T11:23:00.215Z [ERROR] Error detecting transport issues: column o.id does not exist
2025-06-24T11:23:00.215Z [INFO] Exception detection completed: 0 issues found
2025-06-24T11:23:00.215Z [INFO] Exception detection completed: 0 total issues found
2025-06-24T11:23:00.216Z [INFO] - Staff issues: 0
2025-06-24T11:23:00.216Z [INFO] - Power issues: 0
2025-06-24T11:23:00.216Z [INFO] - Equipment issues: 0
2025-06-24T11:23:00.217Z [INFO] - Transport issues: 0
2025-06-24T11:23:00.217Z [INFO] Creating notification: SYSTEM_STATUS_OK - LOW - All systems operational - no critical issues detected
2025-06-24T11:23:00.217Z [ERROR] Failed to send notification via websocket: WebSocket notification failed: broadcastToAllClients is not a function
2025-06-24T11:23:00.218Z [INFO] Exception detection completed successfully in 90ms
2025-06-24T11:23:00.218Z [INFO] Scheduler: Job 'exceptionDetection' completed, next run: Tue Jun 24 2025 14:24:00 GMT+0300 (Ora de vară a Europei de Est)
2025-06-24T11:25:00.038Z [INFO] Scheduler: Running job 'expandRecurrences'
2025-06-24T11:25:00.039Z [INFO] ExpandRecurrences: Starting job
2025-06-24T11:25:00.102Z [INFO] ExpandRecurrences: Job completed, created 0 new recurring orders
2025-06-24T11:25:00.102Z [INFO] Scheduler: Job 'expandRecurrences' completed, next run: Tue Jun 24 2025 14:25:00 GMT+0300 (Ora de vară a Europei de Est)
2025-06-24T11:25:00.103Z [INFO] Scheduler: Running job 'checkEquipmentStatus'
2025-06-24T11:25:00.103Z [INFO] CheckEquipmentStatus: Starting equipment monitoring job
2025-06-24T11:25:00.103Z [INFO] Starting equipment status check...
2025-06-24T11:25:00.110Z [ERROR] Error checking equipment status:
2025-06-24T11:25:00.111Z [ERROR] CheckEquipmentStatus: Job failed
2025-06-24T11:25:00.111Z [INFO] Scheduler: Job 'checkEquipmentStatus' completed, next run: Tue Jun 24 2025 14:26:00 GMT+0300 (Ora de vară a Europei de Est)
2025-06-24T11:25:00.111Z [INFO] Scheduler: Running job 'updateWeatherData'
2025-06-24T11:25:00.111Z [INFO] Starting weather data update job...
2025-06-24T11:25:00.112Z [INFO] Starting weather data update for all locations...
2025-06-24T11:25:00.115Z [ERROR] Error updating weather data:
2025-06-24T11:25:00.116Z [ERROR] Weather data update job failed:
2025-06-24T11:25:00.116Z [INFO] Scheduler: Job 'updateWeatherData' completed, next run: Tue Jun 24 2025 14:26:00 GMT+0300 (Ora de vară a Europei de Est)
2025-06-24T11:25:00.117Z [INFO] Scheduler: Running job 'exceptionDetection'
2025-06-24T11:25:00.117Z [INFO] Starting automated exception detection...
2025-06-24T11:25:00.117Z [INFO] Running comprehensive exception detection...
2025-06-24T11:25:00.121Z [ERROR] Error detecting staff unavailability: result.rows is not iterable
2025-06-24T11:25:00.194Z [ERROR] SQL error after 76ms: column e.updated_at does not exist
2025-06-24T11:25:00.194Z [ERROR] Failed query: 
        SELECT 
          l.id as location_id,
          l.name as location_name,
          COUNT(e.id) as total_equipment,
          COUNT(CASE WHEN e.status = 'OUT_OF_SERVICE' THEN 1 END) as out_of_service,
          COUNT(CASE WHEN e.updated_at < NOW() - INTERVAL '2 hours' THEN 1 END) as stale_equipment
        FROM locations l
        LEFT JOIN equipment e ON l.id = e.location_id
       GROUP BY l.id, l.name
2025-06-24T11:25:00.194Z [ERROR] Error detecting power outage: column e.updated_at does not exist
2025-06-24T11:25:00.197Z [ERROR] SQL error after 80ms: column em.created_at does not exist
2025-06-24T11:25:00.198Z [ERROR] Failed query: 
        SELECT 
          e.id,
          e.name,
          e.type,
          e.status,
          e.location_id,
          l.name as location_name,
          EXTRACT(days FROM (NOW() - e.updated_at)) as days_since_update,
          COUNT(em.id) as recent_maintenance
        FROM equipment e
        JOIN locations l ON e.location_id = l.id
        LEFT JOIN equipment_maintenance em ON e.id = em.equipment_id 
          AND em.created_at >= NOW() - INTERVAL '30 days'
      
        GROUP BY e.id, e.name, e.type, e.status, e.location_id, l.name, e.updated_at
        HAVING e.status = 'OUT_OF_SERVICE' 
          OR EXTRACT(days FROM (NOW() - e.updated_at)) > 7
        ORDER BY days_since_update DESC
      
2025-06-24T11:25:00.198Z [ERROR] Error detecting equipment failures: column em.created_at does not exist
2025-06-24T11:25:00.201Z [ERROR] SQL error after 84ms: column o.id does not exist
2025-06-24T11:25:00.202Z [ERROR] Failed query: 
        SELECT 
          t.id,
          t.status,
          t.location_id,
          l.name as location_name,
          o.id as order_id,
          EXTRACT(hours FROM (NOW() - t.created_at)) as hours_since_created,
          EXTRACT(hours FROM (NOW() - t.updated_at)) as hours_since_updated
        FROM transports t
        JOIN orders o ON t.order_id = o.id
        JOIN locations l ON t.location_id = l.id
        WHERE t.status IN ('PENDING', 'IN_PROGRESS')
       ORDER BY t.created_at ASC
2025-06-24T11:25:00.202Z [ERROR] Error detecting transport issues: column o.id does not exist
2025-06-24T11:25:00.203Z [INFO] Exception detection completed: 0 issues found
2025-06-24T11:25:00.203Z [INFO] Exception detection completed: 0 total issues found
2025-06-24T11:25:00.203Z [INFO] - Staff issues: 0
2025-06-24T11:25:00.204Z [INFO] - Power issues: 0
2025-06-24T11:25:00.204Z [INFO] - Equipment issues: 0
2025-06-24T11:25:00.204Z [INFO] - Transport issues: 0
2025-06-24T11:25:00.204Z [INFO] Creating notification: SYSTEM_STATUS_OK - LOW - All systems operational - no critical issues detected
2025-06-24T11:25:00.205Z [ERROR] Failed to send notification via websocket: WebSocket notification failed: broadcastToAllClients is not a function
2025-06-24T11:25:00.205Z [INFO] Exception detection completed successfully in 88ms
2025-06-24T11:25:00.206Z [INFO] Scheduler: Job 'exceptionDetection' completed, next run: Tue Jun 24 2025 14:26:00 GMT+0300 (Ora de vară a Europei de Est)
2025-06-24T11:26:00.049Z [INFO] Scheduler: Running job 'expandRecurrences'
2025-06-24T11:26:00.050Z [INFO] ExpandRecurrences: Starting job
2025-06-24T11:26:00.135Z [INFO] ExpandRecurrences: Job completed, created 0 new recurring orders
2025-06-24T11:26:00.136Z [INFO] Scheduler: Job 'expandRecurrences' completed, next run: Tue Jun 24 2025 14:30:00 GMT+0300 (Ora de vară a Europei de Est)
2025-06-24T11:27:00.063Z [INFO] Scheduler: Running job 'checkEquipmentStatus'
2025-06-24T11:27:00.064Z [INFO] CheckEquipmentStatus: Starting equipment monitoring job
2025-06-24T11:27:00.064Z [INFO] Starting equipment status check...
2025-06-24T11:27:00.152Z [ERROR] Error checking equipment status:
2025-06-24T11:27:00.153Z [ERROR] CheckEquipmentStatus: Job failed
2025-06-24T11:27:00.153Z [INFO] Scheduler: Job 'checkEquipmentStatus' completed, next run: Tue Jun 24 2025 14:28:00 GMT+0300 (Ora de vară a Europei de Est)
2025-06-24T11:27:00.154Z [INFO] Scheduler: Running job 'updateWeatherData'
2025-06-24T11:27:00.154Z [INFO] Starting weather data update job...
2025-06-24T11:27:00.155Z [INFO] Starting weather data update for all locations...
2025-06-24T11:27:00.161Z [ERROR] Error updating weather data:
2025-06-24T11:27:00.162Z [ERROR] Weather data update job failed:
2025-06-24T11:27:00.163Z [INFO] Scheduler: Job 'updateWeatherData' completed, next run: Tue Jun 24 2025 14:28:00 GMT+0300 (Ora de vară a Europei de Est)
2025-06-24T11:27:00.163Z [INFO] Scheduler: Running job 'exceptionDetection'
2025-06-24T11:27:00.164Z [INFO] Starting automated exception detection...
2025-06-24T11:27:00.164Z [INFO] Running comprehensive exception detection...
2025-06-24T11:27:00.170Z [ERROR] Error detecting staff unavailability: result.rows is not iterable
2025-06-24T11:27:00.278Z [ERROR] SQL error after 113ms: column em.created_at does not exist
2025-06-24T11:27:00.278Z [ERROR] Failed query: 
        SELECT 
          e.id,
          e.name,
          e.type,
          e.status,
          e.location_id,
          l.name as location_name,
          EXTRACT(days FROM (NOW() - e.updated_at)) as days_since_update,
          COUNT(em.id) as recent_maintenance
        FROM equipment e
        JOIN locations l ON e.location_id = l.id
        LEFT JOIN equipment_maintenance em ON e.id = em.equipment_id 
          AND em.created_at >= NOW() - INTERVAL '30 days'
      
        GROUP BY e.id, e.name, e.type, e.status, e.location_id, l.name, e.updated_at
        HAVING e.status = 'OUT_OF_SERVICE' 
          OR EXTRACT(days FROM (NOW() - e.updated_at)) > 7
        ORDER BY days_since_update DESC
      
2025-06-24T11:27:00.279Z [ERROR] Error detecting equipment failures: column em.created_at does not exist
2025-06-24T11:27:00.292Z [ERROR] SQL error after 127ms: column o.id does not exist
2025-06-24T11:27:00.293Z [ERROR] Failed query: 
        SELECT 
          t.id,
          t.status,
          t.location_id,
          l.name as location_name,
          o.id as order_id,
          EXTRACT(hours FROM (NOW() - t.created_at)) as hours_since_created,
          EXTRACT(hours FROM (NOW() - t.updated_at)) as hours_since_updated
        FROM transports t
        JOIN orders o ON t.order_id = o.id
        JOIN locations l ON t.location_id = l.id
        WHERE t.status IN ('PENDING', 'IN_PROGRESS')
       ORDER BY t.created_at ASC
2025-06-24T11:27:00.294Z [ERROR] Error detecting transport issues: column o.id does not exist
2025-06-24T11:27:00.295Z [ERROR] SQL error after 130ms: column e.updated_at does not exist
2025-06-24T11:27:00.295Z [ERROR] Failed query: 
        SELECT 
          l.id as location_id,
          l.name as location_name,
          COUNT(e.id) as total_equipment,
          COUNT(CASE WHEN e.status = 'OUT_OF_SERVICE' THEN 1 END) as out_of_service,
          COUNT(CASE WHEN e.updated_at < NOW() - INTERVAL '2 hours' THEN 1 END) as stale_equipment
        FROM locations l
        LEFT JOIN equipment e ON l.id = e.location_id
       GROUP BY l.id, l.name
2025-06-24T11:27:00.296Z [ERROR] Error detecting power outage: column e.updated_at does not exist
2025-06-24T11:27:00.296Z [INFO] Exception detection completed: 0 issues found
2025-06-24T11:27:00.296Z [INFO] Exception detection completed: 0 total issues found
2025-06-24T11:27:00.297Z [INFO] - Staff issues: 0
2025-06-24T11:27:00.297Z [INFO] - Power issues: 0
2025-06-24T11:27:00.298Z [INFO] - Equipment issues: 0
2025-06-24T11:27:00.298Z [INFO] - Transport issues: 0
2025-06-24T11:27:00.299Z [INFO] Creating notification: SYSTEM_STATUS_OK - LOW - All systems operational - no critical issues detected
2025-06-24T11:27:00.299Z [ERROR] Failed to send notification via websocket: WebSocket notification failed: broadcastToAllClients is not a function
2025-06-24T11:27:00.300Z [INFO] Exception detection completed successfully in 136ms
2025-06-24T11:27:00.300Z [INFO] Scheduler: Job 'exceptionDetection' completed, next run: Tue Jun 24 2025 14:28:00 GMT+0300 (Ora de vară a Europei de Est)
2025-06-24T11:29:00.076Z [INFO] Scheduler: Running job 'checkEquipmentStatus'
2025-06-24T11:29:00.077Z [INFO] CheckEquipmentStatus: Starting equipment monitoring job
2025-06-24T11:29:00.078Z [INFO] Starting equipment status check...
2025-06-24T11:29:00.155Z [ERROR] Error checking equipment status:
2025-06-24T11:29:00.156Z [ERROR] CheckEquipmentStatus: Job failed
2025-06-24T11:29:00.156Z [INFO] Scheduler: Job 'checkEquipmentStatus' completed, next run: Tue Jun 24 2025 14:30:00 GMT+0300 (Ora de vară a Europei de Est)
2025-06-24T11:29:00.157Z [INFO] Scheduler: Running job 'updateWeatherData'
2025-06-24T11:29:00.157Z [INFO] Starting weather data update job...
2025-06-24T11:29:00.158Z [INFO] Starting weather data update for all locations...
2025-06-24T11:29:00.161Z [ERROR] Error updating weather data:
2025-06-24T11:29:00.162Z [ERROR] Weather data update job failed:
2025-06-24T11:29:00.163Z [INFO] Scheduler: Job 'updateWeatherData' completed, next run: Tue Jun 24 2025 14:30:00 GMT+0300 (Ora de vară a Europei de Est)
2025-06-24T11:29:00.164Z [INFO] Scheduler: Running job 'exceptionDetection'
2025-06-24T11:29:00.164Z [INFO] Starting automated exception detection...
2025-06-24T11:29:00.165Z [INFO] Running comprehensive exception detection...
2025-06-24T11:29:00.169Z [ERROR] Error detecting staff unavailability: result.rows is not iterable
2025-06-24T11:29:00.256Z [ERROR] SQL error after 90ms: column e.updated_at does not exist
2025-06-24T11:29:00.257Z [ERROR] Failed query: 
        SELECT 
          l.id as location_id,
          l.name as location_name,
          COUNT(e.id) as total_equipment,
          COUNT(CASE WHEN e.status = 'OUT_OF_SERVICE' THEN 1 END) as out_of_service,
          COUNT(CASE WHEN e.updated_at < NOW() - INTERVAL '2 hours' THEN 1 END) as stale_equipment
        FROM locations l
        LEFT JOIN equipment e ON l.id = e.location_id
       GROUP BY l.id, l.name
2025-06-24T11:29:00.257Z [ERROR] Error detecting power outage: column e.updated_at does not exist
2025-06-24T11:29:00.258Z [ERROR] SQL error after 92ms: column em.created_at does not exist
2025-06-24T11:29:00.258Z [ERROR] Failed query: 
        SELECT 
          e.id,
          e.name,
          e.type,
          e.status,
          e.location_id,
          l.name as location_name,
          EXTRACT(days FROM (NOW() - e.updated_at)) as days_since_update,
          COUNT(em.id) as recent_maintenance
        FROM equipment e
        JOIN locations l ON e.location_id = l.id
        LEFT JOIN equipment_maintenance em ON e.id = em.equipment_id 
          AND em.created_at >= NOW() - INTERVAL '30 days'
      
        GROUP BY e.id, e.name, e.type, e.status, e.location_id, l.name, e.updated_at
        HAVING e.status = 'OUT_OF_SERVICE' 
          OR EXTRACT(days FROM (NOW() - e.updated_at)) > 7
        ORDER BY days_since_update DESC
      
2025-06-24T11:29:00.259Z [ERROR] Error detecting equipment failures: column em.created_at does not exist
2025-06-24T11:29:00.260Z [ERROR] SQL error after 94ms: column o.id does not exist
2025-06-24T11:29:00.260Z [ERROR] Failed query: 
        SELECT 
          t.id,
          t.status,
          t.location_id,
          l.name as location_name,
          o.id as order_id,
          EXTRACT(hours FROM (NOW() - t.created_at)) as hours_since_created,
          EXTRACT(hours FROM (NOW() - t.updated_at)) as hours_since_updated
        FROM transports t
        JOIN orders o ON t.order_id = o.id
        JOIN locations l ON t.location_id = l.id
        WHERE t.status IN ('PENDING', 'IN_PROGRESS')
       ORDER BY t.created_at ASC
2025-06-24T11:29:00.260Z [ERROR] Error detecting transport issues: column o.id does not exist
2025-06-24T11:29:00.261Z [INFO] Exception detection completed: 0 issues found
2025-06-24T11:29:00.261Z [INFO] Exception detection completed: 0 total issues found
2025-06-24T11:29:00.261Z [INFO] - Staff issues: 0
2025-06-24T11:29:00.261Z [INFO] - Power issues: 0
2025-06-24T11:29:00.262Z [INFO] - Equipment issues: 0
2025-06-24T11:29:00.262Z [INFO] - Transport issues: 0
2025-06-24T11:29:00.262Z [INFO] Creating notification: SYSTEM_STATUS_OK - LOW - All systems operational - no critical issues detected
2025-06-24T11:29:00.263Z [ERROR] Failed to send notification via websocket: WebSocket notification failed: broadcastToAllClients is not a function
2025-06-24T11:29:00.263Z [INFO] Exception detection completed successfully in 99ms
2025-06-24T11:29:00.263Z [INFO] Scheduler: Job 'exceptionDetection' completed, next run: Tue Jun 24 2025 14:30:00 GMT+0300 (Ora de vară a Europei de Est)
2025-06-24T11:30:00.080Z [INFO] Scheduler: Running job 'expandRecurrences'
2025-06-24T11:30:00.081Z [INFO] ExpandRecurrences: Starting job
2025-06-24T11:30:00.160Z [INFO] ExpandRecurrences: Job completed, created 0 new recurring orders
2025-06-24T11:30:00.160Z [INFO] Scheduler: Job 'expandRecurrences' completed, next run: Tue Jun 24 2025 14:30:00 GMT+0300 (Ora de vară a Europei de Est)
2025-06-24T11:31:00.089Z [INFO] Scheduler: Running job 'expandRecurrences'
2025-06-24T11:31:00.090Z [INFO] ExpandRecurrences: Starting job
2025-06-24T11:31:00.181Z [INFO] ExpandRecurrences: Job completed, created 0 new recurring orders
2025-06-24T11:31:00.182Z [INFO] Scheduler: Job 'expandRecurrences' completed, next run: Tue Jun 24 2025 14:35:00 GMT+0300 (Ora de vară a Europei de Est)
2025-06-24T11:31:00.183Z [INFO] Scheduler: Running job 'checkEquipmentStatus'
2025-06-24T11:31:00.183Z [INFO] CheckEquipmentStatus: Starting equipment monitoring job
2025-06-24T11:31:00.184Z [INFO] Starting equipment status check...
2025-06-24T11:31:00.190Z [ERROR] Error checking equipment status:
2025-06-24T11:31:00.191Z [ERROR] CheckEquipmentStatus: Job failed
2025-06-24T11:31:00.191Z [INFO] Scheduler: Job 'checkEquipmentStatus' completed, next run: Tue Jun 24 2025 14:32:00 GMT+0300 (Ora de vară a Europei de Est)
2025-06-24T11:31:00.191Z [INFO] Scheduler: Running job 'updateWeatherData'
2025-06-24T11:31:00.192Z [INFO] Starting weather data update job...
2025-06-24T11:31:00.192Z [INFO] Starting weather data update for all locations...
2025-06-24T11:31:00.195Z [ERROR] Error updating weather data:
2025-06-24T11:31:00.195Z [ERROR] Weather data update job failed:
2025-06-24T11:31:00.196Z [INFO] Scheduler: Job 'updateWeatherData' completed, next run: Tue Jun 24 2025 14:32:00 GMT+0300 (Ora de vară a Europei de Est)
2025-06-24T11:31:00.196Z [INFO] Scheduler: Running job 'exceptionDetection'
2025-06-24T11:31:00.197Z [INFO] Starting automated exception detection...
2025-06-24T11:31:00.197Z [INFO] Running comprehensive exception detection...
2025-06-24T11:31:00.200Z [ERROR] Error detecting staff unavailability: result.rows is not iterable
2025-06-24T11:31:00.273Z [ERROR] SQL error after 76ms: column e.updated_at does not exist
2025-06-24T11:31:00.274Z [ERROR] Failed query: 
        SELECT 
          l.id as location_id,
          l.name as location_name,
          COUNT(e.id) as total_equipment,
          COUNT(CASE WHEN e.status = 'OUT_OF_SERVICE' THEN 1 END) as out_of_service,
          COUNT(CASE WHEN e.updated_at < NOW() - INTERVAL '2 hours' THEN 1 END) as stale_equipment
        FROM locations l
        LEFT JOIN equipment e ON l.id = e.location_id
       GROUP BY l.id, l.name
2025-06-24T11:31:00.274Z [ERROR] Error detecting power outage: column e.updated_at does not exist
2025-06-24T11:31:00.277Z [ERROR] SQL error after 80ms: column em.created_at does not exist
2025-06-24T11:31:00.277Z [ERROR] Failed query: 
        SELECT 
          e.id,
          e.name,
          e.type,
          e.status,
          e.location_id,
          l.name as location_name,
          EXTRACT(days FROM (NOW() - e.updated_at)) as days_since_update,
          COUNT(em.id) as recent_maintenance
        FROM equipment e
        JOIN locations l ON e.location_id = l.id
        LEFT JOIN equipment_maintenance em ON e.id = em.equipment_id 
          AND em.created_at >= NOW() - INTERVAL '30 days'
      
        GROUP BY e.id, e.name, e.type, e.status, e.location_id, l.name, e.updated_at
        HAVING e.status = 'OUT_OF_SERVICE' 
          OR EXTRACT(days FROM (NOW() - e.updated_at)) > 7
        ORDER BY days_since_update DESC
      
2025-06-24T11:31:00.278Z [ERROR] Error detecting equipment failures: column em.created_at does not exist
2025-06-24T11:31:00.280Z [ERROR] SQL error after 83ms: column o.id does not exist
2025-06-24T11:31:00.281Z [ERROR] Failed query: 
        SELECT 
          t.id,
          t.status,
          t.location_id,
          l.name as location_name,
          o.id as order_id,
          EXTRACT(hours FROM (NOW() - t.created_at)) as hours_since_created,
          EXTRACT(hours FROM (NOW() - t.updated_at)) as hours_since_updated
        FROM transports t
        JOIN orders o ON t.order_id = o.id
        JOIN locations l ON t.location_id = l.id
        WHERE t.status IN ('PENDING', 'IN_PROGRESS')
       ORDER BY t.created_at ASC
2025-06-24T11:31:00.281Z [ERROR] Error detecting transport issues: column o.id does not exist
2025-06-24T11:31:00.281Z [INFO] Exception detection completed: 0 issues found
2025-06-24T11:31:00.282Z [INFO] Exception detection completed: 0 total issues found
2025-06-24T11:31:00.282Z [INFO] - Staff issues: 0
2025-06-24T11:31:00.282Z [INFO] - Power issues: 0
2025-06-24T11:31:00.282Z [INFO] - Equipment issues: 0
2025-06-24T11:31:00.283Z [INFO] - Transport issues: 0
2025-06-24T11:31:00.283Z [INFO] Creating notification: SYSTEM_STATUS_OK - LOW - All systems operational - no critical issues detected
2025-06-24T11:31:00.283Z [ERROR] Failed to send notification via websocket: WebSocket notification failed: broadcastToAllClients is not a function
2025-06-24T11:31:00.283Z [INFO] Exception detection completed successfully in 86ms
2025-06-24T11:31:00.284Z [INFO] Scheduler: Job 'exceptionDetection' completed, next run: Tue Jun 24 2025 14:32:00 GMT+0300 (Ora de vară a Europei de Est)
2025-06-24T11:33:00.098Z [INFO] Scheduler: Running job 'checkEquipmentStatus'
2025-06-24T11:33:00.099Z [INFO] CheckEquipmentStatus: Starting equipment monitoring job
2025-06-24T11:33:00.100Z [INFO] Starting equipment status check...
2025-06-24T11:33:00.290Z [ERROR] Error checking equipment status:
2025-06-24T11:33:00.291Z [ERROR] CheckEquipmentStatus: Job failed
2025-06-24T11:33:00.292Z [INFO] Scheduler: Job 'checkEquipmentStatus' completed, next run: Tue Jun 24 2025 14:34:00 GMT+0300 (Ora de vară a Europei de Est)
2025-06-24T11:33:00.292Z [INFO] Scheduler: Running job 'updateWeatherData'
2025-06-24T11:33:00.293Z [INFO] Starting weather data update job...
2025-06-24T11:33:00.293Z [INFO] Starting weather data update for all locations...
2025-06-24T11:33:00.297Z [ERROR] Error updating weather data:
2025-06-24T11:33:00.297Z [ERROR] Weather data update job failed:
2025-06-24T11:33:00.298Z [INFO] Scheduler: Job 'updateWeatherData' completed, next run: Tue Jun 24 2025 14:34:00 GMT+0300 (Ora de vară a Europei de Est)
2025-06-24T11:33:00.298Z [INFO] Scheduler: Running job 'exceptionDetection'
2025-06-24T11:33:00.299Z [INFO] Starting automated exception detection...
2025-06-24T11:33:00.299Z [INFO] Running comprehensive exception detection...
2025-06-24T11:33:00.303Z [ERROR] Error detecting staff unavailability: result.rows is not iterable
2025-06-24T11:33:00.370Z [ERROR] SQL error after 71ms: column e.updated_at does not exist
2025-06-24T11:33:00.370Z [ERROR] Failed query: 
        SELECT 
          l.id as location_id,
          l.name as location_name,
          COUNT(e.id) as total_equipment,
          COUNT(CASE WHEN e.status = 'OUT_OF_SERVICE' THEN 1 END) as out_of_service,
          COUNT(CASE WHEN e.updated_at < NOW() - INTERVAL '2 hours' THEN 1 END) as stale_equipment
        FROM locations l
        LEFT JOIN equipment e ON l.id = e.location_id
       GROUP BY l.id, l.name
2025-06-24T11:33:00.371Z [ERROR] Error detecting power outage: column e.updated_at does not exist
2025-06-24T11:33:00.373Z [ERROR] SQL error after 74ms: column em.created_at does not exist
2025-06-24T11:33:00.373Z [ERROR] Failed query: 
        SELECT 
          e.id,
          e.name,
          e.type,
          e.status,
          e.location_id,
          l.name as location_name,
          EXTRACT(days FROM (NOW() - e.updated_at)) as days_since_update,
          COUNT(em.id) as recent_maintenance
        FROM equipment e
        JOIN locations l ON e.location_id = l.id
        LEFT JOIN equipment_maintenance em ON e.id = em.equipment_id 
          AND em.created_at >= NOW() - INTERVAL '30 days'
      
        GROUP BY e.id, e.name, e.type, e.status, e.location_id, l.name, e.updated_at
        HAVING e.status = 'OUT_OF_SERVICE' 
          OR EXTRACT(days FROM (NOW() - e.updated_at)) > 7
        ORDER BY days_since_update DESC
      
2025-06-24T11:33:00.374Z [ERROR] Error detecting equipment failures: column em.created_at does not exist
2025-06-24T11:33:00.377Z [ERROR] SQL error after 78ms: column o.id does not exist
2025-06-24T11:33:00.378Z [ERROR] Failed query: 
        SELECT 
          t.id,
          t.status,
          t.location_id,
          l.name as location_name,
          o.id as order_id,
          EXTRACT(hours FROM (NOW() - t.created_at)) as hours_since_created,
          EXTRACT(hours FROM (NOW() - t.updated_at)) as hours_since_updated
        FROM transports t
        JOIN orders o ON t.order_id = o.id
        JOIN locations l ON t.location_id = l.id
        WHERE t.status IN ('PENDING', 'IN_PROGRESS')
       ORDER BY t.created_at ASC
2025-06-24T11:33:00.378Z [ERROR] Error detecting transport issues: column o.id does not exist
2025-06-24T11:33:00.379Z [INFO] Exception detection completed: 0 issues found
2025-06-24T11:33:00.379Z [INFO] Exception detection completed: 0 total issues found
2025-06-24T11:33:00.379Z [INFO] - Staff issues: 0
2025-06-24T11:33:00.379Z [INFO] - Power issues: 0
2025-06-24T11:33:00.380Z [INFO] - Equipment issues: 0
2025-06-24T11:33:00.380Z [INFO] - Transport issues: 0
2025-06-24T11:33:00.380Z [INFO] Creating notification: SYSTEM_STATUS_OK - LOW - All systems operational - no critical issues detected
2025-06-24T11:33:00.380Z [ERROR] Failed to send notification via websocket: WebSocket notification failed: broadcastToAllClients is not a function
2025-06-24T11:33:00.381Z [INFO] Exception detection completed successfully in 82ms
2025-06-24T11:33:00.381Z [INFO] Scheduler: Job 'exceptionDetection' completed, next run: Tue Jun 24 2025 14:34:00 GMT+0300 (Ora de vară a Europei de Est)
2025-06-24T11:35:00.116Z [INFO] Scheduler: Running job 'expandRecurrences'
2025-06-24T11:35:00.117Z [INFO] ExpandRecurrences: Starting job
2025-06-24T11:35:00.206Z [INFO] ExpandRecurrences: Job completed, created 0 new recurring orders
2025-06-24T11:35:00.207Z [INFO] Scheduler: Job 'expandRecurrences' completed, next run: Tue Jun 24 2025 14:35:00 GMT+0300 (Ora de vară a Europei de Est)
2025-06-24T11:35:00.208Z [INFO] Scheduler: Running job 'checkEquipmentStatus'
2025-06-24T11:35:00.208Z [INFO] CheckEquipmentStatus: Starting equipment monitoring job
2025-06-24T11:35:00.208Z [INFO] Starting equipment status check...
2025-06-24T11:35:00.214Z [ERROR] Error checking equipment status:
2025-06-24T11:35:00.215Z [ERROR] CheckEquipmentStatus: Job failed
2025-06-24T11:35:00.215Z [INFO] Scheduler: Job 'checkEquipmentStatus' completed, next run: Tue Jun 24 2025 14:36:00 GMT+0300 (Ora de vară a Europei de Est)
2025-06-24T11:35:00.216Z [INFO] Scheduler: Running job 'updateWeatherData'
2025-06-24T11:35:00.216Z [INFO] Starting weather data update job...
2025-06-24T11:35:00.217Z [INFO] Starting weather data update for all locations...
2025-06-24T11:35:00.221Z [ERROR] Error updating weather data:
2025-06-24T11:35:00.222Z [ERROR] Weather data update job failed:
2025-06-24T11:35:00.223Z [INFO] Scheduler: Job 'updateWeatherData' completed, next run: Tue Jun 24 2025 14:36:00 GMT+0300 (Ora de vară a Europei de Est)
2025-06-24T11:35:00.223Z [INFO] Scheduler: Running job 'exceptionDetection'
2025-06-24T11:35:00.224Z [INFO] Starting automated exception detection...
2025-06-24T11:35:00.224Z [INFO] Running comprehensive exception detection...
2025-06-24T11:35:00.229Z [ERROR] Error detecting staff unavailability: result.rows is not iterable
2025-06-24T11:35:00.314Z [ERROR] SQL error after 89ms: column e.updated_at does not exist
2025-06-24T11:35:00.315Z [ERROR] Failed query: 
        SELECT 
          l.id as location_id,
          l.name as location_name,
          COUNT(e.id) as total_equipment,
          COUNT(CASE WHEN e.status = 'OUT_OF_SERVICE' THEN 1 END) as out_of_service,
          COUNT(CASE WHEN e.updated_at < NOW() - INTERVAL '2 hours' THEN 1 END) as stale_equipment
        FROM locations l
        LEFT JOIN equipment e ON l.id = e.location_id
       GROUP BY l.id, l.name
2025-06-24T11:35:00.315Z [ERROR] Error detecting power outage: column e.updated_at does not exist
2025-06-24T11:35:00.318Z [ERROR] SQL error after 93ms: column em.created_at does not exist
2025-06-24T11:35:00.318Z [ERROR] Failed query: 
        SELECT 
          e.id,
          e.name,
          e.type,
          e.status,
          e.location_id,
          l.name as location_name,
          EXTRACT(days FROM (NOW() - e.updated_at)) as days_since_update,
          COUNT(em.id) as recent_maintenance
        FROM equipment e
        JOIN locations l ON e.location_id = l.id
        LEFT JOIN equipment_maintenance em ON e.id = em.equipment_id 
          AND em.created_at >= NOW() - INTERVAL '30 days'
      
        GROUP BY e.id, e.name, e.type, e.status, e.location_id, l.name, e.updated_at
        HAVING e.status = 'OUT_OF_SERVICE' 
          OR EXTRACT(days FROM (NOW() - e.updated_at)) > 7
        ORDER BY days_since_update DESC
      
2025-06-24T11:35:00.319Z [ERROR] Error detecting equipment failures: column em.created_at does not exist
2025-06-24T11:35:00.322Z [ERROR] SQL error after 97ms: column o.id does not exist
2025-06-24T11:35:00.323Z [ERROR] Failed query: 
        SELECT 
          t.id,
          t.status,
          t.location_id,
          l.name as location_name,
          o.id as order_id,
          EXTRACT(hours FROM (NOW() - t.created_at)) as hours_since_created,
          EXTRACT(hours FROM (NOW() - t.updated_at)) as hours_since_updated
        FROM transports t
        JOIN orders o ON t.order_id = o.id
        JOIN locations l ON t.location_id = l.id
        WHERE t.status IN ('PENDING', 'IN_PROGRESS')
       ORDER BY t.created_at ASC
2025-06-24T11:35:00.323Z [ERROR] Error detecting transport issues: column o.id does not exist
2025-06-24T11:35:00.323Z [INFO] Exception detection completed: 0 issues found
2025-06-24T11:35:00.324Z [INFO] Exception detection completed: 0 total issues found
2025-06-24T11:35:00.324Z [INFO] - Staff issues: 0
2025-06-24T11:35:00.324Z [INFO] - Power issues: 0
2025-06-24T11:35:00.324Z [INFO] - Equipment issues: 0
2025-06-24T11:35:00.325Z [INFO] - Transport issues: 0
2025-06-24T11:35:00.325Z [INFO] Creating notification: SYSTEM_STATUS_OK - LOW - All systems operational - no critical issues detected
2025-06-24T11:35:00.325Z [ERROR] Failed to send notification via websocket: WebSocket notification failed: broadcastToAllClients is not a function
2025-06-24T11:35:00.326Z [INFO] Exception detection completed successfully in 102ms
2025-06-24T11:35:00.326Z [INFO] Scheduler: Job 'exceptionDetection' completed, next run: Tue Jun 24 2025 14:36:00 GMT+0300 (Ora de vară a Europei de Est)
2025-06-24T11:36:00.124Z [INFO] Scheduler: Running job 'expandRecurrences'
2025-06-24T11:36:00.125Z [INFO] ExpandRecurrences: Starting job
2025-06-24T11:36:00.212Z [INFO] ExpandRecurrences: Job completed, created 0 new recurring orders
2025-06-24T11:36:00.213Z [INFO] Scheduler: Job 'expandRecurrences' completed, next run: Tue Jun 24 2025 14:40:00 GMT+0300 (Ora de vară a Europei de Est)
2025-06-24T11:37:00.136Z [INFO] Scheduler: Running job 'checkEquipmentStatus'
2025-06-24T11:37:00.137Z [INFO] CheckEquipmentStatus: Starting equipment monitoring job
2025-06-24T11:37:00.138Z [INFO] Starting equipment status check...
2025-06-24T11:37:00.204Z [ERROR] Error checking equipment status:
2025-06-24T11:37:00.205Z [ERROR] CheckEquipmentStatus: Job failed
2025-06-24T11:37:00.206Z [INFO] Scheduler: Job 'checkEquipmentStatus' completed, next run: Tue Jun 24 2025 14:38:00 GMT+0300 (Ora de vară a Europei de Est)
2025-06-24T11:37:00.206Z [INFO] Scheduler: Running job 'updateWeatherData'
2025-06-24T11:37:00.206Z [INFO] Starting weather data update job...
2025-06-24T11:37:00.206Z [INFO] Starting weather data update for all locations...
2025-06-24T11:37:00.208Z [ERROR] Error updating weather data:
2025-06-24T11:37:00.209Z [ERROR] Weather data update job failed:
2025-06-24T11:37:00.209Z [INFO] Scheduler: Job 'updateWeatherData' completed, next run: Tue Jun 24 2025 14:38:00 GMT+0300 (Ora de vară a Europei de Est)
2025-06-24T11:37:00.209Z [INFO] Scheduler: Running job 'exceptionDetection'
2025-06-24T11:37:00.209Z [INFO] Starting automated exception detection...
2025-06-24T11:37:00.210Z [INFO] Running comprehensive exception detection...
2025-06-24T11:37:00.212Z [ERROR] Error detecting staff unavailability: result.rows is not iterable
2025-06-24T11:37:00.281Z [ERROR] SQL error after 71ms: column e.updated_at does not exist
2025-06-24T11:37:00.282Z [ERROR] Failed query: 
        SELECT 
          l.id as location_id,
          l.name as location_name,
          COUNT(e.id) as total_equipment,
          COUNT(CASE WHEN e.status = 'OUT_OF_SERVICE' THEN 1 END) as out_of_service,
          COUNT(CASE WHEN e.updated_at < NOW() - INTERVAL '2 hours' THEN 1 END) as stale_equipment
        FROM locations l
        LEFT JOIN equipment e ON l.id = e.location_id
       GROUP BY l.id, l.name
2025-06-24T11:37:00.282Z [ERROR] Error detecting power outage: column e.updated_at does not exist
2025-06-24T11:37:00.289Z [ERROR] SQL error after 78ms: column o.id does not exist
2025-06-24T11:37:00.289Z [ERROR] Failed query: 
        SELECT 
          t.id,
          t.status,
          t.location_id,
          l.name as location_name,
          o.id as order_id,
          EXTRACT(hours FROM (NOW() - t.created_at)) as hours_since_created,
          EXTRACT(hours FROM (NOW() - t.updated_at)) as hours_since_updated
        FROM transports t
        JOIN orders o ON t.order_id = o.id
        JOIN locations l ON t.location_id = l.id
        WHERE t.status IN ('PENDING', 'IN_PROGRESS')
       ORDER BY t.created_at ASC
2025-06-24T11:37:00.289Z [ERROR] Error detecting transport issues: column o.id does not exist
2025-06-24T11:37:00.290Z [ERROR] SQL error after 80ms: column em.created_at does not exist
2025-06-24T11:37:00.290Z [ERROR] Failed query: 
        SELECT 
          e.id,
          e.name,
          e.type,
          e.status,
          e.location_id,
          l.name as location_name,
          EXTRACT(days FROM (NOW() - e.updated_at)) as days_since_update,
          COUNT(em.id) as recent_maintenance
        FROM equipment e
        JOIN locations l ON e.location_id = l.id
        LEFT JOIN equipment_maintenance em ON e.id = em.equipment_id 
          AND em.created_at >= NOW() - INTERVAL '30 days'
      
        GROUP BY e.id, e.name, e.type, e.status, e.location_id, l.name, e.updated_at
        HAVING e.status = 'OUT_OF_SERVICE' 
          OR EXTRACT(days FROM (NOW() - e.updated_at)) > 7
        ORDER BY days_since_update DESC
      
2025-06-24T11:37:00.291Z [ERROR] Error detecting equipment failures: column em.created_at does not exist
2025-06-24T11:37:00.291Z [INFO] Exception detection completed: 0 issues found
2025-06-24T11:37:00.291Z [INFO] Exception detection completed: 0 total issues found
2025-06-24T11:37:00.291Z [INFO] - Staff issues: 0
2025-06-24T11:37:00.292Z [INFO] - Power issues: 0
2025-06-24T11:37:00.292Z [INFO] - Equipment issues: 0
2025-06-24T11:37:00.292Z [INFO] - Transport issues: 0
2025-06-24T11:37:00.292Z [INFO] Creating notification: SYSTEM_STATUS_OK - LOW - All systems operational - no critical issues detected
2025-06-24T11:37:00.293Z [ERROR] Failed to send notification via websocket: WebSocket notification failed: broadcastToAllClients is not a function
2025-06-24T11:37:00.293Z [INFO] Exception detection completed successfully in 84ms
2025-06-24T11:37:00.293Z [INFO] Scheduler: Job 'exceptionDetection' completed, next run: Tue Jun 24 2025 14:38:00 GMT+0300 (Ora de vară a Europei de Est)
2025-06-24T11:39:00.150Z [INFO] Scheduler: Running job 'checkEquipmentStatus'
2025-06-24T11:39:00.151Z [INFO] CheckEquipmentStatus: Starting equipment monitoring job
2025-06-24T11:39:00.152Z [INFO] Starting equipment status check...
2025-06-24T11:39:00.213Z [ERROR] Error checking equipment status:
2025-06-24T11:39:00.214Z [ERROR] CheckEquipmentStatus: Job failed
2025-06-24T11:39:00.215Z [INFO] Scheduler: Job 'checkEquipmentStatus' completed, next run: Tue Jun 24 2025 14:40:00 GMT+0300 (Ora de vară a Europei de Est)
2025-06-24T11:39:00.215Z [INFO] Scheduler: Running job 'updateWeatherData'
2025-06-24T11:39:00.215Z [INFO] Starting weather data update job...
2025-06-24T11:39:00.215Z [INFO] Starting weather data update for all locations...
2025-06-24T11:39:00.217Z [ERROR] Error updating weather data:
2025-06-24T11:39:00.218Z [ERROR] Weather data update job failed:
2025-06-24T11:39:00.218Z [INFO] Scheduler: Job 'updateWeatherData' completed, next run: Tue Jun 24 2025 14:40:00 GMT+0300 (Ora de vară a Europei de Est)
2025-06-24T11:39:00.218Z [INFO] Scheduler: Running job 'exceptionDetection'
2025-06-24T11:39:00.218Z [INFO] Starting automated exception detection...
2025-06-24T11:39:00.218Z [INFO] Running comprehensive exception detection...
2025-06-24T11:39:00.221Z [ERROR] Error detecting staff unavailability: result.rows is not iterable
2025-06-24T11:39:00.288Z [ERROR] SQL error after 69ms: column em.created_at does not exist
2025-06-24T11:39:00.288Z [ERROR] Failed query: 
        SELECT 
          e.id,
          e.name,
          e.type,
          e.status,
          e.location_id,
          l.name as location_name,
          EXTRACT(days FROM (NOW() - e.updated_at)) as days_since_update,
          COUNT(em.id) as recent_maintenance
        FROM equipment e
        JOIN locations l ON e.location_id = l.id
        LEFT JOIN equipment_maintenance em ON e.id = em.equipment_id 
          AND em.created_at >= NOW() - INTERVAL '30 days'
      
        GROUP BY e.id, e.name, e.type, e.status, e.location_id, l.name, e.updated_at
        HAVING e.status = 'OUT_OF_SERVICE' 
          OR EXTRACT(days FROM (NOW() - e.updated_at)) > 7
        ORDER BY days_since_update DESC
      
2025-06-24T11:39:00.289Z [ERROR] Error detecting equipment failures: column em.created_at does not exist
2025-06-24T11:39:00.295Z [ERROR] SQL error after 76ms: column e.updated_at does not exist
2025-06-24T11:39:00.295Z [ERROR] Failed query: 
        SELECT 
          l.id as location_id,
          l.name as location_name,
          COUNT(e.id) as total_equipment,
          COUNT(CASE WHEN e.status = 'OUT_OF_SERVICE' THEN 1 END) as out_of_service,
          COUNT(CASE WHEN e.updated_at < NOW() - INTERVAL '2 hours' THEN 1 END) as stale_equipment
        FROM locations l
        LEFT JOIN equipment e ON l.id = e.location_id
       GROUP BY l.id, l.name
2025-06-24T11:39:00.296Z [ERROR] Error detecting power outage: column e.updated_at does not exist
2025-06-24T11:39:00.296Z [ERROR] SQL error after 77ms: column o.id does not exist
2025-06-24T11:39:00.297Z [ERROR] Failed query: 
        SELECT 
          t.id,
          t.status,
          t.location_id,
          l.name as location_name,
          o.id as order_id,
          EXTRACT(hours FROM (NOW() - t.created_at)) as hours_since_created,
          EXTRACT(hours FROM (NOW() - t.updated_at)) as hours_since_updated
        FROM transports t
        JOIN orders o ON t.order_id = o.id
        JOIN locations l ON t.location_id = l.id
        WHERE t.status IN ('PENDING', 'IN_PROGRESS')
       ORDER BY t.created_at ASC
2025-06-24T11:39:00.297Z [ERROR] Error detecting transport issues: column o.id does not exist
2025-06-24T11:39:00.298Z [INFO] Exception detection completed: 0 issues found
2025-06-24T11:39:00.298Z [INFO] Exception detection completed: 0 total issues found
2025-06-24T11:39:00.298Z [INFO] - Staff issues: 0
2025-06-24T11:39:00.298Z [INFO] - Power issues: 0
2025-06-24T11:39:00.298Z [INFO] - Equipment issues: 0
2025-06-24T11:39:00.299Z [INFO] - Transport issues: 0
2025-06-24T11:39:00.299Z [INFO] Creating notification: SYSTEM_STATUS_OK - LOW - All systems operational - no critical issues detected
2025-06-24T11:39:00.299Z [ERROR] Failed to send notification via websocket: WebSocket notification failed: broadcastToAllClients is not a function
2025-06-24T11:39:00.299Z [INFO] Exception detection completed successfully in 81ms
2025-06-24T11:39:00.299Z [INFO] Scheduler: Job 'exceptionDetection' completed, next run: Tue Jun 24 2025 14:40:00 GMT+0300 (Ora de vară a Europei de Est)
2025-06-24T11:40:00.155Z [INFO] Scheduler: Running job 'expandRecurrences'
2025-06-24T11:40:00.156Z [INFO] ExpandRecurrences: Starting job
2025-06-24T11:40:00.230Z [INFO] ExpandRecurrences: Job completed, created 0 new recurring orders
2025-06-24T11:40:00.231Z [INFO] Scheduler: Job 'expandRecurrences' completed, next run: Tue Jun 24 2025 14:40:00 GMT+0300 (Ora de vară a Europei de Est)
2025-06-24T11:41:00.163Z [INFO] Scheduler: Running job 'expandRecurrences'
2025-06-24T11:41:00.164Z [INFO] ExpandRecurrences: Starting job
2025-06-24T11:41:00.235Z [INFO] ExpandRecurrences: Job completed, created 0 new recurring orders
2025-06-24T11:41:00.236Z [INFO] Scheduler: Job 'expandRecurrences' completed, next run: Tue Jun 24 2025 14:45:00 GMT+0300 (Ora de vară a Europei de Est)
2025-06-24T11:41:00.236Z [INFO] Scheduler: Running job 'checkEquipmentStatus'
2025-06-24T11:41:00.237Z [INFO] CheckEquipmentStatus: Starting equipment monitoring job
2025-06-24T11:41:00.237Z [INFO] Starting equipment status check...
2025-06-24T11:41:00.240Z [ERROR] Error checking equipment status:
2025-06-24T11:41:00.241Z [ERROR] CheckEquipmentStatus: Job failed
2025-06-24T11:41:00.241Z [INFO] Scheduler: Job 'checkEquipmentStatus' completed, next run: Tue Jun 24 2025 14:42:00 GMT+0300 (Ora de vară a Europei de Est)
2025-06-24T11:41:00.241Z [INFO] Scheduler: Running job 'updateWeatherData'
2025-06-24T11:41:00.241Z [INFO] Starting weather data update job...
2025-06-24T11:41:00.242Z [INFO] Starting weather data update for all locations...
2025-06-24T11:41:00.244Z [ERROR] Error updating weather data:
2025-06-24T11:41:00.245Z [ERROR] Weather data update job failed:
2025-06-24T11:41:00.245Z [INFO] Scheduler: Job 'updateWeatherData' completed, next run: Tue Jun 24 2025 14:42:00 GMT+0300 (Ora de vară a Europei de Est)
2025-06-24T11:41:00.246Z [INFO] Scheduler: Running job 'exceptionDetection'
2025-06-24T11:41:00.246Z [INFO] Starting automated exception detection...
2025-06-24T11:41:00.247Z [INFO] Running comprehensive exception detection...
2025-06-24T11:41:00.251Z [ERROR] Error detecting staff unavailability: result.rows is not iterable
2025-06-24T11:41:00.325Z [ERROR] SQL error after 77ms: column e.updated_at does not exist
2025-06-24T11:41:00.325Z [ERROR] Failed query: 
        SELECT 
          l.id as location_id,
          l.name as location_name,
          COUNT(e.id) as total_equipment,
          COUNT(CASE WHEN e.status = 'OUT_OF_SERVICE' THEN 1 END) as out_of_service,
          COUNT(CASE WHEN e.updated_at < NOW() - INTERVAL '2 hours' THEN 1 END) as stale_equipment
        FROM locations l
        LEFT JOIN equipment e ON l.id = e.location_id
       GROUP BY l.id, l.name
2025-06-24T11:41:00.326Z [ERROR] Error detecting power outage: column e.updated_at does not exist
2025-06-24T11:41:00.328Z [ERROR] SQL error after 80ms: column em.created_at does not exist
2025-06-24T11:41:00.328Z [ERROR] Failed query: 
        SELECT 
          e.id,
          e.name,
          e.type,
          e.status,
          e.location_id,
          l.name as location_name,
          EXTRACT(days FROM (NOW() - e.updated_at)) as days_since_update,
          COUNT(em.id) as recent_maintenance
        FROM equipment e
        JOIN locations l ON e.location_id = l.id
        LEFT JOIN equipment_maintenance em ON e.id = em.equipment_id 
          AND em.created_at >= NOW() - INTERVAL '30 days'
      
        GROUP BY e.id, e.name, e.type, e.status, e.location_id, l.name, e.updated_at
        HAVING e.status = 'OUT_OF_SERVICE' 
          OR EXTRACT(days FROM (NOW() - e.updated_at)) > 7
        ORDER BY days_since_update DESC
      
2025-06-24T11:41:00.328Z [ERROR] Error detecting equipment failures: column em.created_at does not exist
2025-06-24T11:41:00.330Z [ERROR] SQL error after 82ms: column o.id does not exist
2025-06-24T11:41:00.331Z [ERROR] Failed query: 
        SELECT 
          t.id,
          t.status,
          t.location_id,
          l.name as location_name,
          o.id as order_id,
          EXTRACT(hours FROM (NOW() - t.created_at)) as hours_since_created,
          EXTRACT(hours FROM (NOW() - t.updated_at)) as hours_since_updated
        FROM transports t
        JOIN orders o ON t.order_id = o.id
        JOIN locations l ON t.location_id = l.id
        WHERE t.status IN ('PENDING', 'IN_PROGRESS')
       ORDER BY t.created_at ASC
2025-06-24T11:41:00.331Z [ERROR] Error detecting transport issues: column o.id does not exist
2025-06-24T11:41:00.331Z [INFO] Exception detection completed: 0 issues found
2025-06-24T11:41:00.332Z [INFO] Exception detection completed: 0 total issues found
2025-06-24T11:41:00.332Z [INFO] - Staff issues: 0
2025-06-24T11:41:00.332Z [INFO] - Power issues: 0
2025-06-24T11:41:00.333Z [INFO] - Equipment issues: 0
2025-06-24T11:41:00.333Z [INFO] - Transport issues: 0
2025-06-24T11:41:00.333Z [INFO] Creating notification: SYSTEM_STATUS_OK - LOW - All systems operational - no critical issues detected
2025-06-24T11:41:00.333Z [ERROR] Failed to send notification via websocket: WebSocket notification failed: broadcastToAllClients is not a function
2025-06-24T11:41:00.334Z [INFO] Exception detection completed successfully in 88ms
2025-06-24T11:41:00.334Z [INFO] Scheduler: Job 'exceptionDetection' completed, next run: Tue Jun 24 2025 14:42:00 GMT+0300 (Ora de vară a Europei de Est)
2025-06-24T11:43:00.180Z [INFO] Scheduler: Running job 'checkEquipmentStatus'
2025-06-24T11:43:00.180Z [INFO] CheckEquipmentStatus: Starting equipment monitoring job
2025-06-24T11:43:00.181Z [INFO] Starting equipment status check...
2025-06-24T11:43:00.259Z [ERROR] Error checking equipment status:
2025-06-24T11:43:00.260Z [ERROR] CheckEquipmentStatus: Job failed
2025-06-24T11:43:00.261Z [INFO] Scheduler: Job 'checkEquipmentStatus' completed, next run: Tue Jun 24 2025 14:44:00 GMT+0300 (Ora de vară a Europei de Est)
2025-06-24T11:43:00.262Z [INFO] Scheduler: Running job 'updateWeatherData'
2025-06-24T11:43:00.262Z [INFO] Starting weather data update job...
2025-06-24T11:43:00.263Z [INFO] Starting weather data update for all locations...
2025-06-24T11:43:00.268Z [ERROR] Error updating weather data:
2025-06-24T11:43:00.269Z [ERROR] Weather data update job failed:
2025-06-24T11:43:00.270Z [INFO] Scheduler: Job 'updateWeatherData' completed, next run: Tue Jun 24 2025 14:44:00 GMT+0300 (Ora de vară a Europei de Est)
2025-06-24T11:43:00.271Z [INFO] Scheduler: Running job 'exceptionDetection'
2025-06-24T11:43:00.272Z [INFO] Starting automated exception detection...
2025-06-24T11:43:00.272Z [INFO] Running comprehensive exception detection...
2025-06-24T11:43:00.279Z [ERROR] Error detecting staff unavailability: result.rows is not iterable
2025-06-24T11:43:00.370Z [ERROR] SQL error after 97ms: column e.updated_at does not exist
2025-06-24T11:43:00.371Z [ERROR] Failed query: 
        SELECT 
          l.id as location_id,
          l.name as location_name,
          COUNT(e.id) as total_equipment,
          COUNT(CASE WHEN e.status = 'OUT_OF_SERVICE' THEN 1 END) as out_of_service,
          COUNT(CASE WHEN e.updated_at < NOW() - INTERVAL '2 hours' THEN 1 END) as stale_equipment
        FROM locations l
        LEFT JOIN equipment e ON l.id = e.location_id
       GROUP BY l.id, l.name
2025-06-24T11:43:00.371Z [ERROR] Error detecting power outage: column e.updated_at does not exist
2025-06-24T11:43:00.373Z [ERROR] SQL error after 100ms: column em.created_at does not exist
2025-06-24T11:43:00.374Z [ERROR] Failed query: 
        SELECT 
          e.id,
          e.name,
          e.type,
          e.status,
          e.location_id,
          l.name as location_name,
          EXTRACT(days FROM (NOW() - e.updated_at)) as days_since_update,
          COUNT(em.id) as recent_maintenance
        FROM equipment e
        JOIN locations l ON e.location_id = l.id
        LEFT JOIN equipment_maintenance em ON e.id = em.equipment_id 
          AND em.created_at >= NOW() - INTERVAL '30 days'
      
        GROUP BY e.id, e.name, e.type, e.status, e.location_id, l.name, e.updated_at
        HAVING e.status = 'OUT_OF_SERVICE' 
          OR EXTRACT(days FROM (NOW() - e.updated_at)) > 7
        ORDER BY days_since_update DESC
      
2025-06-24T11:43:00.375Z [ERROR] Error detecting equipment failures: column em.created_at does not exist
2025-06-24T11:43:00.376Z [ERROR] SQL error after 103ms: column o.id does not exist
2025-06-24T11:43:00.376Z [ERROR] Failed query: 
        SELECT 
          t.id,
          t.status,
          t.location_id,
          l.name as location_name,
          o.id as order_id,
          EXTRACT(hours FROM (NOW() - t.created_at)) as hours_since_created,
          EXTRACT(hours FROM (NOW() - t.updated_at)) as hours_since_updated
        FROM transports t
        JOIN orders o ON t.order_id = o.id
        JOIN locations l ON t.location_id = l.id
        WHERE t.status IN ('PENDING', 'IN_PROGRESS')
       ORDER BY t.created_at ASC
2025-06-24T11:43:00.377Z [ERROR] Error detecting transport issues: column o.id does not exist
2025-06-24T11:43:00.377Z [INFO] Exception detection completed: 0 issues found
2025-06-24T11:43:00.377Z [INFO] Exception detection completed: 0 total issues found
2025-06-24T11:43:00.378Z [INFO] - Staff issues: 0
2025-06-24T11:43:00.378Z [INFO] - Power issues: 0
2025-06-24T11:43:00.378Z [INFO] - Equipment issues: 0
2025-06-24T11:43:00.379Z [INFO] - Transport issues: 0
2025-06-24T11:43:00.379Z [INFO] Creating notification: SYSTEM_STATUS_OK - LOW - All systems operational - no critical issues detected
2025-06-24T11:43:00.380Z [ERROR] Failed to send notification via websocket: WebSocket notification failed: broadcastToAllClients is not a function
2025-06-24T11:43:00.380Z [INFO] Exception detection completed successfully in 108ms
2025-06-24T11:43:00.380Z [INFO] Scheduler: Job 'exceptionDetection' completed, next run: Tue Jun 24 2025 14:44:00 GMT+0300 (Ora de vară a Europei de Est)
2025-06-24T11:45:00.197Z [INFO] Scheduler: Running job 'expandRecurrences'
2025-06-24T11:45:00.197Z [INFO] ExpandRecurrences: Starting job
2025-06-24T11:45:00.269Z [INFO] ExpandRecurrences: Job completed, created 0 new recurring orders
2025-06-24T11:45:00.270Z [INFO] Scheduler: Job 'expandRecurrences' completed, next run: Tue Jun 24 2025 14:45:00 GMT+0300 (Ora de vară a Europei de Est)
2025-06-24T11:45:00.270Z [INFO] Scheduler: Running job 'checkEquipmentStatus'
2025-06-24T11:45:00.271Z [INFO] CheckEquipmentStatus: Starting equipment monitoring job
2025-06-24T11:45:00.271Z [INFO] Starting equipment status check...
2025-06-24T11:45:00.277Z [ERROR] Error checking equipment status:
2025-06-24T11:45:00.278Z [ERROR] CheckEquipmentStatus: Job failed
2025-06-24T11:45:00.279Z [INFO] Scheduler: Job 'checkEquipmentStatus' completed, next run: Tue Jun 24 2025 14:46:00 GMT+0300 (Ora de vară a Europei de Est)
2025-06-24T11:45:00.279Z [INFO] Scheduler: Running job 'updateWeatherData'
2025-06-24T11:45:00.280Z [INFO] Starting weather data update job...
2025-06-24T11:45:00.280Z [INFO] Starting weather data update for all locations...
2025-06-24T11:45:00.286Z [ERROR] Error updating weather data:
2025-06-24T11:45:00.287Z [ERROR] Weather data update job failed:
2025-06-24T11:45:00.288Z [INFO] Scheduler: Job 'updateWeatherData' completed, next run: Tue Jun 24 2025 14:46:00 GMT+0300 (Ora de vară a Europei de Est)
2025-06-24T11:45:00.288Z [INFO] Scheduler: Running job 'exceptionDetection'
2025-06-24T11:45:00.289Z [INFO] Starting automated exception detection...
2025-06-24T11:45:00.290Z [INFO] Running comprehensive exception detection...
2025-06-24T11:45:00.295Z [ERROR] Error detecting staff unavailability: result.rows is not iterable
2025-06-24T11:45:00.384Z [ERROR] SQL error after 94ms: column e.updated_at does not exist
2025-06-24T11:45:00.385Z [ERROR] Failed query: 
        SELECT 
          l.id as location_id,
          l.name as location_name,
          COUNT(e.id) as total_equipment,
          COUNT(CASE WHEN e.status = 'OUT_OF_SERVICE' THEN 1 END) as out_of_service,
          COUNT(CASE WHEN e.updated_at < NOW() - INTERVAL '2 hours' THEN 1 END) as stale_equipment
        FROM locations l
        LEFT JOIN equipment e ON l.id = e.location_id
       GROUP BY l.id, l.name
2025-06-24T11:45:00.386Z [ERROR] Error detecting power outage: column e.updated_at does not exist
2025-06-24T11:45:00.391Z [ERROR] SQL error after 100ms: column em.created_at does not exist
2025-06-24T11:45:00.392Z [ERROR] Failed query: 
        SELECT 
          e.id,
          e.name,
          e.type,
          e.status,
          e.location_id,
          l.name as location_name,
          EXTRACT(days FROM (NOW() - e.updated_at)) as days_since_update,
          COUNT(em.id) as recent_maintenance
        FROM equipment e
        JOIN locations l ON e.location_id = l.id
        LEFT JOIN equipment_maintenance em ON e.id = em.equipment_id 
          AND em.created_at >= NOW() - INTERVAL '30 days'
      
        GROUP BY e.id, e.name, e.type, e.status, e.location_id, l.name, e.updated_at
        HAVING e.status = 'OUT_OF_SERVICE' 
          OR EXTRACT(days FROM (NOW() - e.updated_at)) > 7
        ORDER BY days_since_update DESC
      
2025-06-24T11:45:00.393Z [ERROR] Error detecting equipment failures: column em.created_at does not exist
2025-06-24T11:45:00.395Z [ERROR] SQL error after 104ms: column o.id does not exist
2025-06-24T11:45:00.395Z [ERROR] Failed query: 
        SELECT 
          t.id,
          t.status,
          t.location_id,
          l.name as location_name,
          o.id as order_id,
          EXTRACT(hours FROM (NOW() - t.created_at)) as hours_since_created,
          EXTRACT(hours FROM (NOW() - t.updated_at)) as hours_since_updated
        FROM transports t
        JOIN orders o ON t.order_id = o.id
        JOIN locations l ON t.location_id = l.id
        WHERE t.status IN ('PENDING', 'IN_PROGRESS')
       ORDER BY t.created_at ASC
2025-06-24T11:45:00.396Z [ERROR] Error detecting transport issues: column o.id does not exist
2025-06-24T11:45:00.396Z [INFO] Exception detection completed: 0 issues found
2025-06-24T11:45:00.397Z [INFO] Exception detection completed: 0 total issues found
2025-06-24T11:45:00.397Z [INFO] - Staff issues: 0
2025-06-24T11:45:00.397Z [INFO] - Power issues: 0
2025-06-24T11:45:00.398Z [INFO] - Equipment issues: 0
2025-06-24T11:45:00.398Z [INFO] - Transport issues: 0
2025-06-24T11:45:00.398Z [INFO] Creating notification: SYSTEM_STATUS_OK - LOW - All systems operational - no critical issues detected
2025-06-24T11:45:00.399Z [ERROR] Failed to send notification via websocket: WebSocket notification failed: broadcastToAllClients is not a function
2025-06-24T11:45:00.399Z [INFO] Exception detection completed successfully in 110ms
2025-06-24T11:45:00.400Z [INFO] Scheduler: Job 'exceptionDetection' completed, next run: Tue Jun 24 2025 14:46:00 GMT+0300 (Ora de vară a Europei de Est)
2025-06-24T11:46:00.206Z [INFO] Scheduler: Running job 'expandRecurrences'
2025-06-24T11:46:00.207Z [INFO] ExpandRecurrences: Starting job
2025-06-24T11:46:00.284Z [INFO] ExpandRecurrences: Job completed, created 0 new recurring orders
2025-06-24T11:46:00.285Z [INFO] Scheduler: Job 'expandRecurrences' completed, next run: Tue Jun 24 2025 14:50:00 GMT+0300 (Ora de vară a Europei de Est)
2025-06-24T11:47:00.214Z [INFO] Scheduler: Running job 'checkEquipmentStatus'
2025-06-24T11:47:00.215Z [INFO] CheckEquipmentStatus: Starting equipment monitoring job
2025-06-24T11:47:00.216Z [INFO] Starting equipment status check...
2025-06-24T11:47:00.318Z [ERROR] Error checking equipment status:
2025-06-24T11:47:00.319Z [ERROR] CheckEquipmentStatus: Job failed
2025-06-24T11:47:00.319Z [INFO] Scheduler: Job 'checkEquipmentStatus' completed, next run: Tue Jun 24 2025 14:48:00 GMT+0300 (Ora de vară a Europei de Est)
2025-06-24T11:47:00.320Z [INFO] Scheduler: Running job 'updateWeatherData'
2025-06-24T11:47:00.320Z [INFO] Starting weather data update job...
2025-06-24T11:47:00.321Z [INFO] Starting weather data update for all locations...
2025-06-24T11:47:00.325Z [ERROR] Error updating weather data:
2025-06-24T11:47:00.326Z [ERROR] Weather data update job failed:
2025-06-24T11:47:00.327Z [INFO] Scheduler: Job 'updateWeatherData' completed, next run: Tue Jun 24 2025 14:48:00 GMT+0300 (Ora de vară a Europei de Est)
2025-06-24T11:47:00.327Z [INFO] Scheduler: Running job 'exceptionDetection'
2025-06-24T11:47:00.328Z [INFO] Starting automated exception detection...
2025-06-24T11:47:00.328Z [INFO] Running comprehensive exception detection...
2025-06-24T11:47:00.335Z [ERROR] Error detecting staff unavailability: result.rows is not iterable
2025-06-24T11:47:00.419Z [ERROR] SQL error after 90ms: column e.updated_at does not exist
2025-06-24T11:47:00.420Z [ERROR] Failed query: 
        SELECT 
          l.id as location_id,
          l.name as location_name,
          COUNT(e.id) as total_equipment,
          COUNT(CASE WHEN e.status = 'OUT_OF_SERVICE' THEN 1 END) as out_of_service,
          COUNT(CASE WHEN e.updated_at < NOW() - INTERVAL '2 hours' THEN 1 END) as stale_equipment
        FROM locations l
        LEFT JOIN equipment e ON l.id = e.location_id
       GROUP BY l.id, l.name
2025-06-24T11:47:00.420Z [ERROR] Error detecting power outage: column e.updated_at does not exist
2025-06-24T11:47:00.427Z [ERROR] SQL error after 98ms: column em.created_at does not exist
2025-06-24T11:47:00.428Z [ERROR] Failed query: 
        SELECT 
          e.id,
          e.name,
          e.type,
          e.status,
          e.location_id,
          l.name as location_name,
          EXTRACT(days FROM (NOW() - e.updated_at)) as days_since_update,
          COUNT(em.id) as recent_maintenance
        FROM equipment e
        JOIN locations l ON e.location_id = l.id
        LEFT JOIN equipment_maintenance em ON e.id = em.equipment_id 
          AND em.created_at >= NOW() - INTERVAL '30 days'
      
        GROUP BY e.id, e.name, e.type, e.status, e.location_id, l.name, e.updated_at
        HAVING e.status = 'OUT_OF_SERVICE' 
          OR EXTRACT(days FROM (NOW() - e.updated_at)) > 7
        ORDER BY days_since_update DESC
      
2025-06-24T11:47:00.428Z [ERROR] Error detecting equipment failures: column em.created_at does not exist
2025-06-24T11:47:00.429Z [ERROR] SQL error after 100ms: column o.id does not exist
2025-06-24T11:47:00.429Z [ERROR] Failed query: 
        SELECT 
          t.id,
          t.status,
          t.location_id,
          l.name as location_name,
          o.id as order_id,
          EXTRACT(hours FROM (NOW() - t.created_at)) as hours_since_created,
          EXTRACT(hours FROM (NOW() - t.updated_at)) as hours_since_updated
        FROM transports t
        JOIN orders o ON t.order_id = o.id
        JOIN locations l ON t.location_id = l.id
        WHERE t.status IN ('PENDING', 'IN_PROGRESS')
       ORDER BY t.created_at ASC
2025-06-24T11:47:00.430Z [ERROR] Error detecting transport issues: column o.id does not exist
2025-06-24T11:47:00.430Z [INFO] Exception detection completed: 0 issues found
2025-06-24T11:47:00.431Z [INFO] Exception detection completed: 0 total issues found
2025-06-24T11:47:00.431Z [INFO] - Staff issues: 0
2025-06-24T11:47:00.431Z [INFO] - Power issues: 0
2025-06-24T11:47:00.431Z [INFO] - Equipment issues: 0
2025-06-24T11:47:00.432Z [INFO] - Transport issues: 0
2025-06-24T11:47:00.432Z [INFO] Creating notification: SYSTEM_STATUS_OK - LOW - All systems operational - no critical issues detected
2025-06-24T11:47:00.432Z [ERROR] Failed to send notification via websocket: WebSocket notification failed: broadcastToAllClients is not a function
2025-06-24T11:47:00.433Z [INFO] Exception detection completed successfully in 105ms
2025-06-24T11:47:00.433Z [INFO] Scheduler: Job 'exceptionDetection' completed, next run: Tue Jun 24 2025 14:48:00 GMT+0300 (Ora de vară a Europei de Est)
2025-06-24T11:49:00.232Z [INFO] Scheduler: Running job 'checkEquipmentStatus'
2025-06-24T11:49:00.233Z [INFO] CheckEquipmentStatus: Starting equipment monitoring job
2025-06-24T11:49:00.234Z [INFO] Starting equipment status check...
2025-06-24T11:49:00.428Z [ERROR] Error checking equipment status:
2025-06-24T11:49:00.428Z [ERROR] CheckEquipmentStatus: Job failed
2025-06-24T11:49:00.429Z [INFO] Scheduler: Job 'checkEquipmentStatus' completed, next run: Tue Jun 24 2025 14:50:00 GMT+0300 (Ora de vară a Europei de Est)
2025-06-24T11:49:00.430Z [INFO] Scheduler: Running job 'updateWeatherData'
2025-06-24T11:49:00.430Z [INFO] Starting weather data update job...
2025-06-24T11:49:00.430Z [INFO] Starting weather data update for all locations...
2025-06-24T11:49:00.436Z [ERROR] Error updating weather data:
2025-06-24T11:49:00.437Z [ERROR] Weather data update job failed:
2025-06-24T11:49:00.437Z [INFO] Scheduler: Job 'updateWeatherData' completed, next run: Tue Jun 24 2025 14:50:00 GMT+0300 (Ora de vară a Europei de Est)
2025-06-24T11:49:00.438Z [INFO] Scheduler: Running job 'exceptionDetection'
2025-06-24T11:49:00.438Z [INFO] Starting automated exception detection...
2025-06-24T11:49:00.439Z [INFO] Running comprehensive exception detection...
2025-06-24T11:49:00.443Z [ERROR] Error detecting staff unavailability: result.rows is not iterable
2025-06-24T11:49:00.524Z [ERROR] SQL error after 85ms: column e.updated_at does not exist
2025-06-24T11:49:00.525Z [ERROR] Failed query: 
        SELECT 
          l.id as location_id,
          l.name as location_name,
          COUNT(e.id) as total_equipment,
          COUNT(CASE WHEN e.status = 'OUT_OF_SERVICE' THEN 1 END) as out_of_service,
          COUNT(CASE WHEN e.updated_at < NOW() - INTERVAL '2 hours' THEN 1 END) as stale_equipment
        FROM locations l
        LEFT JOIN equipment e ON l.id = e.location_id
       GROUP BY l.id, l.name
2025-06-24T11:49:00.525Z [ERROR] Error detecting power outage: column e.updated_at does not exist
2025-06-24T11:49:00.532Z [ERROR] SQL error after 93ms: column o.id does not exist
2025-06-24T11:49:00.533Z [ERROR] Failed query: 
        SELECT 
          t.id,
          t.status,
          t.location_id,
          l.name as location_name,
          o.id as order_id,
          EXTRACT(hours FROM (NOW() - t.created_at)) as hours_since_created,
          EXTRACT(hours FROM (NOW() - t.updated_at)) as hours_since_updated
        FROM transports t
        JOIN orders o ON t.order_id = o.id
        JOIN locations l ON t.location_id = l.id
        WHERE t.status IN ('PENDING', 'IN_PROGRESS')
       ORDER BY t.created_at ASC
2025-06-24T11:49:00.534Z [ERROR] Error detecting transport issues: column o.id does not exist
2025-06-24T11:49:00.534Z [ERROR] SQL error after 95ms: column em.created_at does not exist
2025-06-24T11:49:00.535Z [ERROR] Failed query: 
        SELECT 
          e.id,
          e.name,
          e.type,
          e.status,
          e.location_id,
          l.name as location_name,
          EXTRACT(days FROM (NOW() - e.updated_at)) as days_since_update,
          COUNT(em.id) as recent_maintenance
        FROM equipment e
        JOIN locations l ON e.location_id = l.id
        LEFT JOIN equipment_maintenance em ON e.id = em.equipment_id 
          AND em.created_at >= NOW() - INTERVAL '30 days'
      
        GROUP BY e.id, e.name, e.type, e.status, e.location_id, l.name, e.updated_at
        HAVING e.status = 'OUT_OF_SERVICE' 
          OR EXTRACT(days FROM (NOW() - e.updated_at)) > 7
        ORDER BY days_since_update DESC
      
2025-06-24T11:49:00.535Z [ERROR] Error detecting equipment failures: column em.created_at does not exist
2025-06-24T11:49:00.536Z [INFO] Exception detection completed: 0 issues found
2025-06-24T11:49:00.536Z [INFO] Exception detection completed: 0 total issues found
2025-06-24T11:49:00.536Z [INFO] - Staff issues: 0
2025-06-24T11:49:00.537Z [INFO] - Power issues: 0
2025-06-24T11:49:00.537Z [INFO] - Equipment issues: 0
2025-06-24T11:49:00.537Z [INFO] - Transport issues: 0
2025-06-24T11:49:00.538Z [INFO] Creating notification: SYSTEM_STATUS_OK - LOW - All systems operational - no critical issues detected
2025-06-24T11:49:00.538Z [ERROR] Failed to send notification via websocket: WebSocket notification failed: broadcastToAllClients is not a function
2025-06-24T11:49:00.539Z [INFO] Exception detection completed successfully in 101ms
2025-06-24T11:49:00.539Z [INFO] Scheduler: Job 'exceptionDetection' completed, next run: Tue Jun 24 2025 14:50:00 GMT+0300 (Ora de vară a Europei de Est)
2025-06-24T11:50:00.243Z [INFO] Scheduler: Running job 'expandRecurrences'
2025-06-24T11:50:00.243Z [INFO] ExpandRecurrences: Starting job
2025-06-24T11:50:00.322Z [INFO] ExpandRecurrences: Job completed, created 0 new recurring orders
2025-06-24T11:50:00.323Z [INFO] Scheduler: Job 'expandRecurrences' completed, next run: Tue Jun 24 2025 14:50:00 GMT+0300 (Ora de vară a Europei de Est)
2025-06-24T11:51:00.252Z [INFO] Scheduler: Running job 'expandRecurrences'
2025-06-24T11:51:00.253Z [INFO] ExpandRecurrences: Starting job
2025-06-24T11:51:00.333Z [INFO] ExpandRecurrences: Job completed, created 0 new recurring orders
2025-06-24T11:51:00.333Z [INFO] Scheduler: Job 'expandRecurrences' completed, next run: Tue Jun 24 2025 14:55:00 GMT+0300 (Ora de vară a Europei de Est)
2025-06-24T11:51:00.334Z [INFO] Scheduler: Running job 'checkEquipmentStatus'
2025-06-24T11:51:00.334Z [INFO] CheckEquipmentStatus: Starting equipment monitoring job
2025-06-24T11:51:00.334Z [INFO] Starting equipment status check...
2025-06-24T11:51:00.341Z [ERROR] Error checking equipment status:
2025-06-24T11:51:00.342Z [ERROR] CheckEquipmentStatus: Job failed
2025-06-24T11:51:00.342Z [INFO] Scheduler: Job 'checkEquipmentStatus' completed, next run: Tue Jun 24 2025 14:52:00 GMT+0300 (Ora de vară a Europei de Est)
2025-06-24T11:51:00.343Z [INFO] Scheduler: Running job 'updateWeatherData'
2025-06-24T11:51:00.343Z [INFO] Starting weather data update job...
2025-06-24T11:51:00.344Z [INFO] Starting weather data update for all locations...
2025-06-24T11:51:00.348Z [ERROR] Error updating weather data:
2025-06-24T11:51:00.349Z [ERROR] Weather data update job failed:
2025-06-24T11:51:00.350Z [INFO] Scheduler: Job 'updateWeatherData' completed, next run: Tue Jun 24 2025 14:52:00 GMT+0300 (Ora de vară a Europei de Est)
2025-06-24T11:51:00.350Z [INFO] Scheduler: Running job 'exceptionDetection'
2025-06-24T11:51:00.351Z [INFO] Starting automated exception detection...
2025-06-24T11:51:00.351Z [INFO] Running comprehensive exception detection...
2025-06-24T11:51:00.356Z [ERROR] Error detecting staff unavailability: result.rows is not iterable
2025-06-24T11:51:00.438Z [ERROR] SQL error after 86ms: column e.updated_at does not exist
2025-06-24T11:51:00.439Z [ERROR] Failed query: 
        SELECT 
          l.id as location_id,
          l.name as location_name,
          COUNT(e.id) as total_equipment,
          COUNT(CASE WHEN e.status = 'OUT_OF_SERVICE' THEN 1 END) as out_of_service,
          COUNT(CASE WHEN e.updated_at < NOW() - INTERVAL '2 hours' THEN 1 END) as stale_equipment
        FROM locations l
        LEFT JOIN equipment e ON l.id = e.location_id
       GROUP BY l.id, l.name
2025-06-24T11:51:00.439Z [ERROR] Error detecting power outage: column e.updated_at does not exist
2025-06-24T11:51:00.445Z [ERROR] SQL error after 93ms: column em.created_at does not exist
2025-06-24T11:51:00.446Z [ERROR] Failed query: 
        SELECT 
          e.id,
          e.name,
          e.type,
          e.status,
          e.location_id,
          l.name as location_name,
          EXTRACT(days FROM (NOW() - e.updated_at)) as days_since_update,
          COUNT(em.id) as recent_maintenance
        FROM equipment e
        JOIN locations l ON e.location_id = l.id
        LEFT JOIN equipment_maintenance em ON e.id = em.equipment_id 
          AND em.created_at >= NOW() - INTERVAL '30 days'
      
        GROUP BY e.id, e.name, e.type, e.status, e.location_id, l.name, e.updated_at
        HAVING e.status = 'OUT_OF_SERVICE' 
          OR EXTRACT(days FROM (NOW() - e.updated_at)) > 7
        ORDER BY days_since_update DESC
      
2025-06-24T11:51:00.447Z [ERROR] Error detecting equipment failures: column em.created_at does not exist
2025-06-24T11:51:00.448Z [ERROR] SQL error after 96ms: column o.id does not exist
2025-06-24T11:51:00.448Z [ERROR] Failed query: 
        SELECT 
          t.id,
          t.status,
          t.location_id,
          l.name as location_name,
          o.id as order_id,
          EXTRACT(hours FROM (NOW() - t.created_at)) as hours_since_created,
          EXTRACT(hours FROM (NOW() - t.updated_at)) as hours_since_updated
        FROM transports t
        JOIN orders o ON t.order_id = o.id
        JOIN locations l ON t.location_id = l.id
        WHERE t.status IN ('PENDING', 'IN_PROGRESS')
       ORDER BY t.created_at ASC
2025-06-24T11:51:00.449Z [ERROR] Error detecting transport issues: column o.id does not exist
2025-06-24T11:51:00.449Z [INFO] Exception detection completed: 0 issues found
2025-06-24T11:51:00.450Z [INFO] Exception detection completed: 0 total issues found
2025-06-24T11:51:00.450Z [INFO] - Staff issues: 0
2025-06-24T11:51:00.450Z [INFO] - Power issues: 0
2025-06-24T11:51:00.450Z [INFO] - Equipment issues: 0
2025-06-24T11:51:00.451Z [INFO] - Transport issues: 0
2025-06-24T11:51:00.451Z [INFO] Creating notification: SYSTEM_STATUS_OK - LOW - All systems operational - no critical issues detected
2025-06-24T11:51:00.452Z [ERROR] Failed to send notification via websocket: WebSocket notification failed: broadcastToAllClients is not a function
2025-06-24T11:51:00.452Z [INFO] Exception detection completed successfully in 101ms
2025-06-24T11:51:00.453Z [INFO] Scheduler: Job 'exceptionDetection' completed, next run: Tue Jun 24 2025 14:52:00 GMT+0300 (Ora de vară a Europei de Est)
2025-06-24T11:53:00.270Z [INFO] Scheduler: Running job 'checkEquipmentStatus'
2025-06-24T11:53:00.271Z [INFO] CheckEquipmentStatus: Starting equipment monitoring job
2025-06-24T11:53:00.272Z [INFO] Starting equipment status check...
2025-06-24T11:53:00.343Z [ERROR] Error checking equipment status:
2025-06-24T11:53:00.344Z [ERROR] CheckEquipmentStatus: Job failed
2025-06-24T11:53:00.344Z [INFO] Scheduler: Job 'checkEquipmentStatus' completed, next run: Tue Jun 24 2025 14:54:00 GMT+0300 (Ora de vară a Europei de Est)
2025-06-24T11:53:00.344Z [INFO] Scheduler: Running job 'updateWeatherData'
2025-06-24T11:53:00.345Z [INFO] Starting weather data update job...
2025-06-24T11:53:00.345Z [INFO] Starting weather data update for all locations...
2025-06-24T11:53:00.348Z [ERROR] Error updating weather data:
2025-06-24T11:53:00.349Z [ERROR] Weather data update job failed:
2025-06-24T11:53:00.349Z [INFO] Scheduler: Job 'updateWeatherData' completed, next run: Tue Jun 24 2025 14:54:00 GMT+0300 (Ora de vară a Europei de Est)
2025-06-24T11:53:00.350Z [INFO] Scheduler: Running job 'exceptionDetection'
2025-06-24T11:53:00.350Z [INFO] Starting automated exception detection...
2025-06-24T11:53:00.351Z [INFO] Running comprehensive exception detection...
2025-06-24T11:53:00.354Z [ERROR] Error detecting staff unavailability: result.rows is not iterable
2025-06-24T11:53:00.420Z [ERROR] SQL error after 69ms: column e.updated_at does not exist
2025-06-24T11:53:00.421Z [ERROR] Failed query: 
        SELECT 
          l.id as location_id,
          l.name as location_name,
          COUNT(e.id) as total_equipment,
          COUNT(CASE WHEN e.status = 'OUT_OF_SERVICE' THEN 1 END) as out_of_service,
          COUNT(CASE WHEN e.updated_at < NOW() - INTERVAL '2 hours' THEN 1 END) as stale_equipment
        FROM locations l
        LEFT JOIN equipment e ON l.id = e.location_id
       GROUP BY l.id, l.name
2025-06-24T11:53:00.421Z [ERROR] Error detecting power outage: column e.updated_at does not exist
2025-06-24T11:53:00.428Z [ERROR] SQL error after 77ms: column em.created_at does not exist
2025-06-24T11:53:00.429Z [ERROR] Failed query: 
        SELECT 
          e.id,
          e.name,
          e.type,
          e.status,
          e.location_id,
          l.name as location_name,
          EXTRACT(days FROM (NOW() - e.updated_at)) as days_since_update,
          COUNT(em.id) as recent_maintenance
        FROM equipment e
        JOIN locations l ON e.location_id = l.id
        LEFT JOIN equipment_maintenance em ON e.id = em.equipment_id 
          AND em.created_at >= NOW() - INTERVAL '30 days'
      
        GROUP BY e.id, e.name, e.type, e.status, e.location_id, l.name, e.updated_at
        HAVING e.status = 'OUT_OF_SERVICE' 
          OR EXTRACT(days FROM (NOW() - e.updated_at)) > 7
        ORDER BY days_since_update DESC
      
2025-06-24T11:53:00.430Z [ERROR] Error detecting equipment failures: column em.created_at does not exist
2025-06-24T11:53:00.431Z [ERROR] SQL error after 80ms: column o.id does not exist
2025-06-24T11:53:00.432Z [ERROR] Failed query: 
        SELECT 
          t.id,
          t.status,
          t.location_id,
          l.name as location_name,
          o.id as order_id,
          EXTRACT(hours FROM (NOW() - t.created_at)) as hours_since_created,
          EXTRACT(hours FROM (NOW() - t.updated_at)) as hours_since_updated
        FROM transports t
        JOIN orders o ON t.order_id = o.id
        JOIN locations l ON t.location_id = l.id
        WHERE t.status IN ('PENDING', 'IN_PROGRESS')
       ORDER BY t.created_at ASC
2025-06-24T11:53:00.432Z [ERROR] Error detecting transport issues: column o.id does not exist
2025-06-24T11:53:00.433Z [INFO] Exception detection completed: 0 issues found
2025-06-24T11:53:00.433Z [INFO] Exception detection completed: 0 total issues found
2025-06-24T11:53:00.434Z [INFO] - Staff issues: 0
2025-06-24T11:53:00.434Z [INFO] - Power issues: 0
2025-06-24T11:53:00.435Z [INFO] - Equipment issues: 0
2025-06-24T11:53:00.435Z [INFO] - Transport issues: 0
2025-06-24T11:53:00.435Z [INFO] Creating notification: SYSTEM_STATUS_OK - LOW - All systems operational - no critical issues detected
2025-06-24T11:53:00.436Z [ERROR] Failed to send notification via websocket: WebSocket notification failed: broadcastToAllClients is not a function
2025-06-24T11:53:00.437Z [INFO] Exception detection completed successfully in 87ms
2025-06-24T11:53:00.437Z [INFO] Scheduler: Job 'exceptionDetection' completed, next run: Tue Jun 24 2025 14:54:00 GMT+0300 (Ora de vară a Europei de Est)
2025-06-24T11:55:00.285Z [INFO] Scheduler: Running job 'expandRecurrences'
2025-06-24T11:55:00.286Z [INFO] ExpandRecurrences: Starting job
2025-06-24T11:55:00.374Z [INFO] ExpandRecurrences: Job completed, created 0 new recurring orders
2025-06-24T11:55:00.375Z [INFO] Scheduler: Job 'expandRecurrences' completed, next run: Tue Jun 24 2025 14:55:00 GMT+0300 (Ora de vară a Europei de Est)
2025-06-24T11:55:00.375Z [INFO] Scheduler: Running job 'checkEquipmentStatus'
2025-06-24T11:55:00.376Z [INFO] CheckEquipmentStatus: Starting equipment monitoring job
2025-06-24T11:55:00.377Z [INFO] Starting equipment status check...
2025-06-24T11:55:00.385Z [ERROR] Error checking equipment status:
2025-06-24T11:55:00.386Z [ERROR] CheckEquipmentStatus: Job failed
2025-06-24T11:55:00.386Z [INFO] Scheduler: Job 'checkEquipmentStatus' completed, next run: Tue Jun 24 2025 14:56:00 GMT+0300 (Ora de vară a Europei de Est)
2025-06-24T11:55:00.387Z [INFO] Scheduler: Running job 'updateWeatherData'
2025-06-24T11:55:00.387Z [INFO] Starting weather data update job...
2025-06-24T11:55:00.388Z [INFO] Starting weather data update for all locations...
2025-06-24T11:55:00.394Z [ERROR] Error updating weather data:
2025-06-24T11:55:00.395Z [ERROR] Weather data update job failed:
2025-06-24T11:55:00.396Z [INFO] Scheduler: Job 'updateWeatherData' completed, next run: Tue Jun 24 2025 14:56:00 GMT+0300 (Ora de vară a Europei de Est)
2025-06-24T11:55:00.397Z [INFO] Scheduler: Running job 'exceptionDetection'
2025-06-24T11:55:00.397Z [INFO] Starting automated exception detection...
2025-06-24T11:55:00.398Z [INFO] Running comprehensive exception detection...
2025-06-24T11:55:00.404Z [ERROR] Error detecting staff unavailability: result.rows is not iterable
2025-06-24T11:55:00.477Z [ERROR] SQL error after 78ms: column e.updated_at does not exist
2025-06-24T11:55:00.478Z [ERROR] Failed query: 
        SELECT 
          l.id as location_id,
          l.name as location_name,
          COUNT(e.id) as total_equipment,
          COUNT(CASE WHEN e.status = 'OUT_OF_SERVICE' THEN 1 END) as out_of_service,
          COUNT(CASE WHEN e.updated_at < NOW() - INTERVAL '2 hours' THEN 1 END) as stale_equipment
        FROM locations l
        LEFT JOIN equipment e ON l.id = e.location_id
       GROUP BY l.id, l.name
2025-06-24T11:55:00.478Z [ERROR] Error detecting power outage: column e.updated_at does not exist
2025-06-24T11:55:00.492Z [ERROR] SQL error after 93ms: column o.id does not exist
2025-06-24T11:55:00.492Z [ERROR] Failed query: 
        SELECT 
          t.id,
          t.status,
          t.location_id,
          l.name as location_name,
          o.id as order_id,
          EXTRACT(hours FROM (NOW() - t.created_at)) as hours_since_created,
          EXTRACT(hours FROM (NOW() - t.updated_at)) as hours_since_updated
        FROM transports t
        JOIN orders o ON t.order_id = o.id
        JOIN locations l ON t.location_id = l.id
        WHERE t.status IN ('PENDING', 'IN_PROGRESS')
       ORDER BY t.created_at ASC
2025-06-24T11:55:00.493Z [ERROR] Error detecting transport issues: column o.id does not exist
2025-06-24T11:55:00.583Z [ERROR] SQL error after 184ms: column em.created_at does not exist
2025-06-24T11:55:00.584Z [ERROR] Failed query: 
        SELECT 
          e.id,
          e.name,
          e.type,
          e.status,
          e.location_id,
          l.name as location_name,
          EXTRACT(days FROM (NOW() - e.updated_at)) as days_since_update,
          COUNT(em.id) as recent_maintenance
        FROM equipment e
        JOIN locations l ON e.location_id = l.id
        LEFT JOIN equipment_maintenance em ON e.id = em.equipment_id 
          AND em.created_at >= NOW() - INTERVAL '30 days'
      
        GROUP BY e.id, e.name, e.type, e.status, e.location_id, l.name, e.updated_at
        HAVING e.status = 'OUT_OF_SERVICE' 
          OR EXTRACT(days FROM (NOW() - e.updated_at)) > 7
        ORDER BY days_since_update DESC
      
2025-06-24T11:55:00.585Z [ERROR] Error detecting equipment failures: column em.created_at does not exist
2025-06-24T11:55:00.585Z [INFO] Exception detection completed: 0 issues found
2025-06-24T11:55:00.586Z [INFO] Exception detection completed: 0 total issues found
2025-06-24T11:55:00.586Z [INFO] - Staff issues: 0
2025-06-24T11:55:00.587Z [INFO] - Power issues: 0
2025-06-24T11:55:00.587Z [INFO] - Equipment issues: 0
2025-06-24T11:55:00.588Z [INFO] - Transport issues: 0
2025-06-24T11:55:00.588Z [INFO] Creating notification: SYSTEM_STATUS_OK - LOW - All systems operational - no critical issues detected
2025-06-24T11:55:00.589Z [ERROR] Failed to send notification via websocket: WebSocket notification failed: broadcastToAllClients is not a function
2025-06-24T11:55:00.590Z [INFO] Exception detection completed successfully in 193ms
2025-06-24T11:55:00.591Z [INFO] Scheduler: Job 'exceptionDetection' completed, next run: Tue Jun 24 2025 14:56:00 GMT+0300 (Ora de vară a Europei de Est)
2025-06-24T11:56:00.294Z [INFO] Scheduler: Running job 'expandRecurrences'
2025-06-24T11:56:00.295Z [INFO] ExpandRecurrences: Starting job
2025-06-24T11:56:00.406Z [INFO] ExpandRecurrences: Job completed, created 0 new recurring orders
2025-06-24T11:56:00.407Z [INFO] Scheduler: Job 'expandRecurrences' completed, next run: Tue Jun 24 2025 15:00:00 GMT+0300 (Ora de vară a Europei de Est)
2025-06-24T11:57:00.304Z [INFO] Scheduler: Running job 'checkEquipmentStatus'
2025-06-24T11:57:00.305Z [INFO] CheckEquipmentStatus: Starting equipment monitoring job
2025-06-24T11:57:00.306Z [INFO] Starting equipment status check...
2025-06-24T11:57:00.383Z [ERROR] Error checking equipment status:
2025-06-24T11:57:00.384Z [ERROR] CheckEquipmentStatus: Job failed
2025-06-24T11:57:00.385Z [INFO] Scheduler: Job 'checkEquipmentStatus' completed, next run: Tue Jun 24 2025 14:58:00 GMT+0300 (Ora de vară a Europei de Est)
2025-06-24T11:57:00.385Z [INFO] Scheduler: Running job 'updateWeatherData'
2025-06-24T11:57:00.386Z [INFO] Starting weather data update job...
2025-06-24T11:57:00.386Z [INFO] Starting weather data update for all locations...
2025-06-24T11:57:00.390Z [ERROR] Error updating weather data:
2025-06-24T11:57:00.391Z [ERROR] Weather data update job failed:
2025-06-24T11:57:00.392Z [INFO] Scheduler: Job 'updateWeatherData' completed, next run: Tue Jun 24 2025 14:58:00 GMT+0300 (Ora de vară a Europei de Est)
2025-06-24T11:57:00.392Z [INFO] Scheduler: Running job 'exceptionDetection'
2025-06-24T11:57:00.393Z [INFO] Starting automated exception detection...
2025-06-24T11:57:00.394Z [INFO] Running comprehensive exception detection...
2025-06-24T11:57:00.399Z [ERROR] Error detecting staff unavailability: result.rows is not iterable
2025-06-24T11:57:00.484Z [ERROR] SQL error after 90ms: column e.updated_at does not exist
2025-06-24T11:57:00.485Z [ERROR] Failed query: 
        SELECT 
          l.id as location_id,
          l.name as location_name,
          COUNT(e.id) as total_equipment,
          COUNT(CASE WHEN e.status = 'OUT_OF_SERVICE' THEN 1 END) as out_of_service,
          COUNT(CASE WHEN e.updated_at < NOW() - INTERVAL '2 hours' THEN 1 END) as stale_equipment
        FROM locations l
        LEFT JOIN equipment e ON l.id = e.location_id
       GROUP BY l.id, l.name
2025-06-24T11:57:00.486Z [ERROR] Error detecting power outage: column e.updated_at does not exist
2025-06-24T11:57:00.491Z [ERROR] SQL error after 97ms: column o.id does not exist
2025-06-24T11:57:00.491Z [ERROR] Failed query: 
        SELECT 
          t.id,
          t.status,
          t.location_id,
          l.name as location_name,
          o.id as order_id,
          EXTRACT(hours FROM (NOW() - t.created_at)) as hours_since_created,
          EXTRACT(hours FROM (NOW() - t.updated_at)) as hours_since_updated
        FROM transports t
        JOIN orders o ON t.order_id = o.id
        JOIN locations l ON t.location_id = l.id
        WHERE t.status IN ('PENDING', 'IN_PROGRESS')
       ORDER BY t.created_at ASC
2025-06-24T11:57:00.492Z [ERROR] Error detecting transport issues: column o.id does not exist
2025-06-24T11:57:00.493Z [ERROR] SQL error after 99ms: column em.created_at does not exist
2025-06-24T11:57:00.494Z [ERROR] Failed query: 
        SELECT 
          e.id,
          e.name,
          e.type,
          e.status,
          e.location_id,
          l.name as location_name,
          EXTRACT(days FROM (NOW() - e.updated_at)) as days_since_update,
          COUNT(em.id) as recent_maintenance
        FROM equipment e
        JOIN locations l ON e.location_id = l.id
        LEFT JOIN equipment_maintenance em ON e.id = em.equipment_id 
          AND em.created_at >= NOW() - INTERVAL '30 days'
      
        GROUP BY e.id, e.name, e.type, e.status, e.location_id, l.name, e.updated_at
        HAVING e.status = 'OUT_OF_SERVICE' 
          OR EXTRACT(days FROM (NOW() - e.updated_at)) > 7
        ORDER BY days_since_update DESC
      
2025-06-24T11:57:00.495Z [ERROR] Error detecting equipment failures: column em.created_at does not exist
2025-06-24T11:57:00.495Z [INFO] Exception detection completed: 0 issues found
2025-06-24T11:57:00.495Z [INFO] Exception detection completed: 0 total issues found
2025-06-24T11:57:00.496Z [INFO] - Staff issues: 0
2025-06-24T11:57:00.496Z [INFO] - Power issues: 0
2025-06-24T11:57:00.496Z [INFO] - Equipment issues: 0
2025-06-24T11:57:00.497Z [INFO] - Transport issues: 0
2025-06-24T11:57:00.497Z [INFO] Creating notification: SYSTEM_STATUS_OK - LOW - All systems operational - no critical issues detected
2025-06-24T11:57:00.497Z [ERROR] Failed to send notification via websocket: WebSocket notification failed: broadcastToAllClients is not a function
2025-06-24T11:57:00.498Z [INFO] Exception detection completed successfully in 105ms
2025-06-24T11:57:00.498Z [INFO] Scheduler: Job 'exceptionDetection' completed, next run: Tue Jun 24 2025 14:58:00 GMT+0300 (Ora de vară a Europei de Est)
2025-06-24T11:59:00.320Z [INFO] Scheduler: Running job 'checkEquipmentStatus'
2025-06-24T11:59:00.321Z [INFO] CheckEquipmentStatus: Starting equipment monitoring job
2025-06-24T11:59:00.322Z [INFO] Starting equipment status check...
2025-06-24T11:59:00.501Z [ERROR] Error checking equipment status:
2025-06-24T11:59:00.502Z [ERROR] CheckEquipmentStatus: Job failed
2025-06-24T11:59:00.502Z [INFO] Scheduler: Job 'checkEquipmentStatus' completed, next run: Tue Jun 24 2025 15:00:00 GMT+0300 (Ora de vară a Europei de Est)
2025-06-24T11:59:00.503Z [INFO] Scheduler: Running job 'updateWeatherData'
2025-06-24T11:59:00.503Z [INFO] Starting weather data update job...
2025-06-24T11:59:00.503Z [INFO] Starting weather data update for all locations...
2025-06-24T11:59:00.507Z [ERROR] Error updating weather data:
2025-06-24T11:59:00.508Z [ERROR] Weather data update job failed:
2025-06-24T11:59:00.508Z [INFO] Scheduler: Job 'updateWeatherData' completed, next run: Tue Jun 24 2025 15:00:00 GMT+0300 (Ora de vară a Europei de Est)
2025-06-24T11:59:00.508Z [INFO] Scheduler: Running job 'exceptionDetection'
2025-06-24T11:59:00.509Z [INFO] Starting automated exception detection...
2025-06-24T11:59:00.509Z [INFO] Running comprehensive exception detection...
2025-06-24T11:59:00.514Z [ERROR] Error detecting staff unavailability: result.rows is not iterable
2025-06-24T11:59:00.586Z [ERROR] SQL error after 77ms: column e.updated_at does not exist
2025-06-24T11:59:00.587Z [ERROR] Failed query: 
        SELECT 
          l.id as location_id,
          l.name as location_name,
          COUNT(e.id) as total_equipment,
          COUNT(CASE WHEN e.status = 'OUT_OF_SERVICE' THEN 1 END) as out_of_service,
          COUNT(CASE WHEN e.updated_at < NOW() - INTERVAL '2 hours' THEN 1 END) as stale_equipment
        FROM locations l
        LEFT JOIN equipment e ON l.id = e.location_id
       GROUP BY l.id, l.name
2025-06-24T11:59:00.587Z [ERROR] Error detecting power outage: column e.updated_at does not exist
2025-06-24T11:59:00.595Z [ERROR] SQL error after 86ms: column em.created_at does not exist
2025-06-24T11:59:00.596Z [ERROR] Failed query: 
        SELECT 
          e.id,
          e.name,
          e.type,
          e.status,
          e.location_id,
          l.name as location_name,
          EXTRACT(days FROM (NOW() - e.updated_at)) as days_since_update,
          COUNT(em.id) as recent_maintenance
        FROM equipment e
        JOIN locations l ON e.location_id = l.id
        LEFT JOIN equipment_maintenance em ON e.id = em.equipment_id 
          AND em.created_at >= NOW() - INTERVAL '30 days'
      
        GROUP BY e.id, e.name, e.type, e.status, e.location_id, l.name, e.updated_at
        HAVING e.status = 'OUT_OF_SERVICE' 
          OR EXTRACT(days FROM (NOW() - e.updated_at)) > 7
        ORDER BY days_since_update DESC
      
2025-06-24T11:59:00.596Z [ERROR] Error detecting equipment failures: column em.created_at does not exist
2025-06-24T11:59:00.599Z [ERROR] SQL error after 90ms: column o.id does not exist
2025-06-24T11:59:00.599Z [ERROR] Failed query: 
        SELECT 
          t.id,
          t.status,
          t.location_id,
          l.name as location_name,
          o.id as order_id,
          EXTRACT(hours FROM (NOW() - t.created_at)) as hours_since_created,
          EXTRACT(hours FROM (NOW() - t.updated_at)) as hours_since_updated
        FROM transports t
        JOIN orders o ON t.order_id = o.id
        JOIN locations l ON t.location_id = l.id
        WHERE t.status IN ('PENDING', 'IN_PROGRESS')
       ORDER BY t.created_at ASC
2025-06-24T11:59:00.600Z [ERROR] Error detecting transport issues: column o.id does not exist
2025-06-24T11:59:00.600Z [INFO] Exception detection completed: 0 issues found
2025-06-24T11:59:00.600Z [INFO] Exception detection completed: 0 total issues found
2025-06-24T11:59:00.600Z [INFO] - Staff issues: 0
2025-06-24T11:59:00.601Z [INFO] - Power issues: 0
2025-06-24T11:59:00.601Z [INFO] - Equipment issues: 0
2025-06-24T11:59:00.601Z [INFO] - Transport issues: 0
2025-06-24T11:59:00.601Z [INFO] Creating notification: SYSTEM_STATUS_OK - LOW - All systems operational - no critical issues detected
2025-06-24T11:59:00.602Z [ERROR] Failed to send notification via websocket: WebSocket notification failed: broadcastToAllClients is not a function
2025-06-24T11:59:00.603Z [INFO] Exception detection completed successfully in 94ms
2025-06-24T11:59:00.603Z [INFO] Scheduler: Job 'exceptionDetection' completed, next run: Tue Jun 24 2025 15:00:00 GMT+0300 (Ora de vară a Europei de Est)
2025-06-24T12:00:00.330Z [INFO] Scheduler: Running job 'expandRecurrences'
2025-06-24T12:00:00.331Z [INFO] ExpandRecurrences: Starting job
2025-06-24T12:00:00.403Z [INFO] ExpandRecurrences: Job completed, created 0 new recurring orders
2025-06-24T12:00:00.404Z [INFO] Scheduler: Job 'expandRecurrences' completed, next run: Tue Jun 24 2025 15:00:00 GMT+0300 (Ora de vară a Europei de Est)
2025-06-24T12:00:00.405Z [INFO] Scheduler: Running job 'checkInventory'
2025-06-24T12:00:00.405Z [INFO] CheckInventory: Starting inventory monitoring job
2025-06-24T12:00:00.411Z [INFO] Found 0 low stock items (threshold: 10)
2025-06-24T12:00:00.412Z [INFO] Found 0 out of stock items
2025-06-24T12:00:00.413Z [INFO] CheckInventory: All inventory levels are adequate
2025-06-24T12:00:00.413Z [INFO] Scheduler: Job 'checkInventory' completed, next run: Tue Jun 24 2025 16:00:00 GMT+0300 (Ora de vară a Europei de Est)
2025-06-24T12:01:00.338Z [INFO] Scheduler: Running job 'expandRecurrences'
2025-06-24T12:01:00.340Z [INFO] ExpandRecurrences: Starting job
2025-06-24T12:01:00.422Z [INFO] ExpandRecurrences: Job completed, created 0 new recurring orders
2025-06-24T12:01:00.423Z [INFO] Scheduler: Job 'expandRecurrences' completed, next run: Tue Jun 24 2025 15:05:00 GMT+0300 (Ora de vară a Europei de Est)
2025-06-24T12:01:00.424Z [INFO] Scheduler: Running job 'checkEquipmentStatus'
2025-06-24T12:01:00.424Z [INFO] CheckEquipmentStatus: Starting equipment monitoring job
2025-06-24T12:01:00.425Z [INFO] Starting equipment status check...
2025-06-24T12:01:00.432Z [ERROR] Error checking equipment status:
2025-06-24T12:01:00.433Z [ERROR] CheckEquipmentStatus: Job failed
2025-06-24T12:01:00.433Z [INFO] Scheduler: Job 'checkEquipmentStatus' completed, next run: Tue Jun 24 2025 15:02:00 GMT+0300 (Ora de vară a Europei de Est)
2025-06-24T12:01:00.434Z [INFO] Scheduler: Running job 'updateWeatherData'
2025-06-24T12:01:00.434Z [INFO] Starting weather data update job...
2025-06-24T12:01:00.435Z [INFO] Starting weather data update for all locations...
2025-06-24T12:01:00.441Z [ERROR] Error updating weather data:
2025-06-24T12:01:00.442Z [ERROR] Weather data update job failed:
2025-06-24T12:01:00.442Z [INFO] Scheduler: Job 'updateWeatherData' completed, next run: Tue Jun 24 2025 15:02:00 GMT+0300 (Ora de vară a Europei de Est)
2025-06-24T12:01:00.443Z [INFO] Scheduler: Running job 'exceptionDetection'
2025-06-24T12:01:00.444Z [INFO] Starting automated exception detection...
2025-06-24T12:01:00.444Z [INFO] Running comprehensive exception detection...
2025-06-24T12:01:00.450Z [ERROR] Error detecting staff unavailability: result.rows is not iterable
2025-06-24T12:01:00.530Z [ERROR] SQL error after 85ms: column em.created_at does not exist
2025-06-24T12:01:00.530Z [ERROR] Failed query: 
        SELECT 
          e.id,
          e.name,
          e.type,
          e.status,
          e.location_id,
          l.name as location_name,
          EXTRACT(days FROM (NOW() - e.updated_at)) as days_since_update,
          COUNT(em.id) as recent_maintenance
        FROM equipment e
        JOIN locations l ON e.location_id = l.id
        LEFT JOIN equipment_maintenance em ON e.id = em.equipment_id 
          AND em.created_at >= NOW() - INTERVAL '30 days'
      
        GROUP BY e.id, e.name, e.type, e.status, e.location_id, l.name, e.updated_at
        HAVING e.status = 'OUT_OF_SERVICE' 
          OR EXTRACT(days FROM (NOW() - e.updated_at)) > 7
        ORDER BY days_since_update DESC
      
2025-06-24T12:01:00.531Z [ERROR] Error detecting equipment failures: column em.created_at does not exist
2025-06-24T12:01:00.532Z [ERROR] SQL error after 87ms: column e.updated_at does not exist
2025-06-24T12:01:00.533Z [ERROR] Failed query: 
        SELECT 
          l.id as location_id,
          l.name as location_name,
          COUNT(e.id) as total_equipment,
          COUNT(CASE WHEN e.status = 'OUT_OF_SERVICE' THEN 1 END) as out_of_service,
          COUNT(CASE WHEN e.updated_at < NOW() - INTERVAL '2 hours' THEN 1 END) as stale_equipment
        FROM locations l
        LEFT JOIN equipment e ON l.id = e.location_id
       GROUP BY l.id, l.name
2025-06-24T12:01:00.533Z [ERROR] Error detecting power outage: column e.updated_at does not exist
2025-06-24T12:01:00.535Z [ERROR] SQL error after 90ms: column o.id does not exist
2025-06-24T12:01:00.536Z [ERROR] Failed query: 
        SELECT 
          t.id,
          t.status,
          t.location_id,
          l.name as location_name,
          o.id as order_id,
          EXTRACT(hours FROM (NOW() - t.created_at)) as hours_since_created,
          EXTRACT(hours FROM (NOW() - t.updated_at)) as hours_since_updated
        FROM transports t
        JOIN orders o ON t.order_id = o.id
        JOIN locations l ON t.location_id = l.id
        WHERE t.status IN ('PENDING', 'IN_PROGRESS')
       ORDER BY t.created_at ASC
2025-06-24T12:01:00.537Z [ERROR] Error detecting transport issues: column o.id does not exist
2025-06-24T12:01:00.537Z [INFO] Exception detection completed: 0 issues found
2025-06-24T12:01:00.538Z [INFO] Exception detection completed: 0 total issues found
2025-06-24T12:01:00.538Z [INFO] - Staff issues: 0
2025-06-24T12:01:00.539Z [INFO] - Power issues: 0
2025-06-24T12:01:00.539Z [INFO] - Equipment issues: 0
2025-06-24T12:01:00.540Z [INFO] - Transport issues: 0
2025-06-24T12:01:00.540Z [INFO] Creating notification: SYSTEM_STATUS_OK - LOW - All systems operational - no critical issues detected
2025-06-24T12:01:00.541Z [ERROR] Failed to send notification via websocket: WebSocket notification failed: broadcastToAllClients is not a function
2025-06-24T12:01:00.542Z [INFO] Exception detection completed successfully in 97ms
2025-06-24T12:01:00.542Z [INFO] Scheduler: Job 'exceptionDetection' completed, next run: Tue Jun 24 2025 15:02:00 GMT+0300 (Ora de vară a Europei de Est)
2025-06-24T12:03:00.357Z [INFO] Scheduler: Running job 'checkEquipmentStatus'
2025-06-24T12:03:00.358Z [INFO] CheckEquipmentStatus: Starting equipment monitoring job
2025-06-24T12:03:00.359Z [INFO] Starting equipment status check...
2025-06-24T12:03:00.455Z [ERROR] Error checking equipment status:
2025-06-24T12:03:00.456Z [ERROR] CheckEquipmentStatus: Job failed
2025-06-24T12:03:00.457Z [INFO] Scheduler: Job 'checkEquipmentStatus' completed, next run: Tue Jun 24 2025 15:04:00 GMT+0300 (Ora de vară a Europei de Est)
2025-06-24T12:03:00.458Z [INFO] Scheduler: Running job 'updateWeatherData'
2025-06-24T12:03:00.458Z [INFO] Starting weather data update job...
2025-06-24T12:03:00.459Z [INFO] Starting weather data update for all locations...
2025-06-24T12:03:00.463Z [ERROR] Error updating weather data:
2025-06-24T12:03:00.464Z [ERROR] Weather data update job failed:
2025-06-24T12:03:00.464Z [INFO] Scheduler: Job 'updateWeatherData' completed, next run: Tue Jun 24 2025 15:04:00 GMT+0300 (Ora de vară a Europei de Est)
2025-06-24T12:03:00.465Z [INFO] Scheduler: Running job 'exceptionDetection'
2025-06-24T12:03:00.465Z [INFO] Starting automated exception detection...
2025-06-24T12:03:00.466Z [INFO] Running comprehensive exception detection...
2025-06-24T12:03:00.470Z [ERROR] Error detecting staff unavailability: result.rows is not iterable
2025-06-24T12:03:00.542Z [ERROR] SQL error after 76ms: column e.updated_at does not exist
2025-06-24T12:03:00.542Z [ERROR] Failed query: 
        SELECT 
          l.id as location_id,
          l.name as location_name,
          COUNT(e.id) as total_equipment,
          COUNT(CASE WHEN e.status = 'OUT_OF_SERVICE' THEN 1 END) as out_of_service,
          COUNT(CASE WHEN e.updated_at < NOW() - INTERVAL '2 hours' THEN 1 END) as stale_equipment
        FROM locations l
        LEFT JOIN equipment e ON l.id = e.location_id
       GROUP BY l.id, l.name
2025-06-24T12:03:00.543Z [ERROR] Error detecting power outage: column e.updated_at does not exist
2025-06-24T12:03:00.545Z [ERROR] SQL error after 79ms: column em.created_at does not exist
2025-06-24T12:03:00.546Z [ERROR] Failed query: 
        SELECT 
          e.id,
          e.name,
          e.type,
          e.status,
          e.location_id,
          l.name as location_name,
          EXTRACT(days FROM (NOW() - e.updated_at)) as days_since_update,
          COUNT(em.id) as recent_maintenance
        FROM equipment e
        JOIN locations l ON e.location_id = l.id
        LEFT JOIN equipment_maintenance em ON e.id = em.equipment_id 
          AND em.created_at >= NOW() - INTERVAL '30 days'
      
        GROUP BY e.id, e.name, e.type, e.status, e.location_id, l.name, e.updated_at
        HAVING e.status = 'OUT_OF_SERVICE' 
          OR EXTRACT(days FROM (NOW() - e.updated_at)) > 7
        ORDER BY days_since_update DESC
      
2025-06-24T12:03:00.547Z [ERROR] Error detecting equipment failures: column em.created_at does not exist
2025-06-24T12:03:00.553Z [ERROR] SQL error after 87ms: column o.id does not exist
2025-06-24T12:03:00.554Z [ERROR] Failed query: 
        SELECT 
          t.id,
          t.status,
          t.location_id,
          l.name as location_name,
          o.id as order_id,
          EXTRACT(hours FROM (NOW() - t.created_at)) as hours_since_created,
          EXTRACT(hours FROM (NOW() - t.updated_at)) as hours_since_updated
        FROM transports t
        JOIN orders o ON t.order_id = o.id
        JOIN locations l ON t.location_id = l.id
        WHERE t.status IN ('PENDING', 'IN_PROGRESS')
       ORDER BY t.created_at ASC
2025-06-24T12:03:00.555Z [ERROR] Error detecting transport issues: column o.id does not exist
2025-06-24T12:03:00.555Z [INFO] Exception detection completed: 0 issues found
2025-06-24T12:03:00.555Z [INFO] Exception detection completed: 0 total issues found
2025-06-24T12:03:00.556Z [INFO] - Staff issues: 0
2025-06-24T12:03:00.556Z [INFO] - Power issues: 0
2025-06-24T12:03:00.557Z [INFO] - Equipment issues: 0
2025-06-24T12:03:00.557Z [INFO] - Transport issues: 0
2025-06-24T12:03:00.558Z [INFO] Creating notification: SYSTEM_STATUS_OK - LOW - All systems operational - no critical issues detected
2025-06-24T12:03:00.559Z [ERROR] Failed to send notification via websocket: WebSocket notification failed: broadcastToAllClients is not a function
2025-06-24T12:03:00.559Z [INFO] Exception detection completed successfully in 94ms
2025-06-24T12:03:00.560Z [INFO] Scheduler: Job 'exceptionDetection' completed, next run: Tue Jun 24 2025 15:04:00 GMT+0300 (Ora de vară a Europei de Est)
2025-06-24T12:05:00.384Z [INFO] Scheduler: Running job 'expandRecurrences'
2025-06-24T12:05:00.385Z [INFO] ExpandRecurrences: Starting job
2025-06-24T12:05:00.461Z [INFO] ExpandRecurrences: Job completed, created 0 new recurring orders
2025-06-24T12:05:00.462Z [INFO] Scheduler: Job 'expandRecurrences' completed, next run: Tue Jun 24 2025 15:05:00 GMT+0300 (Ora de vară a Europei de Est)
2025-06-24T12:05:00.462Z [INFO] Scheduler: Running job 'checkEquipmentStatus'
2025-06-24T12:05:00.463Z [INFO] CheckEquipmentStatus: Starting equipment monitoring job
2025-06-24T12:05:00.463Z [INFO] Starting equipment status check...
2025-06-24T12:05:00.469Z [ERROR] Error checking equipment status:
2025-06-24T12:05:00.469Z [ERROR] CheckEquipmentStatus: Job failed
2025-06-24T12:05:00.470Z [INFO] Scheduler: Job 'checkEquipmentStatus' completed, next run: Tue Jun 24 2025 15:06:00 GMT+0300 (Ora de vară a Europei de Est)
2025-06-24T12:05:00.471Z [INFO] Scheduler: Running job 'updateWeatherData'
2025-06-24T12:05:00.471Z [INFO] Starting weather data update job...
2025-06-24T12:05:00.472Z [INFO] Starting weather data update for all locations...
2025-06-24T12:05:00.476Z [ERROR] Error updating weather data:
2025-06-24T12:05:00.477Z [ERROR] Weather data update job failed:
2025-06-24T12:05:00.478Z [INFO] Scheduler: Job 'updateWeatherData' completed, next run: Tue Jun 24 2025 15:06:00 GMT+0300 (Ora de vară a Europei de Est)
2025-06-24T12:05:00.478Z [INFO] Scheduler: Running job 'exceptionDetection'
2025-06-24T12:05:00.479Z [INFO] Starting automated exception detection...
2025-06-24T12:05:00.479Z [INFO] Running comprehensive exception detection...
2025-06-24T12:05:00.485Z [ERROR] Error detecting staff unavailability: result.rows is not iterable
2025-06-24T12:05:00.576Z [ERROR] SQL error after 96ms: column e.updated_at does not exist
2025-06-24T12:05:00.577Z [ERROR] Failed query: 
        SELECT 
          l.id as location_id,
          l.name as location_name,
          COUNT(e.id) as total_equipment,
          COUNT(CASE WHEN e.status = 'OUT_OF_SERVICE' THEN 1 END) as out_of_service,
          COUNT(CASE WHEN e.updated_at < NOW() - INTERVAL '2 hours' THEN 1 END) as stale_equipment
        FROM locations l
        LEFT JOIN equipment e ON l.id = e.location_id
       GROUP BY l.id, l.name
2025-06-24T12:05:00.577Z [ERROR] Error detecting power outage: column e.updated_at does not exist
2025-06-24T12:05:00.583Z [ERROR] SQL error after 103ms: column em.created_at does not exist
2025-06-24T12:05:00.584Z [ERROR] Failed query: 
        SELECT 
          e.id,
          e.name,
          e.type,
          e.status,
          e.location_id,
          l.name as location_name,
          EXTRACT(days FROM (NOW() - e.updated_at)) as days_since_update,
          COUNT(em.id) as recent_maintenance
        FROM equipment e
        JOIN locations l ON e.location_id = l.id
        LEFT JOIN equipment_maintenance em ON e.id = em.equipment_id 
          AND em.created_at >= NOW() - INTERVAL '30 days'
      
        GROUP BY e.id, e.name, e.type, e.status, e.location_id, l.name, e.updated_at
        HAVING e.status = 'OUT_OF_SERVICE' 
          OR EXTRACT(days FROM (NOW() - e.updated_at)) > 7
        ORDER BY days_since_update DESC
      
2025-06-24T12:05:00.584Z [ERROR] Error detecting equipment failures: column em.created_at does not exist
2025-06-24T12:05:00.585Z [ERROR] SQL error after 105ms: column o.id does not exist
2025-06-24T12:05:00.586Z [ERROR] Failed query: 
        SELECT 
          t.id,
          t.status,
          t.location_id,
          l.name as location_name,
          o.id as order_id,
          EXTRACT(hours FROM (NOW() - t.created_at)) as hours_since_created,
          EXTRACT(hours FROM (NOW() - t.updated_at)) as hours_since_updated
        FROM transports t
        JOIN orders o ON t.order_id = o.id
        JOIN locations l ON t.location_id = l.id
        WHERE t.status IN ('PENDING', 'IN_PROGRESS')
       ORDER BY t.created_at ASC
2025-06-24T12:05:00.586Z [ERROR] Error detecting transport issues: column o.id does not exist
2025-06-24T12:05:00.587Z [INFO] Exception detection completed: 0 issues found
2025-06-24T12:05:00.587Z [INFO] Exception detection completed: 0 total issues found
2025-06-24T12:05:00.587Z [INFO] - Staff issues: 0
2025-06-24T12:05:00.587Z [INFO] - Power issues: 0
2025-06-24T12:05:00.588Z [INFO] - Equipment issues: 0
2025-06-24T12:05:00.588Z [INFO] - Transport issues: 0
2025-06-24T12:05:00.588Z [INFO] Creating notification: SYSTEM_STATUS_OK - LOW - All systems operational - no critical issues detected
2025-06-24T12:05:00.589Z [ERROR] Failed to send notification via websocket: WebSocket notification failed: broadcastToAllClients is not a function
2025-06-24T12:05:00.589Z [INFO] Exception detection completed successfully in 110ms
2025-06-24T12:05:00.589Z [INFO] Scheduler: Job 'exceptionDetection' completed, next run: Tue Jun 24 2025 15:06:00 GMT+0300 (Ora de vară a Europei de Est)
2025-06-24T12:06:00.393Z [INFO] Scheduler: Running job 'expandRecurrences'
2025-06-24T12:06:00.394Z [INFO] ExpandRecurrences: Starting job
2025-06-24T12:06:00.466Z [INFO] ExpandRecurrences: Job completed, created 0 new recurring orders
2025-06-24T12:06:00.467Z [INFO] Scheduler: Job 'expandRecurrences' completed, next run: Tue Jun 24 2025 15:10:00 GMT+0300 (Ora de vară a Europei de Est)
2025-06-24T12:07:00.404Z [INFO] Scheduler: Running job 'checkEquipmentStatus'
2025-06-24T12:07:00.405Z [INFO] CheckEquipmentStatus: Starting equipment monitoring job
2025-06-24T12:07:00.406Z [INFO] Starting equipment status check...
2025-06-24T12:07:00.485Z [ERROR] Error checking equipment status:
2025-06-24T12:07:00.486Z [ERROR] CheckEquipmentStatus: Job failed
2025-06-24T12:07:00.487Z [INFO] Scheduler: Job 'checkEquipmentStatus' completed, next run: Tue Jun 24 2025 15:08:00 GMT+0300 (Ora de vară a Europei de Est)
2025-06-24T12:07:00.487Z [INFO] Scheduler: Running job 'updateWeatherData'
2025-06-24T12:07:00.488Z [INFO] Starting weather data update job...
2025-06-24T12:07:00.488Z [INFO] Starting weather data update for all locations...
2025-06-24T12:07:00.494Z [ERROR] Error updating weather data:
2025-06-24T12:07:00.495Z [ERROR] Weather data update job failed:
2025-06-24T12:07:00.495Z [INFO] Scheduler: Job 'updateWeatherData' completed, next run: Tue Jun 24 2025 15:08:00 GMT+0300 (Ora de vară a Europei de Est)
2025-06-24T12:07:00.496Z [INFO] Scheduler: Running job 'exceptionDetection'
2025-06-24T12:07:00.497Z [INFO] Starting automated exception detection...
2025-06-24T12:07:00.497Z [INFO] Running comprehensive exception detection...
2025-06-24T12:07:00.502Z [ERROR] Error detecting staff unavailability: result.rows is not iterable
2025-06-24T12:07:00.588Z [ERROR] SQL error after 90ms: column e.updated_at does not exist
2025-06-24T12:07:00.589Z [ERROR] Failed query: 
        SELECT 
          l.id as location_id,
          l.name as location_name,
          COUNT(e.id) as total_equipment,
          COUNT(CASE WHEN e.status = 'OUT_OF_SERVICE' THEN 1 END) as out_of_service,
          COUNT(CASE WHEN e.updated_at < NOW() - INTERVAL '2 hours' THEN 1 END) as stale_equipment
        FROM locations l
        LEFT JOIN equipment e ON l.id = e.location_id
       GROUP BY l.id, l.name
2025-06-24T12:07:00.589Z [ERROR] Error detecting power outage: column e.updated_at does not exist
2025-06-24T12:07:00.591Z [ERROR] SQL error after 93ms: column em.created_at does not exist
2025-06-24T12:07:00.592Z [ERROR] Failed query: 
        SELECT 
          e.id,
          e.name,
          e.type,
          e.status,
          e.location_id,
          l.name as location_name,
          EXTRACT(days FROM (NOW() - e.updated_at)) as days_since_update,
          COUNT(em.id) as recent_maintenance
        FROM equipment e
        JOIN locations l ON e.location_id = l.id
        LEFT JOIN equipment_maintenance em ON e.id = em.equipment_id 
          AND em.created_at >= NOW() - INTERVAL '30 days'
      
        GROUP BY e.id, e.name, e.type, e.status, e.location_id, l.name, e.updated_at
        HAVING e.status = 'OUT_OF_SERVICE' 
          OR EXTRACT(days FROM (NOW() - e.updated_at)) > 7
        ORDER BY days_since_update DESC
      
2025-06-24T12:07:00.593Z [ERROR] Error detecting equipment failures: column em.created_at does not exist
2025-06-24T12:07:00.593Z [ERROR] SQL error after 95ms: column o.id does not exist
2025-06-24T12:07:00.594Z [ERROR] Failed query: 
        SELECT 
          t.id,
          t.status,
          t.location_id,
          l.name as location_name,
          o.id as order_id,
          EXTRACT(hours FROM (NOW() - t.created_at)) as hours_since_created,
          EXTRACT(hours FROM (NOW() - t.updated_at)) as hours_since_updated
        FROM transports t
        JOIN orders o ON t.order_id = o.id
        JOIN locations l ON t.location_id = l.id
        WHERE t.status IN ('PENDING', 'IN_PROGRESS')
       ORDER BY t.created_at ASC
2025-06-24T12:07:00.594Z [ERROR] Error detecting transport issues: column o.id does not exist
2025-06-24T12:07:00.595Z [INFO] Exception detection completed: 0 issues found
2025-06-24T12:07:00.595Z [INFO] Exception detection completed: 0 total issues found
2025-06-24T12:07:00.595Z [INFO] - Staff issues: 0
2025-06-24T12:07:00.596Z [INFO] - Power issues: 0
2025-06-24T12:07:00.596Z [INFO] - Equipment issues: 0
2025-06-24T12:07:00.596Z [INFO] - Transport issues: 0
2025-06-24T12:07:00.596Z [INFO] Creating notification: SYSTEM_STATUS_OK - LOW - All systems operational - no critical issues detected
2025-06-24T12:07:00.597Z [ERROR] Failed to send notification via websocket: WebSocket notification failed: broadcastToAllClients is not a function
2025-06-24T12:07:00.597Z [INFO] Exception detection completed successfully in 100ms
2025-06-24T12:07:00.597Z [INFO] Scheduler: Job 'exceptionDetection' completed, next run: Tue Jun 24 2025 15:08:00 GMT+0300 (Ora de vară a Europei de Est)
2025-06-24T12:09:00.422Z [INFO] Scheduler: Running job 'checkEquipmentStatus'
2025-06-24T12:09:00.424Z [INFO] CheckEquipmentStatus: Starting equipment monitoring job
2025-06-24T12:09:00.425Z [INFO] Starting equipment status check...
2025-06-24T12:09:00.502Z [ERROR] Error checking equipment status:
2025-06-24T12:09:00.503Z [ERROR] CheckEquipmentStatus: Job failed
2025-06-24T12:09:00.503Z [INFO] Scheduler: Job 'checkEquipmentStatus' completed, next run: Tue Jun 24 2025 15:10:00 GMT+0300 (Ora de vară a Europei de Est)
2025-06-24T12:09:00.504Z [INFO] Scheduler: Running job 'updateWeatherData'
2025-06-24T12:09:00.504Z [INFO] Starting weather data update job...
2025-06-24T12:09:00.505Z [INFO] Starting weather data update for all locations...
2025-06-24T12:09:00.508Z [ERROR] Error updating weather data:
2025-06-24T12:09:00.509Z [ERROR] Weather data update job failed:
2025-06-24T12:09:00.509Z [INFO] Scheduler: Job 'updateWeatherData' completed, next run: Tue Jun 24 2025 15:10:00 GMT+0300 (Ora de vară a Europei de Est)
2025-06-24T12:09:00.510Z [INFO] Scheduler: Running job 'exceptionDetection'
2025-06-24T12:09:00.510Z [INFO] Starting automated exception detection...
2025-06-24T12:09:00.510Z [INFO] Running comprehensive exception detection...
2025-06-24T12:09:00.514Z [ERROR] Error detecting staff unavailability: result.rows is not iterable
2025-06-24T12:09:00.592Z [ERROR] SQL error after 81ms: column em.created_at does not exist
2025-06-24T12:09:00.592Z [ERROR] Failed query: 
        SELECT 
          e.id,
          e.name,
          e.type,
          e.status,
          e.location_id,
          l.name as location_name,
          EXTRACT(days FROM (NOW() - e.updated_at)) as days_since_update,
          COUNT(em.id) as recent_maintenance
        FROM equipment e
        JOIN locations l ON e.location_id = l.id
        LEFT JOIN equipment_maintenance em ON e.id = em.equipment_id 
          AND em.created_at >= NOW() - INTERVAL '30 days'
      
        GROUP BY e.id, e.name, e.type, e.status, e.location_id, l.name, e.updated_at
        HAVING e.status = 'OUT_OF_SERVICE' 
          OR EXTRACT(days FROM (NOW() - e.updated_at)) > 7
        ORDER BY days_since_update DESC
      
2025-06-24T12:09:00.594Z [ERROR] Error detecting equipment failures: column em.created_at does not exist
2025-06-24T12:09:00.595Z [ERROR] SQL error after 84ms: column o.id does not exist
2025-06-24T12:09:00.596Z [ERROR] Failed query: 
        SELECT 
          t.id,
          t.status,
          t.location_id,
          l.name as location_name,
          o.id as order_id,
          EXTRACT(hours FROM (NOW() - t.created_at)) as hours_since_created,
          EXTRACT(hours FROM (NOW() - t.updated_at)) as hours_since_updated
        FROM transports t
        JOIN orders o ON t.order_id = o.id
        JOIN locations l ON t.location_id = l.id
        WHERE t.status IN ('PENDING', 'IN_PROGRESS')
       ORDER BY t.created_at ASC
2025-06-24T12:09:00.597Z [ERROR] Error detecting transport issues: column o.id does not exist
2025-06-24T12:09:00.676Z [ERROR] SQL error after 165ms: column e.updated_at does not exist
2025-06-24T12:09:00.677Z [ERROR] Failed query: 
        SELECT 
          l.id as location_id,
          l.name as location_name,
          COUNT(e.id) as total_equipment,
          COUNT(CASE WHEN e.status = 'OUT_OF_SERVICE' THEN 1 END) as out_of_service,
          COUNT(CASE WHEN e.updated_at < NOW() - INTERVAL '2 hours' THEN 1 END) as stale_equipment
        FROM locations l
        LEFT JOIN equipment e ON l.id = e.location_id
       GROUP BY l.id, l.name
2025-06-24T12:09:00.677Z [ERROR] Error detecting power outage: column e.updated_at does not exist
2025-06-24T12:09:00.678Z [INFO] Exception detection completed: 0 issues found
2025-06-24T12:09:00.678Z [INFO] Exception detection completed: 0 total issues found
2025-06-24T12:09:00.678Z [INFO] - Staff issues: 0
2025-06-24T12:09:00.679Z [INFO] - Power issues: 0
2025-06-24T12:09:00.679Z [INFO] - Equipment issues: 0
2025-06-24T12:09:00.679Z [INFO] - Transport issues: 0
2025-06-24T12:09:00.680Z [INFO] Creating notification: SYSTEM_STATUS_OK - LOW - All systems operational - no critical issues detected
2025-06-24T12:09:00.680Z [ERROR] Failed to send notification via websocket: WebSocket notification failed: broadcastToAllClients is not a function
2025-06-24T12:09:00.681Z [INFO] Exception detection completed successfully in 171ms
2025-06-24T12:09:00.681Z [INFO] Scheduler: Job 'exceptionDetection' completed, next run: Tue Jun 24 2025 15:10:00 GMT+0300 (Ora de vară a Europei de Est)
2025-06-24T12:10:00.428Z [INFO] Scheduler: Running job 'expandRecurrences'
2025-06-24T12:10:00.429Z [INFO] ExpandRecurrences: Starting job
2025-06-24T12:10:00.490Z [INFO] ExpandRecurrences: Job completed, created 0 new recurring orders
2025-06-24T12:10:00.490Z [INFO] Scheduler: Job 'expandRecurrences' completed, next run: Tue Jun 24 2025 15:10:00 GMT+0300 (Ora de vară a Europei de Est)
2025-06-24T12:11:00.429Z [INFO] Scheduler: Running job 'expandRecurrences'
2025-06-24T12:11:00.431Z [INFO] ExpandRecurrences: Starting job
2025-06-24T12:11:00.501Z [INFO] ExpandRecurrences: Job completed, created 0 new recurring orders
2025-06-24T12:11:00.502Z [INFO] Scheduler: Job 'expandRecurrences' completed, next run: Tue Jun 24 2025 15:15:00 GMT+0300 (Ora de vară a Europei de Est)
2025-06-24T12:11:00.502Z [INFO] Scheduler: Running job 'checkEquipmentStatus'
2025-06-24T12:11:00.503Z [INFO] CheckEquipmentStatus: Starting equipment monitoring job
2025-06-24T12:11:00.503Z [INFO] Starting equipment status check...
2025-06-24T12:11:00.509Z [ERROR] Error checking equipment status:
2025-06-24T12:11:00.510Z [ERROR] CheckEquipmentStatus: Job failed
2025-06-24T12:11:00.510Z [INFO] Scheduler: Job 'checkEquipmentStatus' completed, next run: Tue Jun 24 2025 15:12:00 GMT+0300 (Ora de vară a Europei de Est)
2025-06-24T12:11:00.511Z [INFO] Scheduler: Running job 'updateWeatherData'
2025-06-24T12:11:00.511Z [INFO] Starting weather data update job...
2025-06-24T12:11:00.511Z [INFO] Starting weather data update for all locations...
2025-06-24T12:11:00.515Z [ERROR] Error updating weather data:
2025-06-24T12:11:00.516Z [ERROR] Weather data update job failed:
2025-06-24T12:11:00.517Z [INFO] Scheduler: Job 'updateWeatherData' completed, next run: Tue Jun 24 2025 15:12:00 GMT+0300 (Ora de vară a Europei de Est)
2025-06-24T12:11:00.517Z [INFO] Scheduler: Running job 'exceptionDetection'
2025-06-24T12:11:00.517Z [INFO] Starting automated exception detection...
2025-06-24T12:11:00.518Z [INFO] Running comprehensive exception detection...
2025-06-24T12:11:00.524Z [ERROR] Error detecting staff unavailability: result.rows is not iterable
2025-06-24T12:11:00.589Z [ERROR] SQL error after 70ms: column e.updated_at does not exist
2025-06-24T12:11:00.589Z [ERROR] Failed query: 
        SELECT 
          l.id as location_id,
          l.name as location_name,
          COUNT(e.id) as total_equipment,
          COUNT(CASE WHEN e.status = 'OUT_OF_SERVICE' THEN 1 END) as out_of_service,
          COUNT(CASE WHEN e.updated_at < NOW() - INTERVAL '2 hours' THEN 1 END) as stale_equipment
        FROM locations l
        LEFT JOIN equipment e ON l.id = e.location_id
       GROUP BY l.id, l.name
2025-06-24T12:11:00.590Z [ERROR] Error detecting power outage: column e.updated_at does not exist
2025-06-24T12:11:00.597Z [ERROR] SQL error after 78ms: column em.created_at does not exist
2025-06-24T12:11:00.598Z [ERROR] Failed query: 
        SELECT 
          e.id,
          e.name,
          e.type,
          e.status,
          e.location_id,
          l.name as location_name,
          EXTRACT(days FROM (NOW() - e.updated_at)) as days_since_update,
          COUNT(em.id) as recent_maintenance
        FROM equipment e
        JOIN locations l ON e.location_id = l.id
        LEFT JOIN equipment_maintenance em ON e.id = em.equipment_id 
          AND em.created_at >= NOW() - INTERVAL '30 days'
      
        GROUP BY e.id, e.name, e.type, e.status, e.location_id, l.name, e.updated_at
        HAVING e.status = 'OUT_OF_SERVICE' 
          OR EXTRACT(days FROM (NOW() - e.updated_at)) > 7
        ORDER BY days_since_update DESC
      
2025-06-24T12:11:00.599Z [ERROR] Error detecting equipment failures: column em.created_at does not exist
2025-06-24T12:11:00.606Z [ERROR] SQL error after 87ms: column o.id does not exist
2025-06-24T12:11:00.607Z [ERROR] Failed query: 
        SELECT 
          t.id,
          t.status,
          t.location_id,
          l.name as location_name,
          o.id as order_id,
          EXTRACT(hours FROM (NOW() - t.created_at)) as hours_since_created,
          EXTRACT(hours FROM (NOW() - t.updated_at)) as hours_since_updated
        FROM transports t
        JOIN orders o ON t.order_id = o.id
        JOIN locations l ON t.location_id = l.id
        WHERE t.status IN ('PENDING', 'IN_PROGRESS')
       ORDER BY t.created_at ASC
2025-06-24T12:11:00.607Z [ERROR] Error detecting transport issues: column o.id does not exist
2025-06-24T12:11:00.607Z [INFO] Exception detection completed: 0 issues found
2025-06-24T12:11:00.608Z [INFO] Exception detection completed: 0 total issues found
2025-06-24T12:11:00.608Z [INFO] - Staff issues: 0
2025-06-24T12:11:00.609Z [INFO] - Power issues: 0
2025-06-24T12:11:00.609Z [INFO] - Equipment issues: 0
2025-06-24T12:11:00.609Z [INFO] - Transport issues: 0
2025-06-24T12:11:00.610Z [INFO] Creating notification: SYSTEM_STATUS_OK - LOW - All systems operational - no critical issues detected
2025-06-24T12:11:00.610Z [ERROR] Failed to send notification via websocket: WebSocket notification failed: broadcastToAllClients is not a function
2025-06-24T12:11:00.611Z [INFO] Exception detection completed successfully in 94ms
2025-06-24T12:11:00.611Z [INFO] Scheduler: Job 'exceptionDetection' completed, next run: Tue Jun 24 2025 15:12:00 GMT+0300 (Ora de vară a Europei de Est)
2025-06-24T12:13:00.442Z [INFO] Scheduler: Running job 'checkEquipmentStatus'
2025-06-24T12:13:00.443Z [INFO] CheckEquipmentStatus: Starting equipment monitoring job
2025-06-24T12:13:00.444Z [INFO] Starting equipment status check...
2025-06-24T12:13:00.524Z [ERROR] Error checking equipment status:
2025-06-24T12:13:00.524Z [ERROR] CheckEquipmentStatus: Job failed
2025-06-24T12:13:00.525Z [INFO] Scheduler: Job 'checkEquipmentStatus' completed, next run: Tue Jun 24 2025 15:14:00 GMT+0300 (Ora de vară a Europei de Est)
2025-06-24T12:13:00.526Z [INFO] Scheduler: Running job 'updateWeatherData'
2025-06-24T12:13:00.527Z [INFO] Starting weather data update job...
2025-06-24T12:13:00.527Z [INFO] Starting weather data update for all locations...
2025-06-24T12:13:00.532Z [ERROR] Error updating weather data:
2025-06-24T12:13:00.533Z [ERROR] Weather data update job failed:
2025-06-24T12:13:00.534Z [INFO] Scheduler: Job 'updateWeatherData' completed, next run: Tue Jun 24 2025 15:14:00 GMT+0300 (Ora de vară a Europei de Est)
2025-06-24T12:13:00.534Z [INFO] Scheduler: Running job 'exceptionDetection'
2025-06-24T12:13:00.535Z [INFO] Starting automated exception detection...
2025-06-24T12:13:00.535Z [INFO] Running comprehensive exception detection...
2025-06-24T12:13:00.540Z [ERROR] Error detecting staff unavailability: result.rows is not iterable
2025-06-24T12:13:00.616Z [ERROR] SQL error after 80ms: column em.created_at does not exist
2025-06-24T12:13:00.617Z [ERROR] Failed query: 
        SELECT 
          e.id,
          e.name,
          e.type,
          e.status,
          e.location_id,
          l.name as location_name,
          EXTRACT(days FROM (NOW() - e.updated_at)) as days_since_update,
          COUNT(em.id) as recent_maintenance
        FROM equipment e
        JOIN locations l ON e.location_id = l.id
        LEFT JOIN equipment_maintenance em ON e.id = em.equipment_id 
          AND em.created_at >= NOW() - INTERVAL '30 days'
      
        GROUP BY e.id, e.name, e.type, e.status, e.location_id, l.name, e.updated_at
        HAVING e.status = 'OUT_OF_SERVICE' 
          OR EXTRACT(days FROM (NOW() - e.updated_at)) > 7
        ORDER BY days_since_update DESC
      
2025-06-24T12:13:00.618Z [ERROR] Error detecting equipment failures: column em.created_at does not exist
2025-06-24T12:13:00.626Z [ERROR] SQL error after 90ms: column e.updated_at does not exist
2025-06-24T12:13:00.627Z [ERROR] Failed query: 
        SELECT 
          l.id as location_id,
          l.name as location_name,
          COUNT(e.id) as total_equipment,
          COUNT(CASE WHEN e.status = 'OUT_OF_SERVICE' THEN 1 END) as out_of_service,
          COUNT(CASE WHEN e.updated_at < NOW() - INTERVAL '2 hours' THEN 1 END) as stale_equipment
        FROM locations l
        LEFT JOIN equipment e ON l.id = e.location_id
       GROUP BY l.id, l.name
2025-06-24T12:13:00.627Z [ERROR] Error detecting power outage: column e.updated_at does not exist
2025-06-24T12:13:00.628Z [ERROR] SQL error after 92ms: column o.id does not exist
2025-06-24T12:13:00.628Z [ERROR] Failed query: 
        SELECT 
          t.id,
          t.status,
          t.location_id,
          l.name as location_name,
          o.id as order_id,
          EXTRACT(hours FROM (NOW() - t.created_at)) as hours_since_created,
          EXTRACT(hours FROM (NOW() - t.updated_at)) as hours_since_updated
        FROM transports t
        JOIN orders o ON t.order_id = o.id
        JOIN locations l ON t.location_id = l.id
        WHERE t.status IN ('PENDING', 'IN_PROGRESS')
       ORDER BY t.created_at ASC
2025-06-24T12:13:00.629Z [ERROR] Error detecting transport issues: column o.id does not exist
2025-06-24T12:13:00.630Z [INFO] Exception detection completed: 0 issues found
2025-06-24T12:13:00.630Z [INFO] Exception detection completed: 0 total issues found
2025-06-24T12:13:00.630Z [INFO] - Staff issues: 0
2025-06-24T12:13:00.631Z [INFO] - Power issues: 0
2025-06-24T12:13:00.631Z [INFO] - Equipment issues: 0
2025-06-24T12:13:00.632Z [INFO] - Transport issues: 0
2025-06-24T12:13:00.632Z [INFO] Creating notification: SYSTEM_STATUS_OK - LOW - All systems operational - no critical issues detected
2025-06-24T12:13:00.633Z [ERROR] Failed to send notification via websocket: WebSocket notification failed: broadcastToAllClients is not a function
2025-06-24T12:13:00.634Z [INFO] Exception detection completed successfully in 99ms
2025-06-24T12:13:00.634Z [INFO] Scheduler: Job 'exceptionDetection' completed, next run: Tue Jun 24 2025 15:14:00 GMT+0300 (Ora de vară a Europei de Est)
2025-06-24T12:15:00.463Z [INFO] Scheduler: Running job 'expandRecurrences'
2025-06-24T12:15:00.464Z [INFO] ExpandRecurrences: Starting job
2025-06-24T12:15:00.551Z [INFO] ExpandRecurrences: Job completed, created 0 new recurring orders
2025-06-24T12:15:00.552Z [INFO] Scheduler: Job 'expandRecurrences' completed, next run: Tue Jun 24 2025 15:15:00 GMT+0300 (Ora de vară a Europei de Est)
2025-06-24T12:15:00.553Z [INFO] Scheduler: Running job 'checkEquipmentStatus'
2025-06-24T12:15:00.553Z [INFO] CheckEquipmentStatus: Starting equipment monitoring job
2025-06-24T12:15:00.553Z [INFO] Starting equipment status check...
2025-06-24T12:15:00.560Z [ERROR] Error checking equipment status:
2025-06-24T12:15:00.561Z [ERROR] CheckEquipmentStatus: Job failed
2025-06-24T12:15:00.561Z [INFO] Scheduler: Job 'checkEquipmentStatus' completed, next run: Tue Jun 24 2025 15:16:00 GMT+0300 (Ora de vară a Europei de Est)
2025-06-24T12:15:00.561Z [INFO] Scheduler: Running job 'updateWeatherData'
2025-06-24T12:15:00.562Z [INFO] Starting weather data update job...
2025-06-24T12:15:00.562Z [INFO] Starting weather data update for all locations...
2025-06-24T12:15:00.567Z [ERROR] Error updating weather data:
2025-06-24T12:15:00.567Z [ERROR] Weather data update job failed:
2025-06-24T12:15:00.568Z [INFO] Scheduler: Job 'updateWeatherData' completed, next run: Tue Jun 24 2025 15:16:00 GMT+0300 (Ora de vară a Europei de Est)
2025-06-24T12:15:00.568Z [INFO] Scheduler: Running job 'exceptionDetection'
2025-06-24T12:15:00.569Z [INFO] Starting automated exception detection...
2025-06-24T12:15:00.569Z [INFO] Running comprehensive exception detection...
2025-06-24T12:15:00.574Z [ERROR] Error detecting staff unavailability: result.rows is not iterable
2025-06-24T12:15:00.651Z [ERROR] SQL error after 82ms: column e.updated_at does not exist
2025-06-24T12:15:00.651Z [ERROR] Failed query: 
        SELECT 
          l.id as location_id,
          l.name as location_name,
          COUNT(e.id) as total_equipment,
          COUNT(CASE WHEN e.status = 'OUT_OF_SERVICE' THEN 1 END) as out_of_service,
          COUNT(CASE WHEN e.updated_at < NOW() - INTERVAL '2 hours' THEN 1 END) as stale_equipment
        FROM locations l
        LEFT JOIN equipment e ON l.id = e.location_id
       GROUP BY l.id, l.name
2025-06-24T12:15:00.652Z [ERROR] Error detecting power outage: column e.updated_at does not exist
2025-06-24T12:15:00.656Z [ERROR] SQL error after 87ms: column em.created_at does not exist
2025-06-24T12:15:00.656Z [ERROR] Failed query: 
        SELECT 
          e.id,
          e.name,
          e.type,
          e.status,
          e.location_id,
          l.name as location_name,
          EXTRACT(days FROM (NOW() - e.updated_at)) as days_since_update,
          COUNT(em.id) as recent_maintenance
        FROM equipment e
        JOIN locations l ON e.location_id = l.id
        LEFT JOIN equipment_maintenance em ON e.id = em.equipment_id 
          AND em.created_at >= NOW() - INTERVAL '30 days'
      
        GROUP BY e.id, e.name, e.type, e.status, e.location_id, l.name, e.updated_at
        HAVING e.status = 'OUT_OF_SERVICE' 
          OR EXTRACT(days FROM (NOW() - e.updated_at)) > 7
        ORDER BY days_since_update DESC
      
2025-06-24T12:15:00.657Z [ERROR] Error detecting equipment failures: column em.created_at does not exist
2025-06-24T12:15:00.660Z [ERROR] SQL error after 90ms: column o.id does not exist
2025-06-24T12:15:00.660Z [ERROR] Failed query: 
        SELECT 
          t.id,
          t.status,
          t.location_id,
          l.name as location_name,
          o.id as order_id,
          EXTRACT(hours FROM (NOW() - t.created_at)) as hours_since_created,
          EXTRACT(hours FROM (NOW() - t.updated_at)) as hours_since_updated
        FROM transports t
        JOIN orders o ON t.order_id = o.id
        JOIN locations l ON t.location_id = l.id
        WHERE t.status IN ('PENDING', 'IN_PROGRESS')
       ORDER BY t.created_at ASC
2025-06-24T12:15:00.661Z [ERROR] Error detecting transport issues: column o.id does not exist
2025-06-24T12:15:00.661Z [INFO] Exception detection completed: 0 issues found
2025-06-24T12:15:00.662Z [INFO] Exception detection completed: 0 total issues found
2025-06-24T12:15:00.662Z [INFO] - Staff issues: 0
2025-06-24T12:15:00.662Z [INFO] - Power issues: 0
2025-06-24T12:15:00.663Z [INFO] - Equipment issues: 0
2025-06-24T12:15:00.663Z [INFO] - Transport issues: 0
2025-06-24T12:15:00.664Z [INFO] Creating notification: SYSTEM_STATUS_OK - LOW - All systems operational - no critical issues detected
2025-06-24T12:15:00.664Z [ERROR] Failed to send notification via websocket: WebSocket notification failed: broadcastToAllClients is not a function
2025-06-24T12:15:00.665Z [INFO] Exception detection completed successfully in 96ms
2025-06-24T12:15:00.665Z [INFO] Scheduler: Job 'exceptionDetection' completed, next run: Tue Jun 24 2025 15:16:00 GMT+0300 (Ora de vară a Europei de Est)
2025-06-24T12:16:00.473Z [INFO] Scheduler: Running job 'expandRecurrences'
2025-06-24T12:16:00.475Z [INFO] ExpandRecurrences: Starting job
2025-06-24T12:16:00.564Z [INFO] ExpandRecurrences: Job completed, created 0 new recurring orders
2025-06-24T12:16:00.564Z [INFO] Scheduler: Job 'expandRecurrences' completed, next run: Tue Jun 24 2025 15:20:00 GMT+0300 (Ora de vară a Europei de Est)
2025-06-24T12:17:00.487Z [INFO] Scheduler: Running job 'checkEquipmentStatus'
2025-06-24T12:17:00.488Z [INFO] CheckEquipmentStatus: Starting equipment monitoring job
2025-06-24T12:17:00.489Z [INFO] Starting equipment status check...
2025-06-24T12:17:00.575Z [ERROR] Error checking equipment status:
2025-06-24T12:17:00.576Z [ERROR] CheckEquipmentStatus: Job failed
2025-06-24T12:17:00.576Z [INFO] Scheduler: Job 'checkEquipmentStatus' completed, next run: Tue Jun 24 2025 15:18:00 GMT+0300 (Ora de vară a Europei de Est)
2025-06-24T12:17:00.577Z [INFO] Scheduler: Running job 'updateWeatherData'
2025-06-24T12:17:00.577Z [INFO] Starting weather data update job...
2025-06-24T12:17:00.578Z [INFO] Starting weather data update for all locations...
2025-06-24T12:17:00.582Z [ERROR] Error updating weather data:
2025-06-24T12:17:00.583Z [ERROR] Weather data update job failed:
2025-06-24T12:17:00.583Z [INFO] Scheduler: Job 'updateWeatherData' completed, next run: Tue Jun 24 2025 15:18:00 GMT+0300 (Ora de vară a Europei de Est)
2025-06-24T12:17:00.584Z [INFO] Scheduler: Running job 'exceptionDetection'
2025-06-24T12:17:00.584Z [INFO] Starting automated exception detection...
2025-06-24T12:17:00.585Z [INFO] Running comprehensive exception detection...
2025-06-24T12:17:00.590Z [ERROR] Error detecting staff unavailability: result.rows is not iterable
2025-06-24T12:17:00.683Z [ERROR] SQL error after 98ms: column e.updated_at does not exist
2025-06-24T12:17:00.684Z [ERROR] Failed query: 
        SELECT 
          l.id as location_id,
          l.name as location_name,
          COUNT(e.id) as total_equipment,
          COUNT(CASE WHEN e.status = 'OUT_OF_SERVICE' THEN 1 END) as out_of_service,
          COUNT(CASE WHEN e.updated_at < NOW() - INTERVAL '2 hours' THEN 1 END) as stale_equipment
        FROM locations l
        LEFT JOIN equipment e ON l.id = e.location_id
       GROUP BY l.id, l.name
2025-06-24T12:17:00.685Z [ERROR] Error detecting power outage: column e.updated_at does not exist
2025-06-24T12:17:00.686Z [ERROR] SQL error after 101ms: column o.id does not exist
2025-06-24T12:17:00.687Z [ERROR] Failed query: 
        SELECT 
          t.id,
          t.status,
          t.location_id,
          l.name as location_name,
          o.id as order_id,
          EXTRACT(hours FROM (NOW() - t.created_at)) as hours_since_created,
          EXTRACT(hours FROM (NOW() - t.updated_at)) as hours_since_updated
        FROM transports t
        JOIN orders o ON t.order_id = o.id
        JOIN locations l ON t.location_id = l.id
        WHERE t.status IN ('PENDING', 'IN_PROGRESS')
       ORDER BY t.created_at ASC
2025-06-24T12:17:00.688Z [ERROR] Error detecting transport issues: column o.id does not exist
2025-06-24T12:17:00.766Z [ERROR] SQL error after 181ms: column em.created_at does not exist
2025-06-24T12:17:00.767Z [ERROR] Failed query: 
        SELECT 
          e.id,
          e.name,
          e.type,
          e.status,
          e.location_id,
          l.name as location_name,
          EXTRACT(days FROM (NOW() - e.updated_at)) as days_since_update,
          COUNT(em.id) as recent_maintenance
        FROM equipment e
        JOIN locations l ON e.location_id = l.id
        LEFT JOIN equipment_maintenance em ON e.id = em.equipment_id 
          AND em.created_at >= NOW() - INTERVAL '30 days'
      
        GROUP BY e.id, e.name, e.type, e.status, e.location_id, l.name, e.updated_at
        HAVING e.status = 'OUT_OF_SERVICE' 
          OR EXTRACT(days FROM (NOW() - e.updated_at)) > 7
        ORDER BY days_since_update DESC
      
2025-06-24T12:17:00.768Z [ERROR] Error detecting equipment failures: column em.created_at does not exist
2025-06-24T12:17:00.768Z [INFO] Exception detection completed: 0 issues found
2025-06-24T12:17:00.769Z [INFO] Exception detection completed: 0 total issues found
2025-06-24T12:17:00.769Z [INFO] - Staff issues: 0
2025-06-24T12:17:00.770Z [INFO] - Power issues: 0
2025-06-24T12:17:00.770Z [INFO] - Equipment issues: 0
2025-06-24T12:17:00.770Z [INFO] - Transport issues: 0
2025-06-24T12:17:00.771Z [INFO] Creating notification: SYSTEM_STATUS_OK - LOW - All systems operational - no critical issues detected
2025-06-24T12:17:00.772Z [ERROR] Failed to send notification via websocket: WebSocket notification failed: broadcastToAllClients is not a function
2025-06-24T12:17:00.772Z [INFO] Exception detection completed successfully in 188ms
2025-06-24T12:17:00.773Z [INFO] Scheduler: Job 'exceptionDetection' completed, next run: Tue Jun 24 2025 15:18:00 GMT+0300 (Ora de vară a Europei de Est)
2025-06-24T12:19:00.508Z [INFO] Scheduler: Running job 'checkEquipmentStatus'
2025-06-24T12:19:00.509Z [INFO] CheckEquipmentStatus: Starting equipment monitoring job
2025-06-24T12:19:00.510Z [INFO] Starting equipment status check...
2025-06-24T12:19:00.586Z [ERROR] Error checking equipment status:
2025-06-24T12:19:00.586Z [ERROR] CheckEquipmentStatus: Job failed
2025-06-24T12:19:00.586Z [INFO] Scheduler: Job 'checkEquipmentStatus' completed, next run: Tue Jun 24 2025 15:20:00 GMT+0300 (Ora de vară a Europei de Est)
2025-06-24T12:19:00.587Z [INFO] Scheduler: Running job 'updateWeatherData'
2025-06-24T12:19:00.587Z [INFO] Starting weather data update job...
2025-06-24T12:19:00.587Z [INFO] Starting weather data update for all locations...
2025-06-24T12:19:00.590Z [ERROR] Error updating weather data:
2025-06-24T12:19:00.590Z [ERROR] Weather data update job failed:
2025-06-24T12:19:00.591Z [INFO] Scheduler: Job 'updateWeatherData' completed, next run: Tue Jun 24 2025 15:20:00 GMT+0300 (Ora de vară a Europei de Est)
2025-06-24T12:19:00.591Z [INFO] Scheduler: Running job 'exceptionDetection'
2025-06-24T12:19:00.592Z [INFO] Starting automated exception detection...
2025-06-24T12:19:00.592Z [INFO] Running comprehensive exception detection...
2025-06-24T12:19:00.596Z [ERROR] Error detecting staff unavailability: result.rows is not iterable
2025-06-24T12:19:00.669Z [ERROR] SQL error after 77ms: column em.created_at does not exist
2025-06-24T12:19:00.670Z [ERROR] Failed query: 
        SELECT 
          e.id,
          e.name,
          e.type,
          e.status,
          e.location_id,
          l.name as location_name,
          EXTRACT(days FROM (NOW() - e.updated_at)) as days_since_update,
          COUNT(em.id) as recent_maintenance
        FROM equipment e
        JOIN locations l ON e.location_id = l.id
        LEFT JOIN equipment_maintenance em ON e.id = em.equipment_id 
          AND em.created_at >= NOW() - INTERVAL '30 days'
      
        GROUP BY e.id, e.name, e.type, e.status, e.location_id, l.name, e.updated_at
        HAVING e.status = 'OUT_OF_SERVICE' 
          OR EXTRACT(days FROM (NOW() - e.updated_at)) > 7
        ORDER BY days_since_update DESC
      
2025-06-24T12:19:00.671Z [ERROR] Error detecting equipment failures: column em.created_at does not exist
2025-06-24T12:19:00.678Z [ERROR] SQL error after 86ms: column o.id does not exist
2025-06-24T12:19:00.679Z [ERROR] Failed query: 
        SELECT 
          t.id,
          t.status,
          t.location_id,
          l.name as location_name,
          o.id as order_id,
          EXTRACT(hours FROM (NOW() - t.created_at)) as hours_since_created,
          EXTRACT(hours FROM (NOW() - t.updated_at)) as hours_since_updated
        FROM transports t
        JOIN orders o ON t.order_id = o.id
        JOIN locations l ON t.location_id = l.id
        WHERE t.status IN ('PENDING', 'IN_PROGRESS')
       ORDER BY t.created_at ASC
2025-06-24T12:19:00.679Z [ERROR] Error detecting transport issues: column o.id does not exist
2025-06-24T12:19:00.680Z [ERROR] SQL error after 88ms: column e.updated_at does not exist
2025-06-24T12:19:00.681Z [ERROR] Failed query: 
        SELECT 
          l.id as location_id,
          l.name as location_name,
          COUNT(e.id) as total_equipment,
          COUNT(CASE WHEN e.status = 'OUT_OF_SERVICE' THEN 1 END) as out_of_service,
          COUNT(CASE WHEN e.updated_at < NOW() - INTERVAL '2 hours' THEN 1 END) as stale_equipment
        FROM locations l
        LEFT JOIN equipment e ON l.id = e.location_id
       GROUP BY l.id, l.name
2025-06-24T12:19:00.681Z [ERROR] Error detecting power outage: column e.updated_at does not exist
2025-06-24T12:19:00.682Z [INFO] Exception detection completed: 0 issues found
2025-06-24T12:19:00.682Z [INFO] Exception detection completed: 0 total issues found
2025-06-24T12:19:00.682Z [INFO] - Staff issues: 0
2025-06-24T12:19:00.683Z [INFO] - Power issues: 0
2025-06-24T12:19:00.683Z [INFO] - Equipment issues: 0
2025-06-24T12:19:00.683Z [INFO] - Transport issues: 0
2025-06-24T12:19:00.683Z [INFO] Creating notification: SYSTEM_STATUS_OK - LOW - All systems operational - no critical issues detected
2025-06-24T12:19:00.684Z [ERROR] Failed to send notification via websocket: WebSocket notification failed: broadcastToAllClients is not a function
2025-06-24T12:19:00.684Z [INFO] Exception detection completed successfully in 92ms
2025-06-24T12:19:00.685Z [INFO] Scheduler: Job 'exceptionDetection' completed, next run: Tue Jun 24 2025 15:20:00 GMT+0300 (Ora de vară a Europei de Est)
2025-06-24T12:20:00.515Z [INFO] Scheduler: Running job 'expandRecurrences'
2025-06-24T12:20:00.516Z [INFO] ExpandRecurrences: Starting job
2025-06-24T12:20:00.595Z [INFO] ExpandRecurrences: Job completed, created 0 new recurring orders
2025-06-24T12:20:00.596Z [INFO] Scheduler: Job 'expandRecurrences' completed, next run: Tue Jun 24 2025 15:20:00 GMT+0300 (Ora de vară a Europei de Est)
2025-06-24T12:21:00.528Z [INFO] Scheduler: Running job 'expandRecurrences'
2025-06-24T12:21:00.533Z [INFO] ExpandRecurrences: Starting job
2025-06-24T12:21:00.600Z [INFO] ExpandRecurrences: Job completed, created 0 new recurring orders
2025-06-24T12:21:00.601Z [INFO] Scheduler: Job 'expandRecurrences' completed, next run: Tue Jun 24 2025 15:25:00 GMT+0300 (Ora de vară a Europei de Est)
2025-06-24T12:21:00.601Z [INFO] Scheduler: Running job 'checkEquipmentStatus'
2025-06-24T12:21:00.601Z [INFO] CheckEquipmentStatus: Starting equipment monitoring job
2025-06-24T12:21:00.602Z [INFO] Starting equipment status check...
2025-06-24T12:21:00.606Z [ERROR] Error checking equipment status:
2025-06-24T12:21:00.607Z [ERROR] CheckEquipmentStatus: Job failed
2025-06-24T12:21:00.608Z [INFO] Scheduler: Job 'checkEquipmentStatus' completed, next run: Tue Jun 24 2025 15:22:00 GMT+0300 (Ora de vară a Europei de Est)
2025-06-24T12:21:00.608Z [INFO] Scheduler: Running job 'updateWeatherData'
2025-06-24T12:21:00.608Z [INFO] Starting weather data update job...
2025-06-24T12:21:00.609Z [INFO] Starting weather data update for all locations...
2025-06-24T12:21:00.613Z [ERROR] Error updating weather data:
2025-06-24T12:21:00.613Z [ERROR] Weather data update job failed:
2025-06-24T12:21:00.614Z [INFO] Scheduler: Job 'updateWeatherData' completed, next run: Tue Jun 24 2025 15:22:00 GMT+0300 (Ora de vară a Europei de Est)
2025-06-24T12:21:00.614Z [INFO] Scheduler: Running job 'exceptionDetection'
2025-06-24T12:21:00.615Z [INFO] Starting automated exception detection...
2025-06-24T12:21:00.615Z [INFO] Running comprehensive exception detection...
2025-06-24T12:21:00.619Z [ERROR] Error detecting staff unavailability: result.rows is not iterable
2025-06-24T12:21:00.696Z [ERROR] SQL error after 80ms: column e.updated_at does not exist
2025-06-24T12:21:00.696Z [ERROR] Failed query: 
        SELECT 
          l.id as location_id,
          l.name as location_name,
          COUNT(e.id) as total_equipment,
          COUNT(CASE WHEN e.status = 'OUT_OF_SERVICE' THEN 1 END) as out_of_service,
          COUNT(CASE WHEN e.updated_at < NOW() - INTERVAL '2 hours' THEN 1 END) as stale_equipment
        FROM locations l
        LEFT JOIN equipment e ON l.id = e.location_id
       GROUP BY l.id, l.name
2025-06-24T12:21:00.697Z [ERROR] Error detecting power outage: column e.updated_at does not exist
2025-06-24T12:21:00.700Z [ERROR] SQL error after 84ms: column em.created_at does not exist
2025-06-24T12:21:00.701Z [ERROR] Failed query: 
        SELECT 
          e.id,
          e.name,
          e.type,
          e.status,
          e.location_id,
          l.name as location_name,
          EXTRACT(days FROM (NOW() - e.updated_at)) as days_since_update,
          COUNT(em.id) as recent_maintenance
        FROM equipment e
        JOIN locations l ON e.location_id = l.id
        LEFT JOIN equipment_maintenance em ON e.id = em.equipment_id 
          AND em.created_at >= NOW() - INTERVAL '30 days'
      
        GROUP BY e.id, e.name, e.type, e.status, e.location_id, l.name, e.updated_at
        HAVING e.status = 'OUT_OF_SERVICE' 
          OR EXTRACT(days FROM (NOW() - e.updated_at)) > 7
        ORDER BY days_since_update DESC
      
2025-06-24T12:21:00.702Z [ERROR] Error detecting equipment failures: column em.created_at does not exist
2025-06-24T12:21:00.707Z [ERROR] SQL error after 91ms: column o.id does not exist
2025-06-24T12:21:00.707Z [ERROR] Failed query: 
        SELECT 
          t.id,
          t.status,
          t.location_id,
          l.name as location_name,
          o.id as order_id,
          EXTRACT(hours FROM (NOW() - t.created_at)) as hours_since_created,
          EXTRACT(hours FROM (NOW() - t.updated_at)) as hours_since_updated
        FROM transports t
        JOIN orders o ON t.order_id = o.id
        JOIN locations l ON t.location_id = l.id
        WHERE t.status IN ('PENDING', 'IN_PROGRESS')
       ORDER BY t.created_at ASC
2025-06-24T12:21:00.708Z [ERROR] Error detecting transport issues: column o.id does not exist
2025-06-24T12:21:00.708Z [INFO] Exception detection completed: 0 issues found
2025-06-24T12:21:00.709Z [INFO] Exception detection completed: 0 total issues found
2025-06-24T12:21:00.709Z [INFO] - Staff issues: 0
2025-06-24T12:21:00.710Z [INFO] - Power issues: 0
2025-06-24T12:21:00.711Z [INFO] - Equipment issues: 0
2025-06-24T12:21:00.711Z [INFO] - Transport issues: 0
2025-06-24T12:21:00.712Z [INFO] Creating notification: SYSTEM_STATUS_OK - LOW - All systems operational - no critical issues detected
2025-06-24T12:21:00.713Z [ERROR] Failed to send notification via websocket: WebSocket notification failed: broadcastToAllClients is not a function
2025-06-24T12:21:00.713Z [INFO] Exception detection completed successfully in 98ms
2025-06-24T12:21:00.714Z [INFO] Scheduler: Job 'exceptionDetection' completed, next run: Tue Jun 24 2025 15:22:00 GMT+0300 (Ora de vară a Europei de Est)
2025-06-24T12:30:57.781Z [INFO] Scheduler: Running job 'expandRecurrences'
2025-06-24T12:30:57.808Z [INFO] ExpandRecurrences: Starting job
2025-06-24T12:30:58.449Z [INFO] ExpandRecurrences: Job completed, created 0 new recurring orders
2025-06-24T12:30:58.450Z [INFO] Scheduler: Job 'expandRecurrences' completed, next run: Tue Jun 24 2025 15:30:00 GMT+0300 (Ora de vară a Europei de Est)
2025-06-24T12:30:58.451Z [INFO] Scheduler: Running job 'checkEquipmentStatus'
2025-06-24T12:30:58.452Z [INFO] CheckEquipmentStatus: Starting equipment monitoring job
2025-06-24T12:30:58.453Z [INFO] Starting equipment status check...
2025-06-24T12:30:58.473Z [ERROR] Error checking equipment status:
2025-06-24T12:30:58.482Z [ERROR] CheckEquipmentStatus: Job failed
2025-06-24T12:30:58.494Z [INFO] Scheduler: Job 'checkEquipmentStatus' completed, next run: Tue Jun 24 2025 15:31:58 GMT+0300 (Ora de vară a Europei de Est)
2025-06-24T12:30:58.502Z [INFO] Scheduler: Running job 'updateWeatherData'
2025-06-24T12:30:58.508Z [INFO] Starting weather data update job...
2025-06-24T12:30:58.523Z [INFO] Starting weather data update for all locations...
2025-06-24T12:30:58.555Z [ERROR] Error updating weather data:
2025-06-24T12:30:58.557Z [ERROR] Weather data update job failed:
2025-06-24T12:30:58.557Z [INFO] Scheduler: Job 'updateWeatherData' completed, next run: Tue Jun 24 2025 15:31:58 GMT+0300 (Ora de vară a Europei de Est)
2025-06-24T12:30:58.558Z [INFO] Scheduler: Running job 'exceptionDetection'
2025-06-24T12:30:58.559Z [INFO] Starting automated exception detection...
2025-06-24T12:30:58.564Z [INFO] Running comprehensive exception detection...
2025-06-24T12:30:58.589Z [ERROR] Error detecting staff unavailability: result.rows is not iterable
2025-06-24T12:30:58.835Z [ERROR] SQL error after 261ms: column e.updated_at does not exist
2025-06-24T12:30:58.836Z [ERROR] Failed query: 
        SELECT 
          l.id as location_id,
          l.name as location_name,
          COUNT(e.id) as total_equipment,
          COUNT(CASE WHEN e.status = 'OUT_OF_SERVICE' THEN 1 END) as out_of_service,
          COUNT(CASE WHEN e.updated_at < NOW() - INTERVAL '2 hours' THEN 1 END) as stale_equipment
        FROM locations l
        LEFT JOIN equipment e ON l.id = e.location_id
       GROUP BY l.id, l.name
2025-06-24T12:30:58.836Z [ERROR] Error detecting power outage: column e.updated_at does not exist
2025-06-24T12:30:58.904Z [ERROR] SQL error after 330ms: column em.created_at does not exist
2025-06-24T12:30:58.905Z [ERROR] Failed query: 
        SELECT 
          e.id,
          e.name,
          e.type,
          e.status,
          e.location_id,
          l.name as location_name,
          EXTRACT(days FROM (NOW() - e.updated_at)) as days_since_update,
          COUNT(em.id) as recent_maintenance
        FROM equipment e
        JOIN locations l ON e.location_id = l.id
        LEFT JOIN equipment_maintenance em ON e.id = em.equipment_id 
          AND em.created_at >= NOW() - INTERVAL '30 days'
      
        GROUP BY e.id, e.name, e.type, e.status, e.location_id, l.name, e.updated_at
        HAVING e.status = 'OUT_OF_SERVICE' 
          OR EXTRACT(days FROM (NOW() - e.updated_at)) > 7
        ORDER BY days_since_update DESC
      
2025-06-24T12:30:58.906Z [ERROR] Error detecting equipment failures: column em.created_at does not exist
2025-06-24T12:30:58.994Z [ERROR] SQL error after 419ms: column o.id does not exist
2025-06-24T12:30:58.994Z [ERROR] Failed query: 
        SELECT 
          t.id,
          t.status,
          t.location_id,
          l.name as location_name,
          o.id as order_id,
          EXTRACT(hours FROM (NOW() - t.created_at)) as hours_since_created,
          EXTRACT(hours FROM (NOW() - t.updated_at)) as hours_since_updated
        FROM transports t
        JOIN orders o ON t.order_id = o.id
        JOIN locations l ON t.location_id = l.id
        WHERE t.status IN ('PENDING', 'IN_PROGRESS')
       ORDER BY t.created_at ASC
2025-06-24T12:30:58.995Z [ERROR] Error detecting transport issues: column o.id does not exist
2025-06-24T12:30:58.996Z [INFO] Exception detection completed: 0 issues found
2025-06-24T12:30:59.012Z [INFO] Exception detection completed: 0 total issues found
2025-06-24T12:30:59.032Z [INFO] - Staff issues: 0
2025-06-24T12:30:59.045Z [INFO] - Power issues: 0
2025-06-24T12:30:59.062Z [INFO] - Equipment issues: 0
2025-06-24T12:30:59.070Z [INFO] - Transport issues: 0
2025-06-24T12:30:59.080Z [INFO] Creating notification: SYSTEM_STATUS_OK - LOW - All systems operational - no critical issues detected
2025-06-24T12:30:59.097Z [ERROR] Failed to send notification via websocket: WebSocket notification failed: broadcastToAllClients is not a function
2025-06-24T12:30:59.104Z [INFO] Exception detection completed successfully in 545ms
2025-06-24T12:30:59.109Z [INFO] Scheduler: Job 'exceptionDetection' completed, next run: Tue Jun 24 2025 15:31:59 GMT+0300 (Ora de vară a Europei de Est)
2025-06-24T12:31:57.788Z [INFO] Scheduler: Running job 'expandRecurrences'
2025-06-24T12:31:57.789Z [INFO] ExpandRecurrences: Starting job
2025-06-24T12:31:57.847Z [INFO] ExpandRecurrences: Job completed, created 0 new recurring orders
2025-06-24T12:31:57.848Z [INFO] Scheduler: Job 'expandRecurrences' completed, next run: Tue Jun 24 2025 15:35:00 GMT+0300 (Ora de vară a Europei de Est)
2025-06-24T12:32:57.797Z [INFO] Scheduler: Running job 'checkEquipmentStatus'
2025-06-24T12:32:57.799Z [INFO] CheckEquipmentStatus: Starting equipment monitoring job
2025-06-24T12:32:57.800Z [INFO] Starting equipment status check...
2025-06-24T12:32:57.884Z [ERROR] Error checking equipment status:
2025-06-24T12:32:57.885Z [ERROR] CheckEquipmentStatus: Job failed
2025-06-24T12:32:57.886Z [INFO] Scheduler: Job 'checkEquipmentStatus' completed, next run: Tue Jun 24 2025 15:33:57 GMT+0300 (Ora de vară a Europei de Est)
2025-06-24T12:32:57.886Z [INFO] Scheduler: Running job 'updateWeatherData'
2025-06-24T12:32:57.887Z [INFO] Starting weather data update job...
2025-06-24T12:32:57.887Z [INFO] Starting weather data update for all locations...
2025-06-24T12:32:57.892Z [ERROR] Error updating weather data:
2025-06-24T12:32:57.892Z [ERROR] Weather data update job failed:
2025-06-24T12:32:57.893Z [INFO] Scheduler: Job 'updateWeatherData' completed, next run: Tue Jun 24 2025 15:33:57 GMT+0300 (Ora de vară a Europei de Est)
2025-06-24T12:32:57.894Z [INFO] Scheduler: Running job 'exceptionDetection'
2025-06-24T12:32:57.894Z [INFO] Starting automated exception detection...
2025-06-24T12:32:57.895Z [INFO] Running comprehensive exception detection...
2025-06-24T12:32:57.900Z [ERROR] Error detecting staff unavailability: result.rows is not iterable
2025-06-24T12:32:57.986Z [ERROR] SQL error after 91ms: column em.created_at does not exist
2025-06-24T12:32:57.986Z [ERROR] Failed query: 
        SELECT 
          e.id,
          e.name,
          e.type,
          e.status,
          e.location_id,
          l.name as location_name,
          EXTRACT(days FROM (NOW() - e.updated_at)) as days_since_update,
          COUNT(em.id) as recent_maintenance
        FROM equipment e
        JOIN locations l ON e.location_id = l.id
        LEFT JOIN equipment_maintenance em ON e.id = em.equipment_id 
          AND em.created_at >= NOW() - INTERVAL '30 days'
      
        GROUP BY e.id, e.name, e.type, e.status, e.location_id, l.name, e.updated_at
        HAVING e.status = 'OUT_OF_SERVICE' 
          OR EXTRACT(days FROM (NOW() - e.updated_at)) > 7
        ORDER BY days_since_update DESC
      
2025-06-24T12:32:57.987Z [ERROR] Error detecting equipment failures: column em.created_at does not exist
2025-06-24T12:32:57.988Z [ERROR] SQL error after 93ms: column e.updated_at does not exist
2025-06-24T12:32:57.989Z [ERROR] Failed query: 
        SELECT 
          l.id as location_id,
          l.name as location_name,
          COUNT(e.id) as total_equipment,
          COUNT(CASE WHEN e.status = 'OUT_OF_SERVICE' THEN 1 END) as out_of_service,
          COUNT(CASE WHEN e.updated_at < NOW() - INTERVAL '2 hours' THEN 1 END) as stale_equipment
        FROM locations l
        LEFT JOIN equipment e ON l.id = e.location_id
       GROUP BY l.id, l.name
2025-06-24T12:32:57.990Z [ERROR] Error detecting power outage: column e.updated_at does not exist
2025-06-24T12:32:57.992Z [ERROR] SQL error after 97ms: column o.id does not exist
2025-06-24T12:32:57.993Z [ERROR] Failed query: 
        SELECT 
          t.id,
          t.status,
          t.location_id,
          l.name as location_name,
          o.id as order_id,
          EXTRACT(hours FROM (NOW() - t.created_at)) as hours_since_created,
          EXTRACT(hours FROM (NOW() - t.updated_at)) as hours_since_updated
        FROM transports t
        JOIN orders o ON t.order_id = o.id
        JOIN locations l ON t.location_id = l.id
        WHERE t.status IN ('PENDING', 'IN_PROGRESS')
       ORDER BY t.created_at ASC
2025-06-24T12:32:57.994Z [ERROR] Error detecting transport issues: column o.id does not exist
2025-06-24T12:32:57.994Z [INFO] Exception detection completed: 0 issues found
2025-06-24T12:32:57.995Z [INFO] Exception detection completed: 0 total issues found
2025-06-24T12:32:57.995Z [INFO] - Staff issues: 0
2025-06-24T12:32:57.996Z [INFO] - Power issues: 0
2025-06-24T12:32:57.996Z [INFO] - Equipment issues: 0
2025-06-24T12:32:57.996Z [INFO] - Transport issues: 0
2025-06-24T12:32:57.997Z [INFO] Creating notification: SYSTEM_STATUS_OK - LOW - All systems operational - no critical issues detected
2025-06-24T12:32:57.997Z [ERROR] Failed to send notification via websocket: WebSocket notification failed: broadcastToAllClients is not a function
2025-06-24T12:32:57.997Z [INFO] Exception detection completed successfully in 103ms
2025-06-24T12:32:57.998Z [INFO] Scheduler: Job 'exceptionDetection' completed, next run: Tue Jun 24 2025 15:33:57 GMT+0300 (Ora de vară a Europei de Est)
2025-06-24T12:34:57.817Z [INFO] Scheduler: Running job 'checkEquipmentStatus'
2025-06-24T12:34:57.819Z [INFO] CheckEquipmentStatus: Starting equipment monitoring job
2025-06-24T12:34:57.820Z [INFO] Starting equipment status check...
2025-06-24T12:34:57.929Z [ERROR] Error checking equipment status:
2025-06-24T12:34:57.929Z [ERROR] CheckEquipmentStatus: Job failed
2025-06-24T12:34:57.930Z [INFO] Scheduler: Job 'checkEquipmentStatus' completed, next run: Tue Jun 24 2025 15:35:57 GMT+0300 (Ora de vară a Europei de Est)
2025-06-24T12:34:57.931Z [INFO] Scheduler: Running job 'updateWeatherData'
2025-06-24T12:34:57.931Z [INFO] Starting weather data update job...
2025-06-24T12:34:57.931Z [INFO] Starting weather data update for all locations...
2025-06-24T12:34:57.937Z [ERROR] Error updating weather data:
2025-06-24T12:34:57.938Z [ERROR] Weather data update job failed:
2025-06-24T12:34:57.938Z [INFO] Scheduler: Job 'updateWeatherData' completed, next run: Tue Jun 24 2025 15:35:57 GMT+0300 (Ora de vară a Europei de Est)
2025-06-24T12:34:57.939Z [INFO] Scheduler: Running job 'exceptionDetection'
2025-06-24T12:34:57.939Z [INFO] Starting automated exception detection...
2025-06-24T12:34:57.940Z [INFO] Running comprehensive exception detection...
2025-06-24T12:34:57.944Z [ERROR] Error detecting staff unavailability: result.rows is not iterable
2025-06-24T12:34:58.025Z [ERROR] SQL error after 85ms: column em.created_at does not exist
2025-06-24T12:34:58.026Z [ERROR] Failed query: 
        SELECT 
          e.id,
          e.name,
          e.type,
          e.status,
          e.location_id,
          l.name as location_name,
          EXTRACT(days FROM (NOW() - e.updated_at)) as days_since_update,
          COUNT(em.id) as recent_maintenance
        FROM equipment e
        JOIN locations l ON e.location_id = l.id
        LEFT JOIN equipment_maintenance em ON e.id = em.equipment_id 
          AND em.created_at >= NOW() - INTERVAL '30 days'
      
        GROUP BY e.id, e.name, e.type, e.status, e.location_id, l.name, e.updated_at
        HAVING e.status = 'OUT_OF_SERVICE' 
          OR EXTRACT(days FROM (NOW() - e.updated_at)) > 7
        ORDER BY days_since_update DESC
      
2025-06-24T12:34:58.027Z [ERROR] Error detecting equipment failures: column em.created_at does not exist
2025-06-24T12:34:58.035Z [ERROR] SQL error after 95ms: column e.updated_at does not exist
2025-06-24T12:34:58.036Z [ERROR] Failed query: 
        SELECT 
          l.id as location_id,
          l.name as location_name,
          COUNT(e.id) as total_equipment,
          COUNT(CASE WHEN e.status = 'OUT_OF_SERVICE' THEN 1 END) as out_of_service,
          COUNT(CASE WHEN e.updated_at < NOW() - INTERVAL '2 hours' THEN 1 END) as stale_equipment
        FROM locations l
        LEFT JOIN equipment e ON l.id = e.location_id
       GROUP BY l.id, l.name
2025-06-24T12:34:58.036Z [ERROR] Error detecting power outage: column e.updated_at does not exist
2025-06-24T12:34:58.037Z [ERROR] SQL error after 97ms: column o.id does not exist
2025-06-24T12:34:58.038Z [ERROR] Failed query: 
        SELECT 
          t.id,
          t.status,
          t.location_id,
          l.name as location_name,
          o.id as order_id,
          EXTRACT(hours FROM (NOW() - t.created_at)) as hours_since_created,
          EXTRACT(hours FROM (NOW() - t.updated_at)) as hours_since_updated
        FROM transports t
        JOIN orders o ON t.order_id = o.id
        JOIN locations l ON t.location_id = l.id
        WHERE t.status IN ('PENDING', 'IN_PROGRESS')
       ORDER BY t.created_at ASC
2025-06-24T12:34:58.038Z [ERROR] Error detecting transport issues: column o.id does not exist
2025-06-24T12:34:58.039Z [INFO] Exception detection completed: 0 issues found
2025-06-24T12:34:58.039Z [INFO] Exception detection completed: 0 total issues found
2025-06-24T12:34:58.040Z [INFO] - Staff issues: 0
2025-06-24T12:34:58.040Z [INFO] - Power issues: 0
2025-06-24T12:34:58.040Z [INFO] - Equipment issues: 0
2025-06-24T12:34:58.041Z [INFO] - Transport issues: 0
2025-06-24T12:34:58.041Z [INFO] Creating notification: SYSTEM_STATUS_OK - LOW - All systems operational - no critical issues detected
2025-06-24T12:34:58.042Z [ERROR] Failed to send notification via websocket: WebSocket notification failed: broadcastToAllClients is not a function
2025-06-24T12:34:58.043Z [INFO] Exception detection completed successfully in 103ms
2025-06-24T12:34:58.043Z [INFO] Scheduler: Job 'exceptionDetection' completed, next run: Tue Jun 24 2025 15:35:58 GMT+0300 (Ora de vară a Europei de Est)
2025-06-24T12:35:57.825Z [INFO] Scheduler: Running job 'expandRecurrences'
2025-06-24T12:35:57.826Z [INFO] ExpandRecurrences: Starting job
2025-06-24T12:35:57.947Z [INFO] ExpandRecurrences: Job completed, created 0 new recurring orders
2025-06-24T12:35:57.947Z [INFO] Scheduler: Job 'expandRecurrences' completed, next run: Tue Jun 24 2025 15:35:00 GMT+0300 (Ora de vară a Europei de Est)
2025-06-24T12:36:57.839Z [INFO] Scheduler: Running job 'expandRecurrences'
2025-06-24T12:36:57.840Z [INFO] ExpandRecurrences: Starting job
2025-06-24T12:36:57.957Z [INFO] ExpandRecurrences: Job completed, created 0 new recurring orders
2025-06-24T12:36:57.957Z [INFO] Scheduler: Job 'expandRecurrences' completed, next run: Tue Jun 24 2025 15:40:00 GMT+0300 (Ora de vară a Europei de Est)
2025-06-24T12:36:57.958Z [INFO] Scheduler: Running job 'checkEquipmentStatus'
2025-06-24T12:36:57.958Z [INFO] CheckEquipmentStatus: Starting equipment monitoring job
2025-06-24T12:36:57.958Z [INFO] Starting equipment status check...
2025-06-24T12:36:57.963Z [ERROR] Error checking equipment status:
2025-06-24T12:36:57.964Z [ERROR] CheckEquipmentStatus: Job failed
2025-06-24T12:36:57.964Z [INFO] Scheduler: Job 'checkEquipmentStatus' completed, next run: Tue Jun 24 2025 15:37:57 GMT+0300 (Ora de vară a Europei de Est)
2025-06-24T12:36:57.965Z [INFO] Scheduler: Running job 'updateWeatherData'
2025-06-24T12:36:57.966Z [INFO] Starting weather data update job...
2025-06-24T12:36:57.966Z [INFO] Starting weather data update for all locations...
2025-06-24T12:36:57.971Z [ERROR] Error updating weather data:
2025-06-24T12:36:57.971Z [ERROR] Weather data update job failed:
2025-06-24T12:36:57.972Z [INFO] Scheduler: Job 'updateWeatherData' completed, next run: Tue Jun 24 2025 15:37:57 GMT+0300 (Ora de vară a Europei de Est)
2025-06-24T12:36:57.972Z [INFO] Scheduler: Running job 'exceptionDetection'
2025-06-24T12:36:57.973Z [INFO] Starting automated exception detection...
2025-06-24T12:36:57.973Z [INFO] Running comprehensive exception detection...
2025-06-24T12:36:57.978Z [ERROR] Error detecting staff unavailability: result.rows is not iterable
2025-06-24T12:36:58.057Z [ERROR] SQL error after 83ms: column e.updated_at does not exist
2025-06-24T12:36:58.058Z [ERROR] Failed query: 
        SELECT 
          l.id as location_id,
          l.name as location_name,
          COUNT(e.id) as total_equipment,
          COUNT(CASE WHEN e.status = 'OUT_OF_SERVICE' THEN 1 END) as out_of_service,
          COUNT(CASE WHEN e.updated_at < NOW() - INTERVAL '2 hours' THEN 1 END) as stale_equipment
        FROM locations l
        LEFT JOIN equipment e ON l.id = e.location_id
       GROUP BY l.id, l.name
2025-06-24T12:36:58.058Z [ERROR] Error detecting power outage: column e.updated_at does not exist
2025-06-24T12:36:58.065Z [ERROR] SQL error after 91ms: column em.created_at does not exist
2025-06-24T12:36:58.065Z [ERROR] Failed query: 
        SELECT 
          e.id,
          e.name,
          e.type,
          e.status,
          e.location_id,
          l.name as location_name,
          EXTRACT(days FROM (NOW() - e.updated_at)) as days_since_update,
          COUNT(em.id) as recent_maintenance
        FROM equipment e
        JOIN locations l ON e.location_id = l.id
        LEFT JOIN equipment_maintenance em ON e.id = em.equipment_id 
          AND em.created_at >= NOW() - INTERVAL '30 days'
      
        GROUP BY e.id, e.name, e.type, e.status, e.location_id, l.name, e.updated_at
        HAVING e.status = 'OUT_OF_SERVICE' 
          OR EXTRACT(days FROM (NOW() - e.updated_at)) > 7
        ORDER BY days_since_update DESC
      
2025-06-24T12:36:58.066Z [ERROR] Error detecting equipment failures: column em.created_at does not exist
2025-06-24T12:36:58.067Z [ERROR] SQL error after 93ms: column o.id does not exist
2025-06-24T12:36:58.067Z [ERROR] Failed query: 
        SELECT 
          t.id,
          t.status,
          t.location_id,
          l.name as location_name,
          o.id as order_id,
          EXTRACT(hours FROM (NOW() - t.created_at)) as hours_since_created,
          EXTRACT(hours FROM (NOW() - t.updated_at)) as hours_since_updated
        FROM transports t
        JOIN orders o ON t.order_id = o.id
        JOIN locations l ON t.location_id = l.id
        WHERE t.status IN ('PENDING', 'IN_PROGRESS')
       ORDER BY t.created_at ASC
2025-06-24T12:36:58.068Z [ERROR] Error detecting transport issues: column o.id does not exist
2025-06-24T12:36:58.068Z [INFO] Exception detection completed: 0 issues found
2025-06-24T12:36:58.069Z [INFO] Exception detection completed: 0 total issues found
2025-06-24T12:36:58.069Z [INFO] - Staff issues: 0
2025-06-24T12:36:58.069Z [INFO] - Power issues: 0
2025-06-24T12:36:58.069Z [INFO] - Equipment issues: 0
2025-06-24T12:36:58.070Z [INFO] - Transport issues: 0
2025-06-24T12:36:58.070Z [INFO] Creating notification: SYSTEM_STATUS_OK - LOW - All systems operational - no critical issues detected
2025-06-24T12:36:58.070Z [ERROR] Failed to send notification via websocket: WebSocket notification failed: broadcastToAllClients is not a function
2025-06-24T12:36:58.071Z [INFO] Exception detection completed successfully in 98ms
2025-06-24T12:36:58.071Z [INFO] Scheduler: Job 'exceptionDetection' completed, next run: Tue Jun 24 2025 15:37:58 GMT+0300 (Ora de vară a Europei de Est)
2025-06-24T12:38:57.866Z [INFO] Scheduler: Running job 'checkEquipmentStatus'
2025-06-24T12:38:57.867Z [INFO] CheckEquipmentStatus: Starting equipment monitoring job
2025-06-24T12:38:57.867Z [INFO] Starting equipment status check...
2025-06-24T12:38:57.962Z [ERROR] Error checking equipment status:
2025-06-24T12:38:57.963Z [ERROR] CheckEquipmentStatus: Job failed
2025-06-24T12:38:57.963Z [INFO] Scheduler: Job 'checkEquipmentStatus' completed, next run: Tue Jun 24 2025 15:39:57 GMT+0300 (Ora de vară a Europei de Est)
2025-06-24T12:38:57.964Z [INFO] Scheduler: Running job 'updateWeatherData'
2025-06-24T12:38:57.964Z [INFO] Starting weather data update job...
2025-06-24T12:38:57.965Z [INFO] Starting weather data update for all locations...
2025-06-24T12:38:57.970Z [ERROR] Error updating weather data:
2025-06-24T12:38:57.971Z [ERROR] Weather data update job failed:
2025-06-24T12:38:57.972Z [INFO] Scheduler: Job 'updateWeatherData' completed, next run: Tue Jun 24 2025 15:39:57 GMT+0300 (Ora de vară a Europei de Est)
2025-06-24T12:38:57.972Z [INFO] Scheduler: Running job 'exceptionDetection'
2025-06-24T12:38:57.973Z [INFO] Starting automated exception detection...
2025-06-24T12:38:57.974Z [INFO] Running comprehensive exception detection...
2025-06-24T12:38:57.990Z [ERROR] Error detecting staff unavailability: result.rows is not iterable
2025-06-24T12:38:58.067Z [ERROR] SQL error after 93ms: column e.updated_at does not exist
2025-06-24T12:38:58.068Z [ERROR] Failed query: 
        SELECT 
          l.id as location_id,
          l.name as location_name,
          COUNT(e.id) as total_equipment,
          COUNT(CASE WHEN e.status = 'OUT_OF_SERVICE' THEN 1 END) as out_of_service,
          COUNT(CASE WHEN e.updated_at < NOW() - INTERVAL '2 hours' THEN 1 END) as stale_equipment
        FROM locations l
        LEFT JOIN equipment e ON l.id = e.location_id
       GROUP BY l.id, l.name
2025-06-24T12:38:58.068Z [ERROR] Error detecting power outage: column e.updated_at does not exist
2025-06-24T12:38:58.072Z [ERROR] SQL error after 98ms: column em.created_at does not exist
2025-06-24T12:38:58.073Z [ERROR] Failed query: 
        SELECT 
          e.id,
          e.name,
          e.type,
          e.status,
          e.location_id,
          l.name as location_name,
          EXTRACT(days FROM (NOW() - e.updated_at)) as days_since_update,
          COUNT(em.id) as recent_maintenance
        FROM equipment e
        JOIN locations l ON e.location_id = l.id
        LEFT JOIN equipment_maintenance em ON e.id = em.equipment_id 
          AND em.created_at >= NOW() - INTERVAL '30 days'
      
        GROUP BY e.id, e.name, e.type, e.status, e.location_id, l.name, e.updated_at
        HAVING e.status = 'OUT_OF_SERVICE' 
          OR EXTRACT(days FROM (NOW() - e.updated_at)) > 7
        ORDER BY days_since_update DESC
      
2025-06-24T12:38:58.074Z [ERROR] Error detecting equipment failures: column em.created_at does not exist
2025-06-24T12:38:58.175Z [ERROR] SQL error after 201ms: column o.id does not exist
2025-06-24T12:38:58.175Z [ERROR] Failed query: 
        SELECT 
          t.id,
          t.status,
          t.location_id,
          l.name as location_name,
          o.id as order_id,
          EXTRACT(hours FROM (NOW() - t.created_at)) as hours_since_created,
          EXTRACT(hours FROM (NOW() - t.updated_at)) as hours_since_updated
        FROM transports t
        JOIN orders o ON t.order_id = o.id
        JOIN locations l ON t.location_id = l.id
        WHERE t.status IN ('PENDING', 'IN_PROGRESS')
       ORDER BY t.created_at ASC
2025-06-24T12:38:58.176Z [ERROR] Error detecting transport issues: column o.id does not exist
2025-06-24T12:38:58.177Z [INFO] Exception detection completed: 0 issues found
2025-06-24T12:38:58.177Z [INFO] Exception detection completed: 0 total issues found
2025-06-24T12:38:58.177Z [INFO] - Staff issues: 0
2025-06-24T12:38:58.178Z [INFO] - Power issues: 0
2025-06-24T12:38:58.178Z [INFO] - Equipment issues: 0
2025-06-24T12:38:58.179Z [INFO] - Transport issues: 0
2025-06-24T12:38:58.179Z [INFO] Creating notification: SYSTEM_STATUS_OK - LOW - All systems operational - no critical issues detected
2025-06-24T12:38:58.180Z [ERROR] Failed to send notification via websocket: WebSocket notification failed: broadcastToAllClients is not a function
2025-06-24T12:38:58.180Z [INFO] Exception detection completed successfully in 207ms
2025-06-24T12:38:58.180Z [INFO] Scheduler: Job 'exceptionDetection' completed, next run: Tue Jun 24 2025 15:39:58 GMT+0300 (Ora de vară a Europei de Est)
2025-06-24T12:51:26.548Z [INFO] Scheduler: Running job 'expandRecurrences'
2025-06-24T12:51:26.562Z [INFO] ExpandRecurrences: Starting job
2025-06-24T12:51:26.964Z [INFO] ExpandRecurrences: Job completed, created 0 new recurring orders
2025-06-24T12:51:26.965Z [INFO] Scheduler: Job 'expandRecurrences' completed, next run: Tue Jun 24 2025 15:55:00 GMT+0300 (Ora de vară a Europei de Est)
2025-06-24T12:51:26.965Z [INFO] Scheduler: Running job 'checkEquipmentStatus'
2025-06-24T12:51:26.965Z [INFO] CheckEquipmentStatus: Starting equipment monitoring job
2025-06-24T12:51:26.967Z [INFO] Starting equipment status check...
2025-06-24T12:51:26.974Z [ERROR] Error checking equipment status:
2025-06-24T12:51:26.974Z [ERROR] CheckEquipmentStatus: Job failed
2025-06-24T12:51:26.975Z [INFO] Scheduler: Job 'checkEquipmentStatus' completed, next run: Tue Jun 24 2025 15:52:26 GMT+0300 (Ora de vară a Europei de Est)
2025-06-24T12:51:26.975Z [INFO] Scheduler: Running job 'updateWeatherData'
2025-06-24T12:51:26.975Z [INFO] Starting weather data update job...
2025-06-24T12:51:26.975Z [INFO] Starting weather data update for all locations...
2025-06-24T12:51:26.981Z [ERROR] Error updating weather data:
2025-06-24T12:51:26.981Z [ERROR] Weather data update job failed:
2025-06-24T12:51:26.982Z [INFO] Scheduler: Job 'updateWeatherData' completed, next run: Tue Jun 24 2025 15:52:26 GMT+0300 (Ora de vară a Europei de Est)
2025-06-24T12:51:26.982Z [INFO] Scheduler: Running job 'exceptionDetection'
2025-06-24T12:51:26.982Z [INFO] Starting automated exception detection...
2025-06-24T12:51:26.983Z [INFO] Running comprehensive exception detection...
2025-06-24T12:51:27.002Z [ERROR] Error detecting staff unavailability: result.rows is not iterable
2025-06-24T12:51:27.162Z [ERROR] SQL error after 178ms: column em.created_at does not exist
2025-06-24T12:51:27.162Z [ERROR] Failed query: 
        SELECT 
          e.id,
          e.name,
          e.type,
          e.status,
          e.location_id,
          l.name as location_name,
          EXTRACT(days FROM (NOW() - e.updated_at)) as days_since_update,
          COUNT(em.id) as recent_maintenance
        FROM equipment e
        JOIN locations l ON e.location_id = l.id
        LEFT JOIN equipment_maintenance em ON e.id = em.equipment_id 
          AND em.created_at >= NOW() - INTERVAL '30 days'
      
        GROUP BY e.id, e.name, e.type, e.status, e.location_id, l.name, e.updated_at
        HAVING e.status = 'OUT_OF_SERVICE' 
          OR EXTRACT(days FROM (NOW() - e.updated_at)) > 7
        ORDER BY days_since_update DESC
      
2025-06-24T12:51:27.163Z [ERROR] Error detecting equipment failures: column em.created_at does not exist
2025-06-24T12:51:27.166Z [ERROR] SQL error after 182ms: column e.updated_at does not exist
2025-06-24T12:51:27.167Z [ERROR] Failed query: 
        SELECT 
          l.id as location_id,
          l.name as location_name,
          COUNT(e.id) as total_equipment,
          COUNT(CASE WHEN e.status = 'OUT_OF_SERVICE' THEN 1 END) as out_of_service,
          COUNT(CASE WHEN e.updated_at < NOW() - INTERVAL '2 hours' THEN 1 END) as stale_equipment
        FROM locations l
        LEFT JOIN equipment e ON l.id = e.location_id
       GROUP BY l.id, l.name
2025-06-24T12:51:27.167Z [ERROR] Error detecting power outage: column e.updated_at does not exist
2025-06-24T12:51:27.179Z [ERROR] SQL error after 195ms: column o.id does not exist
2025-06-24T12:51:27.180Z [ERROR] Failed query: 
        SELECT 
          t.id,
          t.status,
          t.location_id,
          l.name as location_name,
          o.id as order_id,
          EXTRACT(hours FROM (NOW() - t.created_at)) as hours_since_created,
          EXTRACT(hours FROM (NOW() - t.updated_at)) as hours_since_updated
        FROM transports t
        JOIN orders o ON t.order_id = o.id
        JOIN locations l ON t.location_id = l.id
        WHERE t.status IN ('PENDING', 'IN_PROGRESS')
       ORDER BY t.created_at ASC
2025-06-24T12:51:27.180Z [ERROR] Error detecting transport issues: column o.id does not exist
2025-06-24T12:51:27.181Z [INFO] Exception detection completed: 0 issues found
2025-06-24T12:51:27.181Z [INFO] Exception detection completed: 0 total issues found
2025-06-24T12:51:27.181Z [INFO] - Staff issues: 0
2025-06-24T12:51:27.181Z [INFO] - Power issues: 0
2025-06-24T12:51:27.181Z [INFO] - Equipment issues: 0
2025-06-24T12:51:27.182Z [INFO] - Transport issues: 0
2025-06-24T12:51:27.182Z [INFO] Creating notification: SYSTEM_STATUS_OK - LOW - All systems operational - no critical issues detected
2025-06-24T12:51:27.182Z [ERROR] Failed to send notification via websocket: WebSocket notification failed: broadcastToAllClients is not a function
2025-06-24T12:51:27.183Z [INFO] Exception detection completed successfully in 201ms
2025-06-24T12:51:27.189Z [INFO] Scheduler: Job 'exceptionDetection' completed, next run: Tue Jun 24 2025 15:52:27 GMT+0300 (Ora de vară a Europei de Est)
2025-06-24T12:53:26.573Z [INFO] Scheduler: Running job 'checkEquipmentStatus'
2025-06-24T12:53:26.575Z [INFO] CheckEquipmentStatus: Starting equipment monitoring job
2025-06-24T12:53:26.576Z [INFO] Starting equipment status check...
2025-06-24T12:53:26.669Z [ERROR] Error checking equipment status:
2025-06-24T12:53:26.669Z [ERROR] CheckEquipmentStatus: Job failed
2025-06-24T12:53:26.670Z [INFO] Scheduler: Job 'checkEquipmentStatus' completed, next run: Tue Jun 24 2025 15:54:26 GMT+0300 (Ora de vară a Europei de Est)
2025-06-24T12:53:26.671Z [INFO] Scheduler: Running job 'updateWeatherData'
2025-06-24T12:53:26.671Z [INFO] Starting weather data update job...
2025-06-24T12:53:26.672Z [INFO] Starting weather data update for all locations...
2025-06-24T12:53:26.677Z [ERROR] Error updating weather data:
2025-06-24T12:53:26.678Z [ERROR] Weather data update job failed:
2025-06-24T12:53:26.678Z [INFO] Scheduler: Job 'updateWeatherData' completed, next run: Tue Jun 24 2025 15:54:26 GMT+0300 (Ora de vară a Europei de Est)
2025-06-24T12:53:26.679Z [INFO] Scheduler: Running job 'exceptionDetection'
2025-06-24T12:53:26.679Z [INFO] Starting automated exception detection...
2025-06-24T12:53:26.680Z [INFO] Running comprehensive exception detection...
2025-06-24T12:53:26.686Z [ERROR] Error detecting staff unavailability: result.rows is not iterable
2025-06-24T12:53:26.775Z [ERROR] SQL error after 94ms: column e.updated_at does not exist
2025-06-24T12:53:26.775Z [ERROR] Failed query: 
        SELECT 
          l.id as location_id,
          l.name as location_name,
          COUNT(e.id) as total_equipment,
          COUNT(CASE WHEN e.status = 'OUT_OF_SERVICE' THEN 1 END) as out_of_service,
          COUNT(CASE WHEN e.updated_at < NOW() - INTERVAL '2 hours' THEN 1 END) as stale_equipment
        FROM locations l
        LEFT JOIN equipment e ON l.id = e.location_id
       GROUP BY l.id, l.name
2025-06-24T12:53:26.776Z [ERROR] Error detecting power outage: column e.updated_at does not exist
2025-06-24T12:53:26.778Z [ERROR] SQL error after 97ms: column o.id does not exist
2025-06-24T12:53:26.778Z [ERROR] Failed query: 
        SELECT 
          t.id,
          t.status,
          t.location_id,
          l.name as location_name,
          o.id as order_id,
          EXTRACT(hours FROM (NOW() - t.created_at)) as hours_since_created,
          EXTRACT(hours FROM (NOW() - t.updated_at)) as hours_since_updated
        FROM transports t
        JOIN orders o ON t.order_id = o.id
        JOIN locations l ON t.location_id = l.id
        WHERE t.status IN ('PENDING', 'IN_PROGRESS')
       ORDER BY t.created_at ASC
2025-06-24T12:53:26.779Z [ERROR] Error detecting transport issues: column o.id does not exist
2025-06-24T12:53:26.779Z [ERROR] SQL error after 98ms: column em.created_at does not exist
2025-06-24T12:53:26.780Z [ERROR] Failed query: 
        SELECT 
          e.id,
          e.name,
          e.type,
          e.status,
          e.location_id,
          l.name as location_name,
          EXTRACT(days FROM (NOW() - e.updated_at)) as days_since_update,
          COUNT(em.id) as recent_maintenance
        FROM equipment e
        JOIN locations l ON e.location_id = l.id
        LEFT JOIN equipment_maintenance em ON e.id = em.equipment_id 
          AND em.created_at >= NOW() - INTERVAL '30 days'
      
        GROUP BY e.id, e.name, e.type, e.status, e.location_id, l.name, e.updated_at
        HAVING e.status = 'OUT_OF_SERVICE' 
          OR EXTRACT(days FROM (NOW() - e.updated_at)) > 7
        ORDER BY days_since_update DESC
      
2025-06-24T12:53:26.780Z [ERROR] Error detecting equipment failures: column em.created_at does not exist
2025-06-24T12:53:26.781Z [INFO] Exception detection completed: 0 issues found
2025-06-24T12:53:26.781Z [INFO] Exception detection completed: 0 total issues found
2025-06-24T12:53:26.781Z [INFO] - Staff issues: 0
2025-06-24T12:53:26.781Z [INFO] - Power issues: 0
2025-06-24T12:53:26.782Z [INFO] - Equipment issues: 0
2025-06-24T12:53:26.782Z [INFO] - Transport issues: 0
2025-06-24T12:53:26.782Z [INFO] Creating notification: SYSTEM_STATUS_OK - LOW - All systems operational - no critical issues detected
2025-06-24T12:53:26.783Z [ERROR] Failed to send notification via websocket: WebSocket notification failed: broadcastToAllClients is not a function
2025-06-24T12:53:26.783Z [INFO] Exception detection completed successfully in 104ms
2025-06-24T12:53:26.783Z [INFO] Scheduler: Job 'exceptionDetection' completed, next run: Tue Jun 24 2025 15:54:26 GMT+0300 (Ora de vară a Europei de Est)
2025-06-24T12:55:26.588Z [INFO] Scheduler: Running job 'expandRecurrences'
2025-06-24T12:55:26.590Z [INFO] ExpandRecurrences: Starting job
2025-06-24T12:55:26.656Z [INFO] ExpandRecurrences: Job completed, created 0 new recurring orders
2025-06-24T12:55:26.657Z [INFO] Scheduler: Job 'expandRecurrences' completed, next run: Tue Jun 24 2025 15:55:00 GMT+0300 (Ora de vară a Europei de Est)
2025-06-24T12:55:26.657Z [INFO] Scheduler: Running job 'checkEquipmentStatus'
2025-06-24T12:55:26.658Z [INFO] CheckEquipmentStatus: Starting equipment monitoring job
2025-06-24T12:55:26.658Z [INFO] Starting equipment status check...
2025-06-24T12:55:26.662Z [ERROR] Error checking equipment status:
2025-06-24T12:55:26.663Z [ERROR] CheckEquipmentStatus: Job failed
2025-06-24T12:55:26.663Z [INFO] Scheduler: Job 'checkEquipmentStatus' completed, next run: Tue Jun 24 2025 15:56:26 GMT+0300 (Ora de vară a Europei de Est)
2025-06-24T12:55:26.664Z [INFO] Scheduler: Running job 'updateWeatherData'
2025-06-24T12:55:26.664Z [INFO] Starting weather data update job...
2025-06-24T12:55:26.665Z [INFO] Starting weather data update for all locations...
2025-06-24T12:55:26.667Z [ERROR] Error updating weather data:
2025-06-24T12:55:26.668Z [ERROR] Weather data update job failed:
2025-06-24T12:55:26.668Z [INFO] Scheduler: Job 'updateWeatherData' completed, next run: Tue Jun 24 2025 15:56:26 GMT+0300 (Ora de vară a Europei de Est)
2025-06-24T12:55:26.669Z [INFO] Scheduler: Running job 'exceptionDetection'
2025-06-24T12:55:26.670Z [INFO] Starting automated exception detection...
2025-06-24T12:55:26.670Z [INFO] Running comprehensive exception detection...
2025-06-24T12:55:26.675Z [ERROR] Error detecting staff unavailability: result.rows is not iterable
2025-06-24T12:55:26.757Z [ERROR] SQL error after 86ms: column e.updated_at does not exist
2025-06-24T12:55:26.757Z [ERROR] Failed query: 
        SELECT 
          l.id as location_id,
          l.name as location_name,
          COUNT(e.id) as total_equipment,
          COUNT(CASE WHEN e.status = 'OUT_OF_SERVICE' THEN 1 END) as out_of_service,
          COUNT(CASE WHEN e.updated_at < NOW() - INTERVAL '2 hours' THEN 1 END) as stale_equipment
        FROM locations l
        LEFT JOIN equipment e ON l.id = e.location_id
       GROUP BY l.id, l.name
2025-06-24T12:55:26.758Z [ERROR] Error detecting power outage: column e.updated_at does not exist
2025-06-24T12:55:26.761Z [ERROR] SQL error after 90ms: column em.created_at does not exist
2025-06-24T12:55:26.761Z [ERROR] Failed query: 
        SELECT 
          e.id,
          e.name,
          e.type,
          e.status,
          e.location_id,
          l.name as location_name,
          EXTRACT(days FROM (NOW() - e.updated_at)) as days_since_update,
          COUNT(em.id) as recent_maintenance
        FROM equipment e
        JOIN locations l ON e.location_id = l.id
        LEFT JOIN equipment_maintenance em ON e.id = em.equipment_id 
          AND em.created_at >= NOW() - INTERVAL '30 days'
      
        GROUP BY e.id, e.name, e.type, e.status, e.location_id, l.name, e.updated_at
        HAVING e.status = 'OUT_OF_SERVICE' 
          OR EXTRACT(days FROM (NOW() - e.updated_at)) > 7
        ORDER BY days_since_update DESC
      
2025-06-24T12:55:26.762Z [ERROR] Error detecting equipment failures: column em.created_at does not exist
2025-06-24T12:55:26.763Z [ERROR] SQL error after 92ms: column o.id does not exist
2025-06-24T12:55:26.764Z [ERROR] Failed query: 
        SELECT 
          t.id,
          t.status,
          t.location_id,
          l.name as location_name,
          o.id as order_id,
          EXTRACT(hours FROM (NOW() - t.created_at)) as hours_since_created,
          EXTRACT(hours FROM (NOW() - t.updated_at)) as hours_since_updated
        FROM transports t
        JOIN orders o ON t.order_id = o.id
        JOIN locations l ON t.location_id = l.id
        WHERE t.status IN ('PENDING', 'IN_PROGRESS')
       ORDER BY t.created_at ASC
2025-06-24T12:55:26.765Z [ERROR] Error detecting transport issues: column o.id does not exist
2025-06-24T12:55:26.765Z [INFO] Exception detection completed: 0 issues found
2025-06-24T12:55:26.765Z [INFO] Exception detection completed: 0 total issues found
2025-06-24T12:55:26.766Z [INFO] - Staff issues: 0
2025-06-24T12:55:26.766Z [INFO] - Power issues: 0
2025-06-24T12:55:26.767Z [INFO] - Equipment issues: 0
2025-06-24T12:55:26.767Z [INFO] - Transport issues: 0
2025-06-24T12:55:26.768Z [INFO] Creating notification: SYSTEM_STATUS_OK - LOW - All systems operational - no critical issues detected
2025-06-24T12:55:26.769Z [ERROR] Failed to send notification via websocket: WebSocket notification failed: broadcastToAllClients is not a function
2025-06-24T12:55:26.769Z [INFO] Exception detection completed successfully in 100ms
2025-06-24T12:55:26.769Z [INFO] Scheduler: Job 'exceptionDetection' completed, next run: Tue Jun 24 2025 15:56:26 GMT+0300 (Ora de vară a Europei de Est)
2025-06-24T12:56:26.600Z [INFO] Scheduler: Running job 'expandRecurrences'
2025-06-24T12:56:26.600Z [INFO] ExpandRecurrences: Starting job
2025-06-24T12:56:26.671Z [INFO] ExpandRecurrences: Job completed, created 0 new recurring orders
2025-06-24T12:56:26.672Z [INFO] Scheduler: Job 'expandRecurrences' completed, next run: Tue Jun 24 2025 16:00:00 GMT+0300 (Ora de vară a Europei de Est)
2025-06-24T12:57:26.608Z [INFO] Scheduler: Running job 'checkEquipmentStatus'
2025-06-24T12:57:26.609Z [INFO] CheckEquipmentStatus: Starting equipment monitoring job
2025-06-24T12:57:26.609Z [INFO] Starting equipment status check...
2025-06-24T12:57:26.693Z [ERROR] Error checking equipment status:
2025-06-24T12:57:26.694Z [ERROR] CheckEquipmentStatus: Job failed
2025-06-24T12:57:26.695Z [INFO] Scheduler: Job 'checkEquipmentStatus' completed, next run: Tue Jun 24 2025 15:58:26 GMT+0300 (Ora de vară a Europei de Est)
2025-06-24T12:57:26.695Z [INFO] Scheduler: Running job 'updateWeatherData'
2025-06-24T12:57:26.696Z [INFO] Starting weather data update job...
2025-06-24T12:57:26.696Z [INFO] Starting weather data update for all locations...
2025-06-24T12:57:26.701Z [ERROR] Error updating weather data:
2025-06-24T12:57:26.702Z [ERROR] Weather data update job failed:
2025-06-24T12:57:26.703Z [INFO] Scheduler: Job 'updateWeatherData' completed, next run: Tue Jun 24 2025 15:58:26 GMT+0300 (Ora de vară a Europei de Est)
2025-06-24T12:57:26.703Z [INFO] Scheduler: Running job 'exceptionDetection'
2025-06-24T12:57:26.704Z [INFO] Starting automated exception detection...
2025-06-24T12:57:26.704Z [INFO] Running comprehensive exception detection...
2025-06-24T12:57:26.710Z [ERROR] Error detecting staff unavailability: result.rows is not iterable
2025-06-24T12:57:26.790Z [ERROR] SQL error after 85ms: column em.created_at does not exist
2025-06-24T12:57:26.791Z [ERROR] Failed query: 
        SELECT 
          e.id,
          e.name,
          e.type,
          e.status,
          e.location_id,
          l.name as location_name,
          EXTRACT(days FROM (NOW() - e.updated_at)) as days_since_update,
          COUNT(em.id) as recent_maintenance
        FROM equipment e
        JOIN locations l ON e.location_id = l.id
        LEFT JOIN equipment_maintenance em ON e.id = em.equipment_id 
          AND em.created_at >= NOW() - INTERVAL '30 days'
      
        GROUP BY e.id, e.name, e.type, e.status, e.location_id, l.name, e.updated_at
        HAVING e.status = 'OUT_OF_SERVICE' 
          OR EXTRACT(days FROM (NOW() - e.updated_at)) > 7
        ORDER BY days_since_update DESC
      
2025-06-24T12:57:26.791Z [ERROR] Error detecting equipment failures: column em.created_at does not exist
2025-06-24T12:57:26.795Z [ERROR] SQL error after 90ms: column e.updated_at does not exist
2025-06-24T12:57:26.796Z [ERROR] Failed query: 
        SELECT 
          l.id as location_id,
          l.name as location_name,
          COUNT(e.id) as total_equipment,
          COUNT(CASE WHEN e.status = 'OUT_OF_SERVICE' THEN 1 END) as out_of_service,
          COUNT(CASE WHEN e.updated_at < NOW() - INTERVAL '2 hours' THEN 1 END) as stale_equipment
        FROM locations l
        LEFT JOIN equipment e ON l.id = e.location_id
       GROUP BY l.id, l.name
2025-06-24T12:57:26.796Z [ERROR] Error detecting power outage: column e.updated_at does not exist
2025-06-24T12:57:26.889Z [ERROR] SQL error after 184ms: column o.id does not exist
2025-06-24T12:57:26.890Z [ERROR] Failed query: 
        SELECT 
          t.id,
          t.status,
          t.location_id,
          l.name as location_name,
          o.id as order_id,
          EXTRACT(hours FROM (NOW() - t.created_at)) as hours_since_created,
          EXTRACT(hours FROM (NOW() - t.updated_at)) as hours_since_updated
        FROM transports t
        JOIN orders o ON t.order_id = o.id
        JOIN locations l ON t.location_id = l.id
        WHERE t.status IN ('PENDING', 'IN_PROGRESS')
       ORDER BY t.created_at ASC
2025-06-24T12:57:26.891Z [ERROR] Error detecting transport issues: column o.id does not exist
2025-06-24T12:57:26.892Z [INFO] Exception detection completed: 0 issues found
2025-06-24T12:57:26.892Z [INFO] Exception detection completed: 0 total issues found
2025-06-24T12:57:26.893Z [INFO] - Staff issues: 0
2025-06-24T12:57:26.893Z [INFO] - Power issues: 0
2025-06-24T12:57:26.894Z [INFO] - Equipment issues: 0
2025-06-24T12:57:26.894Z [INFO] - Transport issues: 0
2025-06-24T12:57:26.894Z [INFO] Creating notification: SYSTEM_STATUS_OK - LOW - All systems operational - no critical issues detected
2025-06-24T12:57:26.895Z [ERROR] Failed to send notification via websocket: WebSocket notification failed: broadcastToAllClients is not a function
2025-06-24T12:57:26.895Z [INFO] Exception detection completed successfully in 191ms
2025-06-24T12:57:26.896Z [INFO] Scheduler: Job 'exceptionDetection' completed, next run: Tue Jun 24 2025 15:58:26 GMT+0300 (Ora de vară a Europei de Est)
2025-06-24T12:59:26.623Z [INFO] Scheduler: Running job 'checkEquipmentStatus'
2025-06-24T12:59:26.624Z [INFO] CheckEquipmentStatus: Starting equipment monitoring job
2025-06-24T12:59:26.625Z [INFO] Starting equipment status check...
2025-06-24T12:59:26.708Z [ERROR] Error checking equipment status:
2025-06-24T12:59:26.709Z [ERROR] CheckEquipmentStatus: Job failed
2025-06-24T12:59:26.709Z [INFO] Scheduler: Job 'checkEquipmentStatus' completed, next run: Tue Jun 24 2025 16:00:26 GMT+0300 (Ora de vară a Europei de Est)
2025-06-24T12:59:26.710Z [INFO] Scheduler: Running job 'updateWeatherData'
2025-06-24T12:59:26.711Z [INFO] Starting weather data update job...
2025-06-24T12:59:26.711Z [INFO] Starting weather data update for all locations...
2025-06-24T12:59:26.716Z [ERROR] Error updating weather data:
2025-06-24T12:59:26.716Z [ERROR] Weather data update job failed:
2025-06-24T12:59:26.717Z [INFO] Scheduler: Job 'updateWeatherData' completed, next run: Tue Jun 24 2025 16:00:26 GMT+0300 (Ora de vară a Europei de Est)
2025-06-24T12:59:26.718Z [INFO] Scheduler: Running job 'exceptionDetection'
2025-06-24T12:59:26.718Z [INFO] Starting automated exception detection...
2025-06-24T12:59:26.719Z [INFO] Running comprehensive exception detection...
2025-06-24T12:59:26.724Z [ERROR] Error detecting staff unavailability: result.rows is not iterable
2025-06-24T12:59:26.799Z [ERROR] SQL error after 80ms: column em.created_at does not exist
2025-06-24T12:59:26.799Z [ERROR] Failed query: 
        SELECT 
          e.id,
          e.name,
          e.type,
          e.status,
          e.location_id,
          l.name as location_name,
          EXTRACT(days FROM (NOW() - e.updated_at)) as days_since_update,
          COUNT(em.id) as recent_maintenance
        FROM equipment e
        JOIN locations l ON e.location_id = l.id
        LEFT JOIN equipment_maintenance em ON e.id = em.equipment_id 
          AND em.created_at >= NOW() - INTERVAL '30 days'
      
        GROUP BY e.id, e.name, e.type, e.status, e.location_id, l.name, e.updated_at
        HAVING e.status = 'OUT_OF_SERVICE' 
          OR EXTRACT(days FROM (NOW() - e.updated_at)) > 7
        ORDER BY days_since_update DESC
      
2025-06-24T12:59:26.800Z [ERROR] Error detecting equipment failures: column em.created_at does not exist
2025-06-24T12:59:26.803Z [ERROR] SQL error after 84ms: column e.updated_at does not exist
2025-06-24T12:59:26.803Z [ERROR] Failed query: 
        SELECT 
          l.id as location_id,
          l.name as location_name,
          COUNT(e.id) as total_equipment,
          COUNT(CASE WHEN e.status = 'OUT_OF_SERVICE' THEN 1 END) as out_of_service,
          COUNT(CASE WHEN e.updated_at < NOW() - INTERVAL '2 hours' THEN 1 END) as stale_equipment
        FROM locations l
        LEFT JOIN equipment e ON l.id = e.location_id
       GROUP BY l.id, l.name
2025-06-24T12:59:26.804Z [ERROR] Error detecting power outage: column e.updated_at does not exist
2025-06-24T12:59:26.807Z [ERROR] SQL error after 88ms: column o.id does not exist
2025-06-24T12:59:26.807Z [ERROR] Failed query: 
        SELECT 
          t.id,
          t.status,
          t.location_id,
          l.name as location_name,
          o.id as order_id,
          EXTRACT(hours FROM (NOW() - t.created_at)) as hours_since_created,
          EXTRACT(hours FROM (NOW() - t.updated_at)) as hours_since_updated
        FROM transports t
        JOIN orders o ON t.order_id = o.id
        JOIN locations l ON t.location_id = l.id
        WHERE t.status IN ('PENDING', 'IN_PROGRESS')
       ORDER BY t.created_at ASC
2025-06-24T12:59:26.808Z [ERROR] Error detecting transport issues: column o.id does not exist
2025-06-24T12:59:26.808Z [INFO] Exception detection completed: 0 issues found
2025-06-24T12:59:26.809Z [INFO] Exception detection completed: 0 total issues found
2025-06-24T12:59:26.809Z [INFO] - Staff issues: 0
2025-06-24T12:59:26.809Z [INFO] - Power issues: 0
2025-06-24T12:59:26.809Z [INFO] - Equipment issues: 0
2025-06-24T12:59:26.810Z [INFO] - Transport issues: 0
2025-06-24T12:59:26.810Z [INFO] Creating notification: SYSTEM_STATUS_OK - LOW - All systems operational - no critical issues detected
2025-06-24T12:59:26.811Z [ERROR] Failed to send notification via websocket: WebSocket notification failed: broadcastToAllClients is not a function
2025-06-24T12:59:26.811Z [INFO] Exception detection completed successfully in 93ms
2025-06-24T12:59:26.811Z [INFO] Scheduler: Job 'exceptionDetection' completed, next run: Tue Jun 24 2025 16:00:26 GMT+0300 (Ora de vară a Europei de Est)
2025-06-24T13:00:26.633Z [INFO] Scheduler: Running job 'expandRecurrences'
2025-06-24T13:00:26.634Z [INFO] ExpandRecurrences: Starting job
2025-06-24T13:00:26.692Z [INFO] ExpandRecurrences: Job completed, created 0 new recurring orders
2025-06-24T13:00:26.693Z [INFO] Scheduler: Job 'expandRecurrences' completed, next run: Tue Jun 24 2025 16:00:00 GMT+0300 (Ora de vară a Europei de Est)
2025-06-24T13:00:26.694Z [INFO] Scheduler: Running job 'checkInventory'
2025-06-24T13:00:26.694Z [INFO] CheckInventory: Starting inventory monitoring job
2025-06-24T13:00:26.699Z [INFO] Found 0 low stock items (threshold: 10)
2025-06-24T13:00:26.701Z [INFO] Found 0 out of stock items
2025-06-24T13:00:26.701Z [INFO] CheckInventory: All inventory levels are adequate
2025-06-24T13:00:26.702Z [INFO] Scheduler: Job 'checkInventory' completed, next run: Tue Jun 24 2025 17:00:00 GMT+0300 (Ora de vară a Europei de Est)
2025-06-24T13:01:26.642Z [INFO] Scheduler: Running job 'expandRecurrences'
2025-06-24T13:01:26.643Z [INFO] ExpandRecurrences: Starting job
2025-06-24T13:01:26.736Z [INFO] ExpandRecurrences: Job completed, created 0 new recurring orders
2025-06-24T13:01:26.737Z [INFO] Scheduler: Job 'expandRecurrences' completed, next run: Tue Jun 24 2025 16:05:00 GMT+0300 (Ora de vară a Europei de Est)
2025-06-24T13:01:26.738Z [INFO] Scheduler: Running job 'checkEquipmentStatus'
2025-06-24T13:01:26.738Z [INFO] CheckEquipmentStatus: Starting equipment monitoring job
2025-06-24T13:01:26.739Z [INFO] Starting equipment status check...
2025-06-24T13:01:26.750Z [ERROR] Error checking equipment status:
2025-06-24T13:01:26.751Z [ERROR] CheckEquipmentStatus: Job failed
2025-06-24T13:01:26.752Z [INFO] Scheduler: Job 'checkEquipmentStatus' completed, next run: Tue Jun 24 2025 16:02:26 GMT+0300 (Ora de vară a Europei de Est)
2025-06-24T13:01:26.753Z [INFO] Scheduler: Running job 'updateWeatherData'
2025-06-24T13:01:26.753Z [INFO] Starting weather data update job...
2025-06-24T13:01:26.754Z [INFO] Starting weather data update for all locations...
2025-06-24T13:01:26.758Z [ERROR] Error updating weather data:
2025-06-24T13:01:26.759Z [ERROR] Weather data update job failed:
2025-06-24T13:01:26.760Z [INFO] Scheduler: Job 'updateWeatherData' completed, next run: Tue Jun 24 2025 16:02:26 GMT+0300 (Ora de vară a Europei de Est)
2025-06-24T13:01:26.761Z [INFO] Scheduler: Running job 'exceptionDetection'
2025-06-24T13:01:26.761Z [INFO] Starting automated exception detection...
2025-06-24T13:01:26.762Z [INFO] Running comprehensive exception detection...
2025-06-24T13:01:26.766Z [ERROR] Error detecting staff unavailability: result.rows is not iterable
2025-06-24T13:01:26.854Z [ERROR] SQL error after 92ms: column e.updated_at does not exist
2025-06-24T13:01:26.854Z [ERROR] Failed query: 
        SELECT 
          l.id as location_id,
          l.name as location_name,
          COUNT(e.id) as total_equipment,
          COUNT(CASE WHEN e.status = 'OUT_OF_SERVICE' THEN 1 END) as out_of_service,
          COUNT(CASE WHEN e.updated_at < NOW() - INTERVAL '2 hours' THEN 1 END) as stale_equipment
        FROM locations l
        LEFT JOIN equipment e ON l.id = e.location_id
       GROUP BY l.id, l.name
2025-06-24T13:01:26.855Z [ERROR] Error detecting power outage: column e.updated_at does not exist
2025-06-24T13:01:26.859Z [ERROR] SQL error after 96ms: column em.created_at does not exist
2025-06-24T13:01:26.859Z [ERROR] Failed query: 
        SELECT 
          e.id,
          e.name,
          e.type,
          e.status,
          e.location_id,
          l.name as location_name,
          EXTRACT(days FROM (NOW() - e.updated_at)) as days_since_update,
          COUNT(em.id) as recent_maintenance
        FROM equipment e
        JOIN locations l ON e.location_id = l.id
        LEFT JOIN equipment_maintenance em ON e.id = em.equipment_id 
          AND em.created_at >= NOW() - INTERVAL '30 days'
      
        GROUP BY e.id, e.name, e.type, e.status, e.location_id, l.name, e.updated_at
        HAVING e.status = 'OUT_OF_SERVICE' 
          OR EXTRACT(days FROM (NOW() - e.updated_at)) > 7
        ORDER BY days_since_update DESC
      
2025-06-24T13:01:26.860Z [ERROR] Error detecting equipment failures: column em.created_at does not exist
2025-06-24T13:01:26.864Z [ERROR] SQL error after 101ms: column o.id does not exist
2025-06-24T13:01:26.864Z [ERROR] Failed query: 
        SELECT 
          t.id,
          t.status,
          t.location_id,
          l.name as location_name,
          o.id as order_id,
          EXTRACT(hours FROM (NOW() - t.created_at)) as hours_since_created,
          EXTRACT(hours FROM (NOW() - t.updated_at)) as hours_since_updated
        FROM transports t
        JOIN orders o ON t.order_id = o.id
        JOIN locations l ON t.location_id = l.id
        WHERE t.status IN ('PENDING', 'IN_PROGRESS')
       ORDER BY t.created_at ASC
2025-06-24T13:01:26.865Z [ERROR] Error detecting transport issues: column o.id does not exist
2025-06-24T13:01:26.865Z [INFO] Exception detection completed: 0 issues found
2025-06-24T13:01:26.865Z [INFO] Exception detection completed: 0 total issues found
2025-06-24T13:01:26.866Z [INFO] - Staff issues: 0
2025-06-24T13:01:26.866Z [INFO] - Power issues: 0
2025-06-24T13:01:26.866Z [INFO] - Equipment issues: 0
2025-06-24T13:01:26.866Z [INFO] - Transport issues: 0
2025-06-24T13:01:26.867Z [INFO] Creating notification: SYSTEM_STATUS_OK - LOW - All systems operational - no critical issues detected
2025-06-24T13:01:26.867Z [ERROR] Failed to send notification via websocket: WebSocket notification failed: broadcastToAllClients is not a function
2025-06-24T13:01:26.868Z [INFO] Exception detection completed successfully in 107ms
2025-06-24T13:01:26.868Z [INFO] Scheduler: Job 'exceptionDetection' completed, next run: Tue Jun 24 2025 16:02:26 GMT+0300 (Ora de vară a Europei de Est)
2025-06-24T13:03:26.672Z [INFO] Scheduler: Running job 'checkEquipmentStatus'
2025-06-24T13:03:26.673Z [INFO] CheckEquipmentStatus: Starting equipment monitoring job
2025-06-24T13:03:26.674Z [INFO] Starting equipment status check...
2025-06-24T13:03:26.753Z [ERROR] Error checking equipment status:
2025-06-24T13:03:26.754Z [ERROR] CheckEquipmentStatus: Job failed
2025-06-24T13:03:26.754Z [INFO] Scheduler: Job 'checkEquipmentStatus' completed, next run: Tue Jun 24 2025 16:04:26 GMT+0300 (Ora de vară a Europei de Est)
2025-06-24T13:03:26.755Z [INFO] Scheduler: Running job 'updateWeatherData'
2025-06-24T13:03:26.755Z [INFO] Starting weather data update job...
2025-06-24T13:03:26.756Z [INFO] Starting weather data update for all locations...
2025-06-24T13:03:26.760Z [ERROR] Error updating weather data:
2025-06-24T13:03:26.761Z [ERROR] Weather data update job failed:
2025-06-24T13:03:26.761Z [INFO] Scheduler: Job 'updateWeatherData' completed, next run: Tue Jun 24 2025 16:04:26 GMT+0300 (Ora de vară a Europei de Est)
2025-06-24T13:03:26.762Z [INFO] Scheduler: Running job 'exceptionDetection'
2025-06-24T13:03:26.762Z [INFO] Starting automated exception detection...
2025-06-24T13:03:26.763Z [INFO] Running comprehensive exception detection...
2025-06-24T13:03:26.768Z [ERROR] Error detecting staff unavailability: result.rows is not iterable
2025-06-24T13:03:26.852Z [ERROR] SQL error after 89ms: column em.created_at does not exist
2025-06-24T13:03:26.852Z [ERROR] Failed query: 
        SELECT 
          e.id,
          e.name,
          e.type,
          e.status,
          e.location_id,
          l.name as location_name,
          EXTRACT(days FROM (NOW() - e.updated_at)) as days_since_update,
          COUNT(em.id) as recent_maintenance
        FROM equipment e
        JOIN locations l ON e.location_id = l.id
        LEFT JOIN equipment_maintenance em ON e.id = em.equipment_id 
          AND em.created_at >= NOW() - INTERVAL '30 days'
      
        GROUP BY e.id, e.name, e.type, e.status, e.location_id, l.name, e.updated_at
        HAVING e.status = 'OUT_OF_SERVICE' 
          OR EXTRACT(days FROM (NOW() - e.updated_at)) > 7
        ORDER BY days_since_update DESC
      
2025-06-24T13:03:26.853Z [ERROR] Error detecting equipment failures: column em.created_at does not exist
2025-06-24T13:03:26.854Z [ERROR] SQL error after 91ms: column e.updated_at does not exist
2025-06-24T13:03:26.854Z [ERROR] Failed query: 
        SELECT 
          l.id as location_id,
          l.name as location_name,
          COUNT(e.id) as total_equipment,
          COUNT(CASE WHEN e.status = 'OUT_OF_SERVICE' THEN 1 END) as out_of_service,
          COUNT(CASE WHEN e.updated_at < NOW() - INTERVAL '2 hours' THEN 1 END) as stale_equipment
        FROM locations l
        LEFT JOIN equipment e ON l.id = e.location_id
       GROUP BY l.id, l.name
2025-06-24T13:03:26.855Z [ERROR] Error detecting power outage: column e.updated_at does not exist
2025-06-24T13:03:26.858Z [ERROR] SQL error after 95ms: column o.id does not exist
2025-06-24T13:03:26.858Z [ERROR] Failed query: 
        SELECT 
          t.id,
          t.status,
          t.location_id,
          l.name as location_name,
          o.id as order_id,
          EXTRACT(hours FROM (NOW() - t.created_at)) as hours_since_created,
          EXTRACT(hours FROM (NOW() - t.updated_at)) as hours_since_updated
        FROM transports t
        JOIN orders o ON t.order_id = o.id
        JOIN locations l ON t.location_id = l.id
        WHERE t.status IN ('PENDING', 'IN_PROGRESS')
       ORDER BY t.created_at ASC
2025-06-24T13:03:26.859Z [ERROR] Error detecting transport issues: column o.id does not exist
2025-06-24T13:03:26.859Z [INFO] Exception detection completed: 0 issues found
2025-06-24T13:03:26.860Z [INFO] Exception detection completed: 0 total issues found
2025-06-24T13:03:26.860Z [INFO] - Staff issues: 0
2025-06-24T13:03:26.860Z [INFO] - Power issues: 0
2025-06-24T13:03:26.861Z [INFO] - Equipment issues: 0
2025-06-24T13:03:26.862Z [INFO] - Transport issues: 0
2025-06-24T13:03:26.862Z [INFO] Creating notification: SYSTEM_STATUS_OK - LOW - All systems operational - no critical issues detected
2025-06-24T13:03:26.863Z [ERROR] Failed to send notification via websocket: WebSocket notification failed: broadcastToAllClients is not a function
2025-06-24T13:03:26.864Z [INFO] Exception detection completed successfully in 102ms
2025-06-24T13:03:26.864Z [INFO] Scheduler: Job 'exceptionDetection' completed, next run: Tue Jun 24 2025 16:04:26 GMT+0300 (Ora de vară a Europei de Est)
2025-06-24T13:05:26.677Z [INFO] Scheduler: Running job 'expandRecurrences'
2025-06-24T13:05:26.678Z [INFO] ExpandRecurrences: Starting job
2025-06-24T13:05:26.759Z [INFO] ExpandRecurrences: Job completed, created 0 new recurring orders
2025-06-24T13:05:26.760Z [INFO] Scheduler: Job 'expandRecurrences' completed, next run: Tue Jun 24 2025 16:05:00 GMT+0300 (Ora de vară a Europei de Est)
2025-06-24T13:05:26.760Z [INFO] Scheduler: Running job 'checkEquipmentStatus'
2025-06-24T13:05:26.760Z [INFO] CheckEquipmentStatus: Starting equipment monitoring job
2025-06-24T13:05:26.761Z [INFO] Starting equipment status check...
2025-06-24T13:05:26.766Z [ERROR] Error checking equipment status:
2025-06-24T13:05:26.767Z [ERROR] CheckEquipmentStatus: Job failed
2025-06-24T13:05:26.768Z [INFO] Scheduler: Job 'checkEquipmentStatus' completed, next run: Tue Jun 24 2025 16:06:26 GMT+0300 (Ora de vară a Europei de Est)
2025-06-24T13:05:26.768Z [INFO] Scheduler: Running job 'updateWeatherData'
2025-06-24T13:05:26.769Z [INFO] Starting weather data update job...
2025-06-24T13:05:26.769Z [INFO] Starting weather data update for all locations...
2025-06-24T13:05:26.777Z [ERROR] Error updating weather data:
2025-06-24T13:05:26.777Z [ERROR] Weather data update job failed:
2025-06-24T13:05:26.778Z [INFO] Scheduler: Job 'updateWeatherData' completed, next run: Tue Jun 24 2025 16:06:26 GMT+0300 (Ora de vară a Europei de Est)
2025-06-24T13:05:26.778Z [INFO] Scheduler: Running job 'exceptionDetection'
2025-06-24T13:05:26.779Z [INFO] Starting automated exception detection...
2025-06-24T13:05:26.779Z [INFO] Running comprehensive exception detection...
2025-06-24T13:05:26.783Z [ERROR] Error detecting staff unavailability: result.rows is not iterable
2025-06-24T13:05:26.846Z [ERROR] SQL error after 66ms: column e.updated_at does not exist
2025-06-24T13:05:26.847Z [ERROR] Failed query: 
        SELECT 
          l.id as location_id,
          l.name as location_name,
          COUNT(e.id) as total_equipment,
          COUNT(CASE WHEN e.status = 'OUT_OF_SERVICE' THEN 1 END) as out_of_service,
          COUNT(CASE WHEN e.updated_at < NOW() - INTERVAL '2 hours' THEN 1 END) as stale_equipment
        FROM locations l
        LEFT JOIN equipment e ON l.id = e.location_id
       GROUP BY l.id, l.name
2025-06-24T13:05:26.847Z [ERROR] Error detecting power outage: column e.updated_at does not exist
2025-06-24T13:05:26.849Z [ERROR] SQL error after 69ms: column o.id does not exist
2025-06-24T13:05:26.849Z [ERROR] Failed query: 
        SELECT 
          t.id,
          t.status,
          t.location_id,
          l.name as location_name,
          o.id as order_id,
          EXTRACT(hours FROM (NOW() - t.created_at)) as hours_since_created,
          EXTRACT(hours FROM (NOW() - t.updated_at)) as hours_since_updated
        FROM transports t
        JOIN orders o ON t.order_id = o.id
        JOIN locations l ON t.location_id = l.id
        WHERE t.status IN ('PENDING', 'IN_PROGRESS')
       ORDER BY t.created_at ASC
2025-06-24T13:05:26.850Z [ERROR] Error detecting transport issues: column o.id does not exist
2025-06-24T13:05:26.934Z [ERROR] SQL error after 154ms: column em.created_at does not exist
2025-06-24T13:05:26.935Z [ERROR] Failed query: 
        SELECT 
          e.id,
          e.name,
          e.type,
          e.status,
          e.location_id,
          l.name as location_name,
          EXTRACT(days FROM (NOW() - e.updated_at)) as days_since_update,
          COUNT(em.id) as recent_maintenance
        FROM equipment e
        JOIN locations l ON e.location_id = l.id
        LEFT JOIN equipment_maintenance em ON e.id = em.equipment_id 
          AND em.created_at >= NOW() - INTERVAL '30 days'
      
        GROUP BY e.id, e.name, e.type, e.status, e.location_id, l.name, e.updated_at
        HAVING e.status = 'OUT_OF_SERVICE' 
          OR EXTRACT(days FROM (NOW() - e.updated_at)) > 7
        ORDER BY days_since_update DESC
      
2025-06-24T13:05:26.936Z [ERROR] Error detecting equipment failures: column em.created_at does not exist
2025-06-24T13:05:26.937Z [INFO] Exception detection completed: 0 issues found
2025-06-24T13:05:26.938Z [INFO] Exception detection completed: 0 total issues found
2025-06-24T13:05:26.938Z [INFO] - Staff issues: 0
2025-06-24T13:05:26.938Z [INFO] - Power issues: 0
2025-06-24T13:05:26.939Z [INFO] - Equipment issues: 0
2025-06-24T13:05:26.939Z [INFO] - Transport issues: 0
2025-06-24T13:05:26.939Z [INFO] Creating notification: SYSTEM_STATUS_OK - LOW - All systems operational - no critical issues detected
2025-06-24T13:05:26.940Z [ERROR] Failed to send notification via websocket: WebSocket notification failed: broadcastToAllClients is not a function
2025-06-24T13:05:26.940Z [INFO] Exception detection completed successfully in 161ms
2025-06-24T13:05:26.941Z [INFO] Scheduler: Job 'exceptionDetection' completed, next run: Tue Jun 24 2025 16:06:26 GMT+0300 (Ora de vară a Europei de Est)
2025-06-24T13:06:26.682Z [INFO] Scheduler: Running job 'expandRecurrences'
2025-06-24T13:06:26.683Z [INFO] ExpandRecurrences: Starting job
2025-06-24T13:06:26.759Z [INFO] ExpandRecurrences: Job completed, created 0 new recurring orders
2025-06-24T13:06:26.759Z [INFO] Scheduler: Job 'expandRecurrences' completed, next run: Tue Jun 24 2025 16:10:00 GMT+0300 (Ora de vară a Europei de Est)
2025-06-24T13:07:26.699Z [INFO] Scheduler: Running job 'checkEquipmentStatus'
2025-06-24T13:07:26.700Z [INFO] CheckEquipmentStatus: Starting equipment monitoring job
2025-06-24T13:07:26.700Z [INFO] Starting equipment status check...
2025-06-24T13:07:26.783Z [ERROR] Error checking equipment status:
2025-06-24T13:07:26.783Z [ERROR] CheckEquipmentStatus: Job failed
2025-06-24T13:07:26.784Z [INFO] Scheduler: Job 'checkEquipmentStatus' completed, next run: Tue Jun 24 2025 16:08:26 GMT+0300 (Ora de vară a Europei de Est)
2025-06-24T13:07:26.785Z [INFO] Scheduler: Running job 'updateWeatherData'
2025-06-24T13:07:26.785Z [INFO] Starting weather data update job...
2025-06-24T13:07:26.785Z [INFO] Starting weather data update for all locations...
2025-06-24T13:07:26.789Z [ERROR] Error updating weather data:
2025-06-24T13:07:26.789Z [ERROR] Weather data update job failed:
2025-06-24T13:07:26.790Z [INFO] Scheduler: Job 'updateWeatherData' completed, next run: Tue Jun 24 2025 16:08:26 GMT+0300 (Ora de vară a Europei de Est)
2025-06-24T13:07:26.790Z [INFO] Scheduler: Running job 'exceptionDetection'
2025-06-24T13:07:26.791Z [INFO] Starting automated exception detection...
2025-06-24T13:07:26.791Z [INFO] Running comprehensive exception detection...
2025-06-24T13:07:26.796Z [ERROR] Error detecting staff unavailability: result.rows is not iterable
2025-06-24T13:07:26.876Z [ERROR] SQL error after 84ms: column e.updated_at does not exist
2025-06-24T13:07:26.877Z [ERROR] Failed query: 
        SELECT 
          l.id as location_id,
          l.name as location_name,
          COUNT(e.id) as total_equipment,
          COUNT(CASE WHEN e.status = 'OUT_OF_SERVICE' THEN 1 END) as out_of_service,
          COUNT(CASE WHEN e.updated_at < NOW() - INTERVAL '2 hours' THEN 1 END) as stale_equipment
        FROM locations l
        LEFT JOIN equipment e ON l.id = e.location_id
       GROUP BY l.id, l.name
2025-06-24T13:07:26.877Z [ERROR] Error detecting power outage: column e.updated_at does not exist
2025-06-24T13:07:26.881Z [ERROR] SQL error after 89ms: column em.created_at does not exist
2025-06-24T13:07:26.881Z [ERROR] Failed query: 
        SELECT 
          e.id,
          e.name,
          e.type,
          e.status,
          e.location_id,
          l.name as location_name,
          EXTRACT(days FROM (NOW() - e.updated_at)) as days_since_update,
          COUNT(em.id) as recent_maintenance
        FROM equipment e
        JOIN locations l ON e.location_id = l.id
        LEFT JOIN equipment_maintenance em ON e.id = em.equipment_id 
          AND em.created_at >= NOW() - INTERVAL '30 days'
      
        GROUP BY e.id, e.name, e.type, e.status, e.location_id, l.name, e.updated_at
        HAVING e.status = 'OUT_OF_SERVICE' 
          OR EXTRACT(days FROM (NOW() - e.updated_at)) > 7
        ORDER BY days_since_update DESC
      
2025-06-24T13:07:26.882Z [ERROR] Error detecting equipment failures: column em.created_at does not exist
2025-06-24T13:07:26.883Z [ERROR] SQL error after 91ms: column o.id does not exist
2025-06-24T13:07:26.884Z [ERROR] Failed query: 
        SELECT 
          t.id,
          t.status,
          t.location_id,
          l.name as location_name,
          o.id as order_id,
          EXTRACT(hours FROM (NOW() - t.created_at)) as hours_since_created,
          EXTRACT(hours FROM (NOW() - t.updated_at)) as hours_since_updated
        FROM transports t
        JOIN orders o ON t.order_id = o.id
        JOIN locations l ON t.location_id = l.id
        WHERE t.status IN ('PENDING', 'IN_PROGRESS')
       ORDER BY t.created_at ASC
2025-06-24T13:07:26.884Z [ERROR] Error detecting transport issues: column o.id does not exist
2025-06-24T13:07:26.885Z [INFO] Exception detection completed: 0 issues found
2025-06-24T13:07:26.886Z [INFO] Exception detection completed: 0 total issues found
2025-06-24T13:07:26.886Z [INFO] - Staff issues: 0
2025-06-24T13:07:26.887Z [INFO] - Power issues: 0
2025-06-24T13:07:26.887Z [INFO] - Equipment issues: 0
2025-06-24T13:07:26.888Z [INFO] - Transport issues: 0
2025-06-24T13:07:26.888Z [INFO] Creating notification: SYSTEM_STATUS_OK - LOW - All systems operational - no critical issues detected
2025-06-24T13:07:26.889Z [ERROR] Failed to send notification via websocket: WebSocket notification failed: broadcastToAllClients is not a function
2025-06-24T13:07:26.889Z [INFO] Exception detection completed successfully in 98ms
2025-06-24T13:07:26.890Z [INFO] Scheduler: Job 'exceptionDetection' completed, next run: Tue Jun 24 2025 16:08:26 GMT+0300 (Ora de vară a Europei de Est)
2025-06-24T13:09:26.726Z [INFO] Scheduler: Running job 'checkEquipmentStatus'
2025-06-24T13:09:26.727Z [INFO] CheckEquipmentStatus: Starting equipment monitoring job
2025-06-24T13:09:26.728Z [INFO] Starting equipment status check...
2025-06-24T13:09:26.807Z [ERROR] Error checking equipment status:
2025-06-24T13:09:26.808Z [ERROR] CheckEquipmentStatus: Job failed
2025-06-24T13:09:26.808Z [INFO] Scheduler: Job 'checkEquipmentStatus' completed, next run: Tue Jun 24 2025 16:10:26 GMT+0300 (Ora de vară a Europei de Est)
2025-06-24T13:09:26.809Z [INFO] Scheduler: Running job 'updateWeatherData'
2025-06-24T13:09:26.809Z [INFO] Starting weather data update job...
2025-06-24T13:09:26.810Z [INFO] Starting weather data update for all locations...
2025-06-24T13:09:26.812Z [ERROR] Error updating weather data:
2025-06-24T13:09:26.813Z [ERROR] Weather data update job failed:
2025-06-24T13:09:26.814Z [INFO] Scheduler: Job 'updateWeatherData' completed, next run: Tue Jun 24 2025 16:10:26 GMT+0300 (Ora de vară a Europei de Est)
2025-06-24T13:09:26.814Z [INFO] Scheduler: Running job 'exceptionDetection'
2025-06-24T13:09:26.815Z [INFO] Starting automated exception detection...
2025-06-24T13:09:26.815Z [INFO] Running comprehensive exception detection...
2025-06-24T13:09:26.820Z [ERROR] Error detecting staff unavailability: result.rows is not iterable
2025-06-24T13:09:26.887Z [ERROR] SQL error after 71ms: column em.created_at does not exist
2025-06-24T13:09:26.888Z [ERROR] Failed query: 
        SELECT 
          e.id,
          e.name,
          e.type,
          e.status,
          e.location_id,
          l.name as location_name,
          EXTRACT(days FROM (NOW() - e.updated_at)) as days_since_update,
          COUNT(em.id) as recent_maintenance
        FROM equipment e
        JOIN locations l ON e.location_id = l.id
        LEFT JOIN equipment_maintenance em ON e.id = em.equipment_id 
          AND em.created_at >= NOW() - INTERVAL '30 days'
      
        GROUP BY e.id, e.name, e.type, e.status, e.location_id, l.name, e.updated_at
        HAVING e.status = 'OUT_OF_SERVICE' 
          OR EXTRACT(days FROM (NOW() - e.updated_at)) > 7
        ORDER BY days_since_update DESC
      
2025-06-24T13:09:26.889Z [ERROR] Error detecting equipment failures: column em.created_at does not exist
2025-06-24T13:09:26.892Z [ERROR] SQL error after 76ms: column o.id does not exist
2025-06-24T13:09:26.893Z [ERROR] Failed query: 
        SELECT 
          t.id,
          t.status,
          t.location_id,
          l.name as location_name,
          o.id as order_id,
          EXTRACT(hours FROM (NOW() - t.created_at)) as hours_since_created,
          EXTRACT(hours FROM (NOW() - t.updated_at)) as hours_since_updated
        FROM transports t
        JOIN orders o ON t.order_id = o.id
        JOIN locations l ON t.location_id = l.id
        WHERE t.status IN ('PENDING', 'IN_PROGRESS')
       ORDER BY t.created_at ASC
2025-06-24T13:09:26.893Z [ERROR] Error detecting transport issues: column o.id does not exist
2025-06-24T13:09:26.988Z [ERROR] SQL error after 172ms: column e.updated_at does not exist
2025-06-24T13:09:26.989Z [ERROR] Failed query: 
        SELECT 
          l.id as location_id,
          l.name as location_name,
          COUNT(e.id) as total_equipment,
          COUNT(CASE WHEN e.status = 'OUT_OF_SERVICE' THEN 1 END) as out_of_service,
          COUNT(CASE WHEN e.updated_at < NOW() - INTERVAL '2 hours' THEN 1 END) as stale_equipment
        FROM locations l
        LEFT JOIN equipment e ON l.id = e.location_id
       GROUP BY l.id, l.name
2025-06-24T13:09:26.989Z [ERROR] Error detecting power outage: column e.updated_at does not exist
2025-06-24T13:09:26.990Z [INFO] Exception detection completed: 0 issues found
2025-06-24T13:09:26.990Z [INFO] Exception detection completed: 0 total issues found
2025-06-24T13:09:26.990Z [INFO] - Staff issues: 0
2025-06-24T13:09:26.991Z [INFO] - Power issues: 0
2025-06-24T13:09:26.991Z [INFO] - Equipment issues: 0
2025-06-24T13:09:26.991Z [INFO] - Transport issues: 0
2025-06-24T13:09:26.991Z [INFO] Creating notification: SYSTEM_STATUS_OK - LOW - All systems operational - no critical issues detected
2025-06-24T13:09:26.992Z [ERROR] Failed to send notification via websocket: WebSocket notification failed: broadcastToAllClients is not a function
2025-06-24T13:09:26.992Z [INFO] Exception detection completed successfully in 177ms
2025-06-24T13:09:26.993Z [INFO] Scheduler: Job 'exceptionDetection' completed, next run: Tue Jun 24 2025 16:10:26 GMT+0300 (Ora de vară a Europei de Est)
2025-06-24T13:10:26.738Z [INFO] Scheduler: Running job 'expandRecurrences'
2025-06-24T13:10:26.739Z [INFO] ExpandRecurrences: Starting job
2025-06-24T13:10:26.824Z [INFO] ExpandRecurrences: Job completed, created 0 new recurring orders
2025-06-24T13:10:26.825Z [INFO] Scheduler: Job 'expandRecurrences' completed, next run: Tue Jun 24 2025 16:10:00 GMT+0300 (Ora de vară a Europei de Est)
2025-06-24T13:11:26.740Z [INFO] Scheduler: Running job 'expandRecurrences'
2025-06-24T13:11:26.741Z [INFO] ExpandRecurrences: Starting job
2025-06-24T13:11:26.815Z [INFO] ExpandRecurrences: Job completed, created 0 new recurring orders
2025-06-24T13:11:26.816Z [INFO] Scheduler: Job 'expandRecurrences' completed, next run: Tue Jun 24 2025 16:15:00 GMT+0300 (Ora de vară a Europei de Est)
2025-06-24T13:11:26.816Z [INFO] Scheduler: Running job 'checkEquipmentStatus'
2025-06-24T13:11:26.817Z [INFO] CheckEquipmentStatus: Starting equipment monitoring job
2025-06-24T13:11:26.817Z [INFO] Starting equipment status check...
2025-06-24T13:11:26.822Z [ERROR] Error checking equipment status:
2025-06-24T13:11:26.823Z [ERROR] CheckEquipmentStatus: Job failed
2025-06-24T13:11:26.824Z [INFO] Scheduler: Job 'checkEquipmentStatus' completed, next run: Tue Jun 24 2025 16:12:26 GMT+0300 (Ora de vară a Europei de Est)
2025-06-24T13:11:26.824Z [INFO] Scheduler: Running job 'updateWeatherData'
2025-06-24T13:11:26.825Z [INFO] Starting weather data update job...
2025-06-24T13:11:26.826Z [INFO] Starting weather data update for all locations...
2025-06-24T13:11:26.830Z [ERROR] Error updating weather data:
2025-06-24T13:11:26.831Z [ERROR] Weather data update job failed:
2025-06-24T13:11:26.832Z [INFO] Scheduler: Job 'updateWeatherData' completed, next run: Tue Jun 24 2025 16:12:26 GMT+0300 (Ora de vară a Europei de Est)
2025-06-24T13:11:26.833Z [INFO] Scheduler: Running job 'exceptionDetection'
2025-06-24T13:11:26.833Z [INFO] Starting automated exception detection...
2025-06-24T13:11:26.834Z [INFO] Running comprehensive exception detection...
2025-06-24T13:11:26.840Z [ERROR] Error detecting staff unavailability: result.rows is not iterable
2025-06-24T13:11:26.941Z [ERROR] SQL error after 106ms: column e.updated_at does not exist
2025-06-24T13:11:26.942Z [ERROR] Failed query: 
        SELECT 
          l.id as location_id,
          l.name as location_name,
          COUNT(e.id) as total_equipment,
          COUNT(CASE WHEN e.status = 'OUT_OF_SERVICE' THEN 1 END) as out_of_service,
          COUNT(CASE WHEN e.updated_at < NOW() - INTERVAL '2 hours' THEN 1 END) as stale_equipment
        FROM locations l
        LEFT JOIN equipment e ON l.id = e.location_id
       GROUP BY l.id, l.name
2025-06-24T13:11:26.943Z [ERROR] Error detecting power outage: column e.updated_at does not exist
2025-06-24T13:11:26.944Z [ERROR] SQL error after 109ms: column o.id does not exist
2025-06-24T13:11:26.945Z [ERROR] Failed query: 
        SELECT 
          t.id,
          t.status,
          t.location_id,
          l.name as location_name,
          o.id as order_id,
          EXTRACT(hours FROM (NOW() - t.created_at)) as hours_since_created,
          EXTRACT(hours FROM (NOW() - t.updated_at)) as hours_since_updated
        FROM transports t
        JOIN orders o ON t.order_id = o.id
        JOIN locations l ON t.location_id = l.id
        WHERE t.status IN ('PENDING', 'IN_PROGRESS')
       ORDER BY t.created_at ASC
2025-06-24T13:11:26.946Z [ERROR] Error detecting transport issues: column o.id does not exist
2025-06-24T13:11:27.034Z [ERROR] SQL error after 199ms: column em.created_at does not exist
2025-06-24T13:11:27.035Z [ERROR] Failed query: 
        SELECT 
          e.id,
          e.name,
          e.type,
          e.status,
          e.location_id,
          l.name as location_name,
          EXTRACT(days FROM (NOW() - e.updated_at)) as days_since_update,
          COUNT(em.id) as recent_maintenance
        FROM equipment e
        JOIN locations l ON e.location_id = l.id
        LEFT JOIN equipment_maintenance em ON e.id = em.equipment_id 
          AND em.created_at >= NOW() - INTERVAL '30 days'
      
        GROUP BY e.id, e.name, e.type, e.status, e.location_id, l.name, e.updated_at
        HAVING e.status = 'OUT_OF_SERVICE' 
          OR EXTRACT(days FROM (NOW() - e.updated_at)) > 7
        ORDER BY days_since_update DESC
      
2025-06-24T13:11:27.036Z [ERROR] Error detecting equipment failures: column em.created_at does not exist
2025-06-24T13:11:27.036Z [INFO] Exception detection completed: 0 issues found
2025-06-24T13:11:27.037Z [INFO] Exception detection completed: 0 total issues found
2025-06-24T13:11:27.037Z [INFO] - Staff issues: 0
2025-06-24T13:11:27.038Z [INFO] - Power issues: 0
2025-06-24T13:11:27.038Z [INFO] - Equipment issues: 0
2025-06-24T13:11:27.039Z [INFO] - Transport issues: 0
2025-06-24T13:11:27.039Z [INFO] Creating notification: SYSTEM_STATUS_OK - LOW - All systems operational - no critical issues detected
2025-06-24T13:11:27.040Z [ERROR] Failed to send notification via websocket: WebSocket notification failed: broadcastToAllClients is not a function
2025-06-24T13:11:27.041Z [INFO] Exception detection completed successfully in 208ms
2025-06-24T13:11:27.042Z [INFO] Scheduler: Job 'exceptionDetection' completed, next run: Tue Jun 24 2025 16:12:27 GMT+0300 (Ora de vară a Europei de Est)
2025-06-24T13:13:26.757Z [INFO] Scheduler: Running job 'checkEquipmentStatus'
2025-06-24T13:13:26.757Z [INFO] CheckEquipmentStatus: Starting equipment monitoring job
2025-06-24T13:13:26.758Z [INFO] Starting equipment status check...
2025-06-24T13:13:26.816Z [ERROR] Error checking equipment status:
2025-06-24T13:13:26.817Z [ERROR] CheckEquipmentStatus: Job failed
2025-06-24T13:13:26.817Z [INFO] Scheduler: Job 'checkEquipmentStatus' completed, next run: Tue Jun 24 2025 16:14:26 GMT+0300 (Ora de vară a Europei de Est)
2025-06-24T13:13:26.818Z [INFO] Scheduler: Running job 'updateWeatherData'
2025-06-24T13:13:26.818Z [INFO] Starting weather data update job...
2025-06-24T13:13:26.819Z [INFO] Starting weather data update for all locations...
2025-06-24T13:13:26.822Z [ERROR] Error updating weather data:
2025-06-24T13:13:26.822Z [ERROR] Weather data update job failed:
2025-06-24T13:13:26.823Z [INFO] Scheduler: Job 'updateWeatherData' completed, next run: Tue Jun 24 2025 16:14:26 GMT+0300 (Ora de vară a Europei de Est)
2025-06-24T13:13:26.823Z [INFO] Scheduler: Running job 'exceptionDetection'
2025-06-24T13:13:26.823Z [INFO] Starting automated exception detection...
2025-06-24T13:13:26.824Z [INFO] Running comprehensive exception detection...
2025-06-24T13:13:26.828Z [ERROR] Error detecting staff unavailability: result.rows is not iterable
2025-06-24T13:13:26.892Z [ERROR] SQL error after 68ms: column e.updated_at does not exist
2025-06-24T13:13:26.893Z [ERROR] Failed query: 
        SELECT 
          l.id as location_id,
          l.name as location_name,
          COUNT(e.id) as total_equipment,
          COUNT(CASE WHEN e.status = 'OUT_OF_SERVICE' THEN 1 END) as out_of_service,
          COUNT(CASE WHEN e.updated_at < NOW() - INTERVAL '2 hours' THEN 1 END) as stale_equipment
        FROM locations l
        LEFT JOIN equipment e ON l.id = e.location_id
       GROUP BY l.id, l.name
2025-06-24T13:13:26.893Z [ERROR] Error detecting power outage: column e.updated_at does not exist
2025-06-24T13:13:26.901Z [ERROR] SQL error after 77ms: column o.id does not exist
2025-06-24T13:13:26.901Z [ERROR] Failed query: 
        SELECT 
          t.id,
          t.status,
          t.location_id,
          l.name as location_name,
          o.id as order_id,
          EXTRACT(hours FROM (NOW() - t.created_at)) as hours_since_created,
          EXTRACT(hours FROM (NOW() - t.updated_at)) as hours_since_updated
        FROM transports t
        JOIN orders o ON t.order_id = o.id
        JOIN locations l ON t.location_id = l.id
        WHERE t.status IN ('PENDING', 'IN_PROGRESS')
       ORDER BY t.created_at ASC
2025-06-24T13:13:26.902Z [ERROR] Error detecting transport issues: column o.id does not exist
2025-06-24T13:13:26.903Z [ERROR] SQL error after 79ms: column em.created_at does not exist
2025-06-24T13:13:26.903Z [ERROR] Failed query: 
        SELECT 
          e.id,
          e.name,
          e.type,
          e.status,
          e.location_id,
          l.name as location_name,
          EXTRACT(days FROM (NOW() - e.updated_at)) as days_since_update,
          COUNT(em.id) as recent_maintenance
        FROM equipment e
        JOIN locations l ON e.location_id = l.id
        LEFT JOIN equipment_maintenance em ON e.id = em.equipment_id 
          AND em.created_at >= NOW() - INTERVAL '30 days'
      
        GROUP BY e.id, e.name, e.type, e.status, e.location_id, l.name, e.updated_at
        HAVING e.status = 'OUT_OF_SERVICE' 
          OR EXTRACT(days FROM (NOW() - e.updated_at)) > 7
        ORDER BY days_since_update DESC
      
2025-06-24T13:13:26.904Z [ERROR] Error detecting equipment failures: column em.created_at does not exist
2025-06-24T13:13:26.904Z [INFO] Exception detection completed: 0 issues found
2025-06-24T13:13:26.905Z [INFO] Exception detection completed: 0 total issues found
2025-06-24T13:13:26.905Z [INFO] - Staff issues: 0
2025-06-24T13:13:26.905Z [INFO] - Power issues: 0
2025-06-24T13:13:26.906Z [INFO] - Equipment issues: 0
2025-06-24T13:13:26.906Z [INFO] - Transport issues: 0
2025-06-24T13:13:26.906Z [INFO] Creating notification: SYSTEM_STATUS_OK - LOW - All systems operational - no critical issues detected
2025-06-24T13:13:26.907Z [ERROR] Failed to send notification via websocket: WebSocket notification failed: broadcastToAllClients is not a function
2025-06-24T13:13:26.907Z [INFO] Exception detection completed successfully in 84ms
2025-06-24T13:13:26.908Z [INFO] Scheduler: Job 'exceptionDetection' completed, next run: Tue Jun 24 2025 16:14:26 GMT+0300 (Ora de vară a Europei de Est)
2025-06-24T13:15:26.765Z [INFO] Scheduler: Running job 'expandRecurrences'
2025-06-24T13:15:26.766Z [INFO] ExpandRecurrences: Starting job
2025-06-24T13:15:26.852Z [INFO] ExpandRecurrences: Job completed, created 0 new recurring orders
2025-06-24T13:15:26.853Z [INFO] Scheduler: Job 'expandRecurrences' completed, next run: Tue Jun 24 2025 16:15:00 GMT+0300 (Ora de vară a Europei de Est)
2025-06-24T13:15:26.854Z [INFO] Scheduler: Running job 'checkEquipmentStatus'
2025-06-24T13:15:26.854Z [INFO] CheckEquipmentStatus: Starting equipment monitoring job
2025-06-24T13:15:26.855Z [INFO] Starting equipment status check...
2025-06-24T13:15:26.864Z [ERROR] Error checking equipment status:
2025-06-24T13:15:26.864Z [ERROR] CheckEquipmentStatus: Job failed
2025-06-24T13:15:26.865Z [INFO] Scheduler: Job 'checkEquipmentStatus' completed, next run: Tue Jun 24 2025 16:16:26 GMT+0300 (Ora de vară a Europei de Est)
2025-06-24T13:15:26.866Z [INFO] Scheduler: Running job 'updateWeatherData'
2025-06-24T13:15:26.866Z [INFO] Starting weather data update job...
2025-06-24T13:15:26.867Z [INFO] Starting weather data update for all locations...
2025-06-24T13:15:26.871Z [ERROR] Error updating weather data:
2025-06-24T13:15:26.872Z [ERROR] Weather data update job failed:
2025-06-24T13:15:26.872Z [INFO] Scheduler: Job 'updateWeatherData' completed, next run: Tue Jun 24 2025 16:16:26 GMT+0300 (Ora de vară a Europei de Est)
2025-06-24T13:15:26.873Z [INFO] Scheduler: Running job 'exceptionDetection'
2025-06-24T13:15:26.873Z [INFO] Starting automated exception detection...
2025-06-24T13:15:26.874Z [INFO] Running comprehensive exception detection...
2025-06-24T13:15:26.878Z [ERROR] Error detecting staff unavailability: result.rows is not iterable
2025-06-24T13:15:26.957Z [ERROR] SQL error after 83ms: column e.updated_at does not exist
2025-06-24T13:15:26.957Z [ERROR] Failed query: 
        SELECT 
          l.id as location_id,
          l.name as location_name,
          COUNT(e.id) as total_equipment,
          COUNT(CASE WHEN e.status = 'OUT_OF_SERVICE' THEN 1 END) as out_of_service,
          COUNT(CASE WHEN e.updated_at < NOW() - INTERVAL '2 hours' THEN 1 END) as stale_equipment
        FROM locations l
        LEFT JOIN equipment e ON l.id = e.location_id
       GROUP BY l.id, l.name
2025-06-24T13:15:26.958Z [ERROR] Error detecting power outage: column e.updated_at does not exist
2025-06-24T13:15:26.964Z [ERROR] SQL error after 90ms: column em.created_at does not exist
2025-06-24T13:15:26.965Z [ERROR] Failed query: 
        SELECT 
          e.id,
          e.name,
          e.type,
          e.status,
          e.location_id,
          l.name as location_name,
          EXTRACT(days FROM (NOW() - e.updated_at)) as days_since_update,
          COUNT(em.id) as recent_maintenance
        FROM equipment e
        JOIN locations l ON e.location_id = l.id
        LEFT JOIN equipment_maintenance em ON e.id = em.equipment_id 
          AND em.created_at >= NOW() - INTERVAL '30 days'
      
        GROUP BY e.id, e.name, e.type, e.status, e.location_id, l.name, e.updated_at
        HAVING e.status = 'OUT_OF_SERVICE' 
          OR EXTRACT(days FROM (NOW() - e.updated_at)) > 7
        ORDER BY days_since_update DESC
      
2025-06-24T13:15:26.965Z [ERROR] Error detecting equipment failures: column em.created_at does not exist
2025-06-24T13:15:26.968Z [ERROR] SQL error after 94ms: column o.id does not exist
2025-06-24T13:15:26.968Z [ERROR] Failed query: 
        SELECT 
          t.id,
          t.status,
          t.location_id,
          l.name as location_name,
          o.id as order_id,
          EXTRACT(hours FROM (NOW() - t.created_at)) as hours_since_created,
          EXTRACT(hours FROM (NOW() - t.updated_at)) as hours_since_updated
        FROM transports t
        JOIN orders o ON t.order_id = o.id
        JOIN locations l ON t.location_id = l.id
        WHERE t.status IN ('PENDING', 'IN_PROGRESS')
       ORDER BY t.created_at ASC
2025-06-24T13:15:26.969Z [ERROR] Error detecting transport issues: column o.id does not exist
2025-06-24T13:15:26.969Z [INFO] Exception detection completed: 0 issues found
2025-06-24T13:15:26.969Z [INFO] Exception detection completed: 0 total issues found
2025-06-24T13:15:26.970Z [INFO] - Staff issues: 0
2025-06-24T13:15:26.970Z [INFO] - Power issues: 0
2025-06-24T13:15:26.970Z [INFO] - Equipment issues: 0
2025-06-24T13:15:26.971Z [INFO] - Transport issues: 0
2025-06-24T13:15:26.971Z [INFO] Creating notification: SYSTEM_STATUS_OK - LOW - All systems operational - no critical issues detected
2025-06-24T13:15:26.972Z [ERROR] Failed to send notification via websocket: WebSocket notification failed: broadcastToAllClients is not a function
2025-06-24T13:15:26.972Z [INFO] Exception detection completed successfully in 99ms
2025-06-24T13:15:26.972Z [INFO] Scheduler: Job 'exceptionDetection' completed, next run: Tue Jun 24 2025 16:16:26 GMT+0300 (Ora de vară a Europei de Est)
2025-06-24T13:16:26.773Z [INFO] Scheduler: Running job 'expandRecurrences'
2025-06-24T13:16:26.774Z [INFO] ExpandRecurrences: Starting job
2025-06-24T13:16:26.850Z [INFO] ExpandRecurrences: Job completed, created 0 new recurring orders
2025-06-24T13:16:26.850Z [INFO] Scheduler: Job 'expandRecurrences' completed, next run: Tue Jun 24 2025 16:20:00 GMT+0300 (Ora de vară a Europei de Est)
2025-06-24T13:17:26.793Z [INFO] Scheduler: Running job 'checkEquipmentStatus'
2025-06-24T13:17:26.794Z [INFO] CheckEquipmentStatus: Starting equipment monitoring job
2025-06-24T13:17:26.795Z [INFO] Starting equipment status check...
2025-06-24T13:17:26.875Z [ERROR] Error checking equipment status:
2025-06-24T13:17:26.876Z [ERROR] CheckEquipmentStatus: Job failed
2025-06-24T13:17:26.876Z [INFO] Scheduler: Job 'checkEquipmentStatus' completed, next run: Tue Jun 24 2025 16:18:26 GMT+0300 (Ora de vară a Europei de Est)
2025-06-24T13:17:26.876Z [INFO] Scheduler: Running job 'updateWeatherData'
2025-06-24T13:17:26.877Z [INFO] Starting weather data update job...
2025-06-24T13:17:26.877Z [INFO] Starting weather data update for all locations...
2025-06-24T13:17:26.879Z [ERROR] Error updating weather data:
2025-06-24T13:17:26.879Z [ERROR] Weather data update job failed:
2025-06-24T13:17:26.879Z [INFO] Scheduler: Job 'updateWeatherData' completed, next run: Tue Jun 24 2025 16:18:26 GMT+0300 (Ora de vară a Europei de Est)
2025-06-24T13:17:26.880Z [INFO] Scheduler: Running job 'exceptionDetection'
2025-06-24T13:17:26.880Z [INFO] Starting automated exception detection...
2025-06-24T13:17:26.880Z [INFO] Running comprehensive exception detection...
2025-06-24T13:17:26.883Z [ERROR] Error detecting staff unavailability: result.rows is not iterable
2025-06-24T13:17:26.945Z [ERROR] SQL error after 65ms: column e.updated_at does not exist
2025-06-24T13:17:26.945Z [ERROR] Failed query: 
        SELECT 
          l.id as location_id,
          l.name as location_name,
          COUNT(e.id) as total_equipment,
          COUNT(CASE WHEN e.status = 'OUT_OF_SERVICE' THEN 1 END) as out_of_service,
          COUNT(CASE WHEN e.updated_at < NOW() - INTERVAL '2 hours' THEN 1 END) as stale_equipment
        FROM locations l
        LEFT JOIN equipment e ON l.id = e.location_id
       GROUP BY l.id, l.name
2025-06-24T13:17:26.946Z [ERROR] Error detecting power outage: column e.updated_at does not exist
2025-06-24T13:17:26.949Z [ERROR] SQL error after 68ms: column o.id does not exist
2025-06-24T13:17:26.949Z [ERROR] Failed query: 
        SELECT 
          t.id,
          t.status,
          t.location_id,
          l.name as location_name,
          o.id as order_id,
          EXTRACT(hours FROM (NOW() - t.created_at)) as hours_since_created,
          EXTRACT(hours FROM (NOW() - t.updated_at)) as hours_since_updated
        FROM transports t
        JOIN orders o ON t.order_id = o.id
        JOIN locations l ON t.location_id = l.id
        WHERE t.status IN ('PENDING', 'IN_PROGRESS')
       ORDER BY t.created_at ASC
2025-06-24T13:17:26.950Z [ERROR] Error detecting transport issues: column o.id does not exist
2025-06-24T13:17:26.955Z [ERROR] SQL error after 75ms: column em.created_at does not exist
2025-06-24T13:17:26.956Z [ERROR] Failed query: 
        SELECT 
          e.id,
          e.name,
          e.type,
          e.status,
          e.location_id,
          l.name as location_name,
          EXTRACT(days FROM (NOW() - e.updated_at)) as days_since_update,
          COUNT(em.id) as recent_maintenance
        FROM equipment e
        JOIN locations l ON e.location_id = l.id
        LEFT JOIN equipment_maintenance em ON e.id = em.equipment_id 
          AND em.created_at >= NOW() - INTERVAL '30 days'
      
        GROUP BY e.id, e.name, e.type, e.status, e.location_id, l.name, e.updated_at
        HAVING e.status = 'OUT_OF_SERVICE' 
          OR EXTRACT(days FROM (NOW() - e.updated_at)) > 7
        ORDER BY days_since_update DESC
      
2025-06-24T13:17:26.956Z [ERROR] Error detecting equipment failures: column em.created_at does not exist
2025-06-24T13:17:26.956Z [INFO] Exception detection completed: 0 issues found
2025-06-24T13:17:26.957Z [INFO] Exception detection completed: 0 total issues found
2025-06-24T13:17:26.957Z [INFO] - Staff issues: 0
2025-06-24T13:17:26.957Z [INFO] - Power issues: 0
2025-06-24T13:17:26.957Z [INFO] - Equipment issues: 0
2025-06-24T13:17:26.957Z [INFO] - Transport issues: 0
2025-06-24T13:17:26.957Z [INFO] Creating notification: SYSTEM_STATUS_OK - LOW - All systems operational - no critical issues detected
2025-06-24T13:17:26.958Z [ERROR] Failed to send notification via websocket: WebSocket notification failed: broadcastToAllClients is not a function
2025-06-24T13:17:26.958Z [INFO] Exception detection completed successfully in 78ms
2025-06-24T13:17:26.958Z [INFO] Scheduler: Job 'exceptionDetection' completed, next run: Tue Jun 24 2025 16:18:26 GMT+0300 (Ora de vară a Europei de Est)
2025-06-24T13:19:26.814Z [INFO] Scheduler: Running job 'checkEquipmentStatus'
2025-06-24T13:19:26.815Z [INFO] CheckEquipmentStatus: Starting equipment monitoring job
2025-06-24T13:19:26.816Z [INFO] Starting equipment status check...
2025-06-24T13:19:26.896Z [ERROR] Error checking equipment status:
2025-06-24T13:19:26.897Z [ERROR] CheckEquipmentStatus: Job failed
2025-06-24T13:19:26.897Z [INFO] Scheduler: Job 'checkEquipmentStatus' completed, next run: Tue Jun 24 2025 16:20:26 GMT+0300 (Ora de vară a Europei de Est)
2025-06-24T13:19:26.897Z [INFO] Scheduler: Running job 'updateWeatherData'
2025-06-24T13:19:26.898Z [INFO] Starting weather data update job...
2025-06-24T13:19:26.898Z [INFO] Starting weather data update for all locations...
2025-06-24T13:19:26.902Z [ERROR] Error updating weather data:
2025-06-24T13:19:26.902Z [ERROR] Weather data update job failed:
2025-06-24T13:19:26.903Z [INFO] Scheduler: Job 'updateWeatherData' completed, next run: Tue Jun 24 2025 16:20:26 GMT+0300 (Ora de vară a Europei de Est)
2025-06-24T13:19:26.903Z [INFO] Scheduler: Running job 'exceptionDetection'
2025-06-24T13:19:26.903Z [INFO] Starting automated exception detection...
2025-06-24T13:19:26.904Z [INFO] Running comprehensive exception detection...
2025-06-24T13:19:26.907Z [ERROR] Error detecting staff unavailability: result.rows is not iterable
2025-06-24T13:19:26.969Z [ERROR] SQL error after 65ms: column em.created_at does not exist
2025-06-24T13:19:26.969Z [ERROR] Failed query: 
        SELECT 
          e.id,
          e.name,
          e.type,
          e.status,
          e.location_id,
          l.name as location_name,
          EXTRACT(days FROM (NOW() - e.updated_at)) as days_since_update,
          COUNT(em.id) as recent_maintenance
        FROM equipment e
        JOIN locations l ON e.location_id = l.id
        LEFT JOIN equipment_maintenance em ON e.id = em.equipment_id 
          AND em.created_at >= NOW() - INTERVAL '30 days'
      
        GROUP BY e.id, e.name, e.type, e.status, e.location_id, l.name, e.updated_at
        HAVING e.status = 'OUT_OF_SERVICE' 
          OR EXTRACT(days FROM (NOW() - e.updated_at)) > 7
        ORDER BY days_since_update DESC
      
2025-06-24T13:19:26.970Z [ERROR] Error detecting equipment failures: column em.created_at does not exist
2025-06-24T13:19:26.978Z [ERROR] SQL error after 74ms: column e.updated_at does not exist
2025-06-24T13:19:26.978Z [ERROR] Failed query: 
        SELECT 
          l.id as location_id,
          l.name as location_name,
          COUNT(e.id) as total_equipment,
          COUNT(CASE WHEN e.status = 'OUT_OF_SERVICE' THEN 1 END) as out_of_service,
          COUNT(CASE WHEN e.updated_at < NOW() - INTERVAL '2 hours' THEN 1 END) as stale_equipment
        FROM locations l
        LEFT JOIN equipment e ON l.id = e.location_id
       GROUP BY l.id, l.name
2025-06-24T13:19:26.979Z [ERROR] Error detecting power outage: column e.updated_at does not exist
2025-06-24T13:19:26.983Z [ERROR] SQL error after 79ms: column o.id does not exist
2025-06-24T13:19:26.984Z [ERROR] Failed query: 
        SELECT 
          t.id,
          t.status,
          t.location_id,
          l.name as location_name,
          o.id as order_id,
          EXTRACT(hours FROM (NOW() - t.created_at)) as hours_since_created,
          EXTRACT(hours FROM (NOW() - t.updated_at)) as hours_since_updated
        FROM transports t
        JOIN orders o ON t.order_id = o.id
        JOIN locations l ON t.location_id = l.id
        WHERE t.status IN ('PENDING', 'IN_PROGRESS')
       ORDER BY t.created_at ASC
2025-06-24T13:19:26.984Z [ERROR] Error detecting transport issues: column o.id does not exist
2025-06-24T13:19:26.984Z [INFO] Exception detection completed: 0 issues found
2025-06-24T13:19:26.985Z [INFO] Exception detection completed: 0 total issues found
2025-06-24T13:19:26.985Z [INFO] - Staff issues: 0
2025-06-24T13:19:26.985Z [INFO] - Power issues: 0
2025-06-24T13:19:26.985Z [INFO] - Equipment issues: 0
2025-06-24T13:19:26.986Z [INFO] - Transport issues: 0
2025-06-24T13:19:26.986Z [INFO] Creating notification: SYSTEM_STATUS_OK - LOW - All systems operational - no critical issues detected
2025-06-24T13:19:26.986Z [ERROR] Failed to send notification via websocket: WebSocket notification failed: broadcastToAllClients is not a function
2025-06-24T13:19:26.987Z [INFO] Exception detection completed successfully in 84ms
2025-06-24T13:19:26.987Z [INFO] Scheduler: Job 'exceptionDetection' completed, next run: Tue Jun 24 2025 16:20:26 GMT+0300 (Ora de vară a Europei de Est)
2025-06-24T13:47:05.677Z [INFO] Scheduler: Running job 'expandRecurrences'
2025-06-24T13:47:05.684Z [INFO] ExpandRecurrences: Starting job
2025-06-24T13:47:05.820Z [INFO] ExpandRecurrences: Job completed, created 0 new recurring orders
2025-06-24T13:47:05.820Z [INFO] Scheduler: Job 'expandRecurrences' completed, next run: Tue Jun 24 2025 16:50:00 GMT+0300 (Ora de vară a Europei de Est)
2025-06-24T13:47:05.820Z [INFO] Scheduler: Running job 'checkEquipmentStatus'
2025-06-24T13:47:05.821Z [INFO] CheckEquipmentStatus: Starting equipment monitoring job
2025-06-24T13:47:05.821Z [INFO] Starting equipment status check...
2025-06-24T13:47:05.826Z [ERROR] Error checking equipment status:
2025-06-24T13:47:05.826Z [ERROR] CheckEquipmentStatus: Job failed
2025-06-24T13:47:05.826Z [INFO] Scheduler: Job 'checkEquipmentStatus' completed, next run: Tue Jun 24 2025 16:48:05 GMT+0300 (Ora de vară a Europei de Est)
2025-06-24T13:47:05.827Z [INFO] Scheduler: Running job 'updateWeatherData'
2025-06-24T13:47:05.827Z [INFO] Starting weather data update job...
2025-06-24T13:47:05.827Z [INFO] Starting weather data update for all locations...
2025-06-24T13:47:05.833Z [ERROR] Error updating weather data:
2025-06-24T13:47:05.833Z [ERROR] Weather data update job failed:
2025-06-24T13:47:05.833Z [INFO] Scheduler: Job 'updateWeatherData' completed, next run: Tue Jun 24 2025 16:48:05 GMT+0300 (Ora de vară a Europei de Est)
2025-06-24T13:47:05.834Z [INFO] Scheduler: Running job 'exceptionDetection'
2025-06-24T13:47:05.834Z [INFO] Starting automated exception detection...
2025-06-24T13:47:05.834Z [INFO] Running comprehensive exception detection...
2025-06-24T13:47:05.840Z [ERROR] Error detecting staff unavailability: result.rows is not iterable
2025-06-24T13:47:06.239Z [ERROR] SQL error after 404ms: column em.created_at does not exist
2025-06-24T13:47:06.254Z [ERROR] Failed query: 
        SELECT 
          e.id,
          e.name,
          e.type,
          e.status,
          e.location_id,
          l.name as location_name,
          EXTRACT(days FROM (NOW() - e.updated_at)) as days_since_update,
          COUNT(em.id) as recent_maintenance
        FROM equipment e
        JOIN locations l ON e.location_id = l.id
        LEFT JOIN equipment_maintenance em ON e.id = em.equipment_id 
          AND em.created_at >= NOW() - INTERVAL '30 days'
      
        GROUP BY e.id, e.name, e.type, e.status, e.location_id, l.name, e.updated_at
        HAVING e.status = 'OUT_OF_SERVICE' 
          OR EXTRACT(days FROM (NOW() - e.updated_at)) > 7
        ORDER BY days_since_update DESC
      
2025-06-24T13:47:06.274Z [ERROR] Error detecting equipment failures: column em.created_at does not exist
2025-06-24T13:47:06.292Z [ERROR] SQL error after 457ms: column e.updated_at does not exist
2025-06-24T13:47:06.292Z [ERROR] Failed query: 
        SELECT 
          l.id as location_id,
          l.name as location_name,
          COUNT(e.id) as total_equipment,
          COUNT(CASE WHEN e.status = 'OUT_OF_SERVICE' THEN 1 END) as out_of_service,
          COUNT(CASE WHEN e.updated_at < NOW() - INTERVAL '2 hours' THEN 1 END) as stale_equipment
        FROM locations l
        LEFT JOIN equipment e ON l.id = e.location_id
       GROUP BY l.id, l.name
2025-06-24T13:47:06.293Z [ERROR] Error detecting power outage: column e.updated_at does not exist
2025-06-24T13:47:06.309Z [ERROR] SQL error after 474ms: column o.id does not exist
2025-06-24T13:47:06.309Z [ERROR] Failed query: 
        SELECT 
          t.id,
          t.status,
          t.location_id,
          l.name as location_name,
          o.id as order_id,
          EXTRACT(hours FROM (NOW() - t.created_at)) as hours_since_created,
          EXTRACT(hours FROM (NOW() - t.updated_at)) as hours_since_updated
        FROM transports t
        JOIN orders o ON t.order_id = o.id
        JOIN locations l ON t.location_id = l.id
        WHERE t.status IN ('PENDING', 'IN_PROGRESS')
       ORDER BY t.created_at ASC
2025-06-24T13:47:06.309Z [ERROR] Error detecting transport issues: column o.id does not exist
2025-06-24T13:47:06.310Z [INFO] Exception detection completed: 0 issues found
2025-06-24T13:47:06.310Z [INFO] Exception detection completed: 0 total issues found
2025-06-24T13:47:06.310Z [INFO] - Staff issues: 0
2025-06-24T13:47:06.310Z [INFO] - Power issues: 0
2025-06-24T13:47:06.311Z [INFO] - Equipment issues: 0
2025-06-24T13:47:06.311Z [INFO] - Transport issues: 0
2025-06-24T13:47:06.311Z [INFO] Creating notification: SYSTEM_STATUS_OK - LOW - All systems operational - no critical issues detected
2025-06-24T13:47:06.312Z [ERROR] Failed to send notification via websocket: WebSocket notification failed: broadcastToAllClients is not a function
2025-06-24T13:47:06.312Z [INFO] Exception detection completed successfully in 478ms
2025-06-24T13:47:06.313Z [INFO] Scheduler: Job 'exceptionDetection' completed, next run: Tue Jun 24 2025 16:48:06 GMT+0300 (Ora de vară a Europei de Est)
2025-06-24T13:49:05.679Z [INFO] Scheduler: Running job 'checkEquipmentStatus'
2025-06-24T13:49:05.682Z [INFO] CheckEquipmentStatus: Starting equipment monitoring job
2025-06-24T13:49:05.682Z [INFO] Starting equipment status check...
2025-06-24T13:49:05.789Z [ERROR] Error checking equipment status:
2025-06-24T13:49:05.790Z [ERROR] CheckEquipmentStatus: Job failed
2025-06-24T13:49:05.790Z [INFO] Scheduler: Job 'checkEquipmentStatus' completed, next run: Tue Jun 24 2025 16:50:05 GMT+0300 (Ora de vară a Europei de Est)
2025-06-24T13:49:05.791Z [INFO] Scheduler: Running job 'updateWeatherData'
2025-06-24T13:49:05.792Z [INFO] Starting weather data update job...
2025-06-24T13:49:05.792Z [INFO] Starting weather data update for all locations...
2025-06-24T13:49:05.797Z [ERROR] Error updating weather data:
2025-06-24T13:49:05.798Z [ERROR] Weather data update job failed:
2025-06-24T13:49:05.798Z [INFO] Scheduler: Job 'updateWeatherData' completed, next run: Tue Jun 24 2025 16:50:05 GMT+0300 (Ora de vară a Europei de Est)
2025-06-24T13:49:05.798Z [INFO] Scheduler: Running job 'exceptionDetection'
2025-06-24T13:49:05.799Z [INFO] Starting automated exception detection...
2025-06-24T13:49:05.800Z [INFO] Running comprehensive exception detection...
2025-06-24T13:49:05.804Z [ERROR] Error detecting staff unavailability: result.rows is not iterable
2025-06-24T13:49:05.899Z [ERROR] SQL error after 99ms: column e.updated_at does not exist
2025-06-24T13:49:05.899Z [ERROR] Failed query: 
        SELECT 
          l.id as location_id,
          l.name as location_name,
          COUNT(e.id) as total_equipment,
          COUNT(CASE WHEN e.status = 'OUT_OF_SERVICE' THEN 1 END) as out_of_service,
          COUNT(CASE WHEN e.updated_at < NOW() - INTERVAL '2 hours' THEN 1 END) as stale_equipment
        FROM locations l
        LEFT JOIN equipment e ON l.id = e.location_id
       GROUP BY l.id, l.name
2025-06-24T13:49:05.900Z [ERROR] Error detecting power outage: column e.updated_at does not exist
2025-06-24T13:49:05.901Z [ERROR] SQL error after 101ms: column em.created_at does not exist
2025-06-24T13:49:05.901Z [ERROR] Failed query: 
        SELECT 
          e.id,
          e.name,
          e.type,
          e.status,
          e.location_id,
          l.name as location_name,
          EXTRACT(days FROM (NOW() - e.updated_at)) as days_since_update,
          COUNT(em.id) as recent_maintenance
        FROM equipment e
        JOIN locations l ON e.location_id = l.id
        LEFT JOIN equipment_maintenance em ON e.id = em.equipment_id 
          AND em.created_at >= NOW() - INTERVAL '30 days'
      
        GROUP BY e.id, e.name, e.type, e.status, e.location_id, l.name, e.updated_at
        HAVING e.status = 'OUT_OF_SERVICE' 
          OR EXTRACT(days FROM (NOW() - e.updated_at)) > 7
        ORDER BY days_since_update DESC
      
2025-06-24T13:49:05.902Z [ERROR] Error detecting equipment failures: column em.created_at does not exist
2025-06-24T13:49:05.903Z [ERROR] SQL error after 103ms: column o.id does not exist
2025-06-24T13:49:05.904Z [ERROR] Failed query: 
        SELECT 
          t.id,
          t.status,
          t.location_id,
          l.name as location_name,
          o.id as order_id,
          EXTRACT(hours FROM (NOW() - t.created_at)) as hours_since_created,
          EXTRACT(hours FROM (NOW() - t.updated_at)) as hours_since_updated
        FROM transports t
        JOIN orders o ON t.order_id = o.id
        JOIN locations l ON t.location_id = l.id
        WHERE t.status IN ('PENDING', 'IN_PROGRESS')
       ORDER BY t.created_at ASC
2025-06-24T13:49:05.905Z [ERROR] Error detecting transport issues: column o.id does not exist
2025-06-24T13:49:05.905Z [INFO] Exception detection completed: 0 issues found
2025-06-24T13:49:05.906Z [INFO] Exception detection completed: 0 total issues found
2025-06-24T13:49:05.906Z [INFO] - Staff issues: 0
2025-06-24T13:49:05.907Z [INFO] - Power issues: 0
2025-06-24T13:49:05.907Z [INFO] - Equipment issues: 0
2025-06-24T13:49:05.908Z [INFO] - Transport issues: 0
2025-06-24T13:49:05.908Z [INFO] Creating notification: SYSTEM_STATUS_OK - LOW - All systems operational - no critical issues detected
2025-06-24T13:49:05.909Z [ERROR] Failed to send notification via websocket: WebSocket notification failed: broadcastToAllClients is not a function
2025-06-24T13:49:05.909Z [INFO] Exception detection completed successfully in 110ms
2025-06-24T13:49:05.909Z [INFO] Scheduler: Job 'exceptionDetection' completed, next run: Tue Jun 24 2025 16:50:05 GMT+0300 (Ora de vară a Europei de Est)
2025-06-24T13:50:05.691Z [INFO] Scheduler: Running job 'expandRecurrences'
2025-06-24T13:50:05.692Z [INFO] ExpandRecurrences: Starting job
2025-06-24T13:50:05.789Z [INFO] ExpandRecurrences: Job completed, created 0 new recurring orders
2025-06-24T13:50:05.790Z [INFO] Scheduler: Job 'expandRecurrences' completed, next run: Tue Jun 24 2025 16:50:00 GMT+0300 (Ora de vară a Europei de Est)
2025-06-24T13:51:05.703Z [INFO] Scheduler: Running job 'expandRecurrences'
2025-06-24T13:51:05.703Z [INFO] ExpandRecurrences: Starting job
2025-06-24T13:51:05.794Z [INFO] ExpandRecurrences: Job completed, created 0 new recurring orders
2025-06-24T13:51:05.795Z [INFO] Scheduler: Job 'expandRecurrences' completed, next run: Tue Jun 24 2025 16:55:00 GMT+0300 (Ora de vară a Europei de Est)
2025-06-24T13:51:05.795Z [INFO] Scheduler: Running job 'checkEquipmentStatus'
2025-06-24T13:51:05.796Z [INFO] CheckEquipmentStatus: Starting equipment monitoring job
2025-06-24T13:51:05.796Z [INFO] Starting equipment status check...
2025-06-24T13:51:05.804Z [ERROR] Error checking equipment status:
2025-06-24T13:51:05.804Z [ERROR] CheckEquipmentStatus: Job failed
2025-06-24T13:51:05.805Z [INFO] Scheduler: Job 'checkEquipmentStatus' completed, next run: Tue Jun 24 2025 16:52:05 GMT+0300 (Ora de vară a Europei de Est)
2025-06-24T13:51:05.805Z [INFO] Scheduler: Running job 'updateWeatherData'
2025-06-24T13:51:05.806Z [INFO] Starting weather data update job...
2025-06-24T13:51:05.806Z [INFO] Starting weather data update for all locations...
2025-06-24T13:51:05.811Z [ERROR] Error updating weather data:
2025-06-24T13:51:05.812Z [ERROR] Weather data update job failed:
2025-06-24T13:51:05.812Z [INFO] Scheduler: Job 'updateWeatherData' completed, next run: Tue Jun 24 2025 16:52:05 GMT+0300 (Ora de vară a Europei de Est)
2025-06-24T13:51:05.813Z [INFO] Scheduler: Running job 'exceptionDetection'
2025-06-24T13:51:05.813Z [INFO] Starting automated exception detection...
2025-06-24T13:51:05.814Z [INFO] Running comprehensive exception detection...
2025-06-24T13:51:05.818Z [ERROR] Error detecting staff unavailability: result.rows is not iterable
2025-06-24T13:51:05.892Z [ERROR] SQL error after 77ms: column em.created_at does not exist
2025-06-24T13:51:05.893Z [ERROR] Failed query: 
        SELECT 
          e.id,
          e.name,
          e.type,
          e.status,
          e.location_id,
          l.name as location_name,
          EXTRACT(days FROM (NOW() - e.updated_at)) as days_since_update,
          COUNT(em.id) as recent_maintenance
        FROM equipment e
        JOIN locations l ON e.location_id = l.id
        LEFT JOIN equipment_maintenance em ON e.id = em.equipment_id 
          AND em.created_at >= NOW() - INTERVAL '30 days'
      
        GROUP BY e.id, e.name, e.type, e.status, e.location_id, l.name, e.updated_at
        HAVING e.status = 'OUT_OF_SERVICE' 
          OR EXTRACT(days FROM (NOW() - e.updated_at)) > 7
        ORDER BY days_since_update DESC
      
2025-06-24T13:51:05.894Z [ERROR] Error detecting equipment failures: column em.created_at does not exist
2025-06-24T13:51:05.901Z [ERROR] SQL error after 86ms: column o.id does not exist
2025-06-24T13:51:05.902Z [ERROR] Failed query: 
        SELECT 
          t.id,
          t.status,
          t.location_id,
          l.name as location_name,
          o.id as order_id,
          EXTRACT(hours FROM (NOW() - t.created_at)) as hours_since_created,
          EXTRACT(hours FROM (NOW() - t.updated_at)) as hours_since_updated
        FROM transports t
        JOIN orders o ON t.order_id = o.id
        JOIN locations l ON t.location_id = l.id
        WHERE t.status IN ('PENDING', 'IN_PROGRESS')
       ORDER BY t.created_at ASC
2025-06-24T13:51:05.902Z [ERROR] Error detecting transport issues: column o.id does not exist
2025-06-24T13:51:05.904Z [ERROR] SQL error after 90ms: column e.updated_at does not exist
2025-06-24T13:51:05.904Z [ERROR] Failed query: 
        SELECT 
          l.id as location_id,
          l.name as location_name,
          COUNT(e.id) as total_equipment,
          COUNT(CASE WHEN e.status = 'OUT_OF_SERVICE' THEN 1 END) as out_of_service,
          COUNT(CASE WHEN e.updated_at < NOW() - INTERVAL '2 hours' THEN 1 END) as stale_equipment
        FROM locations l
        LEFT JOIN equipment e ON l.id = e.location_id
       GROUP BY l.id, l.name
2025-06-24T13:51:05.905Z [ERROR] Error detecting power outage: column e.updated_at does not exist
2025-06-24T13:51:05.905Z [INFO] Exception detection completed: 0 issues found
2025-06-24T13:51:05.906Z [INFO] Exception detection completed: 0 total issues found
2025-06-24T13:51:05.906Z [INFO] - Staff issues: 0
2025-06-24T13:51:05.907Z [INFO] - Power issues: 0
2025-06-24T13:51:05.907Z [INFO] - Equipment issues: 0
2025-06-24T13:51:05.907Z [INFO] - Transport issues: 0
2025-06-24T13:51:05.908Z [INFO] Creating notification: SYSTEM_STATUS_OK - LOW - All systems operational - no critical issues detected
2025-06-24T13:51:05.909Z [ERROR] Failed to send notification via websocket: WebSocket notification failed: broadcastToAllClients is not a function
2025-06-24T13:51:05.909Z [INFO] Exception detection completed successfully in 96ms
2025-06-24T13:51:05.909Z [INFO] Scheduler: Job 'exceptionDetection' completed, next run: Tue Jun 24 2025 16:52:05 GMT+0300 (Ora de vară a Europei de Est)
2025-06-24T13:53:05.714Z [INFO] Scheduler: Running job 'checkEquipmentStatus'
2025-06-24T13:53:05.715Z [INFO] CheckEquipmentStatus: Starting equipment monitoring job
2025-06-24T13:53:05.715Z [INFO] Starting equipment status check...
2025-06-24T13:53:05.797Z [ERROR] Error checking equipment status:
2025-06-24T13:53:05.797Z [ERROR] CheckEquipmentStatus: Job failed
2025-06-24T13:53:05.798Z [INFO] Scheduler: Job 'checkEquipmentStatus' completed, next run: Tue Jun 24 2025 16:54:05 GMT+0300 (Ora de vară a Europei de Est)
2025-06-24T13:53:05.798Z [INFO] Scheduler: Running job 'updateWeatherData'
2025-06-24T13:53:05.798Z [INFO] Starting weather data update job...
2025-06-24T13:53:05.798Z [INFO] Starting weather data update for all locations...
2025-06-24T13:53:05.801Z [ERROR] Error updating weather data:
2025-06-24T13:53:05.801Z [ERROR] Weather data update job failed:
2025-06-24T13:53:05.802Z [INFO] Scheduler: Job 'updateWeatherData' completed, next run: Tue Jun 24 2025 16:54:05 GMT+0300 (Ora de vară a Europei de Est)
2025-06-24T13:53:05.802Z [INFO] Scheduler: Running job 'exceptionDetection'
2025-06-24T13:53:05.802Z [INFO] Starting automated exception detection...
2025-06-24T13:53:05.802Z [INFO] Running comprehensive exception detection...
2025-06-24T13:53:05.805Z [ERROR] Error detecting staff unavailability: result.rows is not iterable
2025-06-24T13:53:05.866Z [ERROR] SQL error after 63ms: column e.updated_at does not exist
2025-06-24T13:53:05.866Z [ERROR] Failed query: 
        SELECT 
          l.id as location_id,
          l.name as location_name,
          COUNT(e.id) as total_equipment,
          COUNT(CASE WHEN e.status = 'OUT_OF_SERVICE' THEN 1 END) as out_of_service,
          COUNT(CASE WHEN e.updated_at < NOW() - INTERVAL '2 hours' THEN 1 END) as stale_equipment
        FROM locations l
        LEFT JOIN equipment e ON l.id = e.location_id
       GROUP BY l.id, l.name
2025-06-24T13:53:05.867Z [ERROR] Error detecting power outage: column e.updated_at does not exist
2025-06-24T13:53:05.869Z [ERROR] SQL error after 66ms: column em.created_at does not exist
2025-06-24T13:53:05.870Z [ERROR] Failed query: 
        SELECT 
          e.id,
          e.name,
          e.type,
          e.status,
          e.location_id,
          l.name as location_name,
          EXTRACT(days FROM (NOW() - e.updated_at)) as days_since_update,
          COUNT(em.id) as recent_maintenance
        FROM equipment e
        JOIN locations l ON e.location_id = l.id
        LEFT JOIN equipment_maintenance em ON e.id = em.equipment_id 
          AND em.created_at >= NOW() - INTERVAL '30 days'
      
        GROUP BY e.id, e.name, e.type, e.status, e.location_id, l.name, e.updated_at
        HAVING e.status = 'OUT_OF_SERVICE' 
          OR EXTRACT(days FROM (NOW() - e.updated_at)) > 7
        ORDER BY days_since_update DESC
      
2025-06-24T13:53:05.870Z [ERROR] Error detecting equipment failures: column em.created_at does not exist
2025-06-24T13:53:05.876Z [ERROR] SQL error after 73ms: column o.id does not exist
2025-06-24T13:53:05.876Z [ERROR] Failed query: 
        SELECT 
          t.id,
          t.status,
          t.location_id,
          l.name as location_name,
          o.id as order_id,
          EXTRACT(hours FROM (NOW() - t.created_at)) as hours_since_created,
          EXTRACT(hours FROM (NOW() - t.updated_at)) as hours_since_updated
        FROM transports t
        JOIN orders o ON t.order_id = o.id
        JOIN locations l ON t.location_id = l.id
        WHERE t.status IN ('PENDING', 'IN_PROGRESS')
       ORDER BY t.created_at ASC
2025-06-24T13:53:05.877Z [ERROR] Error detecting transport issues: column o.id does not exist
2025-06-24T13:53:05.877Z [INFO] Exception detection completed: 0 issues found
2025-06-24T13:53:05.877Z [INFO] Exception detection completed: 0 total issues found
2025-06-24T13:53:05.878Z [INFO] - Staff issues: 0
2025-06-24T13:53:05.878Z [INFO] - Power issues: 0
2025-06-24T13:53:05.878Z [INFO] - Equipment issues: 0
2025-06-24T13:53:05.878Z [INFO] - Transport issues: 0
2025-06-24T13:53:05.879Z [INFO] Creating notification: SYSTEM_STATUS_OK - LOW - All systems operational - no critical issues detected
2025-06-24T13:53:05.879Z [ERROR] Failed to send notification via websocket: WebSocket notification failed: broadcastToAllClients is not a function
2025-06-24T13:53:05.880Z [INFO] Exception detection completed successfully in 77ms
2025-06-24T13:53:05.880Z [INFO] Scheduler: Job 'exceptionDetection' completed, next run: Tue Jun 24 2025 16:54:05 GMT+0300 (Ora de vară a Europei de Est)
2025-06-24T13:55:05.732Z [INFO] Scheduler: Running job 'expandRecurrences'
2025-06-24T13:55:05.732Z [INFO] ExpandRecurrences: Starting job
2025-06-24T13:55:05.799Z [INFO] ExpandRecurrences: Job completed, created 0 new recurring orders
2025-06-24T13:55:05.799Z [INFO] Scheduler: Job 'expandRecurrences' completed, next run: Tue Jun 24 2025 16:55:00 GMT+0300 (Ora de vară a Europei de Est)
2025-06-24T13:55:05.800Z [INFO] Scheduler: Running job 'checkEquipmentStatus'
2025-06-24T13:55:05.800Z [INFO] CheckEquipmentStatus: Starting equipment monitoring job
2025-06-24T13:55:05.800Z [INFO] Starting equipment status check...
2025-06-24T13:55:05.805Z [ERROR] Error checking equipment status:
2025-06-24T13:55:05.806Z [ERROR] CheckEquipmentStatus: Job failed
2025-06-24T13:55:05.806Z [INFO] Scheduler: Job 'checkEquipmentStatus' completed, next run: Tue Jun 24 2025 16:56:05 GMT+0300 (Ora de vară a Europei de Est)
2025-06-24T13:55:05.806Z [INFO] Scheduler: Running job 'updateWeatherData'
2025-06-24T13:55:05.807Z [INFO] Starting weather data update job...
2025-06-24T13:55:05.807Z [INFO] Starting weather data update for all locations...
2025-06-24T13:55:05.811Z [ERROR] Error updating weather data:
2025-06-24T13:55:05.811Z [ERROR] Weather data update job failed:
2025-06-24T13:55:05.812Z [INFO] Scheduler: Job 'updateWeatherData' completed, next run: Tue Jun 24 2025 16:56:05 GMT+0300 (Ora de vară a Europei de Est)
2025-06-24T13:55:05.812Z [INFO] Scheduler: Running job 'exceptionDetection'
2025-06-24T13:55:05.812Z [INFO] Starting automated exception detection...
2025-06-24T13:55:05.812Z [INFO] Running comprehensive exception detection...
2025-06-24T13:55:05.816Z [ERROR] Error detecting staff unavailability: result.rows is not iterable
2025-06-24T13:55:05.893Z [ERROR] SQL error after 80ms: column e.updated_at does not exist
2025-06-24T13:55:05.893Z [ERROR] Failed query: 
        SELECT 
          l.id as location_id,
          l.name as location_name,
          COUNT(e.id) as total_equipment,
          COUNT(CASE WHEN e.status = 'OUT_OF_SERVICE' THEN 1 END) as out_of_service,
          COUNT(CASE WHEN e.updated_at < NOW() - INTERVAL '2 hours' THEN 1 END) as stale_equipment
        FROM locations l
        LEFT JOIN equipment e ON l.id = e.location_id
       GROUP BY l.id, l.name
2025-06-24T13:55:05.894Z [ERROR] Error detecting power outage: column e.updated_at does not exist
2025-06-24T13:55:05.902Z [ERROR] SQL error after 89ms: column o.id does not exist
2025-06-24T13:55:05.903Z [ERROR] Failed query: 
        SELECT 
          t.id,
          t.status,
          t.location_id,
          l.name as location_name,
          o.id as order_id,
          EXTRACT(hours FROM (NOW() - t.created_at)) as hours_since_created,
          EXTRACT(hours FROM (NOW() - t.updated_at)) as hours_since_updated
        FROM transports t
        JOIN orders o ON t.order_id = o.id
        JOIN locations l ON t.location_id = l.id
        WHERE t.status IN ('PENDING', 'IN_PROGRESS')
       ORDER BY t.created_at ASC
2025-06-24T13:55:05.903Z [ERROR] Error detecting transport issues: column o.id does not exist
2025-06-24T13:55:05.904Z [ERROR] SQL error after 91ms: column em.created_at does not exist
2025-06-24T13:55:05.904Z [ERROR] Failed query: 
        SELECT 
          e.id,
          e.name,
          e.type,
          e.status,
          e.location_id,
          l.name as location_name,
          EXTRACT(days FROM (NOW() - e.updated_at)) as days_since_update,
          COUNT(em.id) as recent_maintenance
        FROM equipment e
        JOIN locations l ON e.location_id = l.id
        LEFT JOIN equipment_maintenance em ON e.id = em.equipment_id 
          AND em.created_at >= NOW() - INTERVAL '30 days'
      
        GROUP BY e.id, e.name, e.type, e.status, e.location_id, l.name, e.updated_at
        HAVING e.status = 'OUT_OF_SERVICE' 
          OR EXTRACT(days FROM (NOW() - e.updated_at)) > 7
        ORDER BY days_since_update DESC
      
2025-06-24T13:55:05.905Z [ERROR] Error detecting equipment failures: column em.created_at does not exist
2025-06-24T13:55:05.905Z [INFO] Exception detection completed: 0 issues found
2025-06-24T13:55:05.906Z [INFO] Exception detection completed: 0 total issues found
2025-06-24T13:55:05.906Z [INFO] - Staff issues: 0
2025-06-24T13:55:05.906Z [INFO] - Power issues: 0
2025-06-24T13:55:05.906Z [INFO] - Equipment issues: 0
2025-06-24T13:55:05.907Z [INFO] - Transport issues: 0
2025-06-24T13:55:05.907Z [INFO] Creating notification: SYSTEM_STATUS_OK - LOW - All systems operational - no critical issues detected
2025-06-24T13:55:05.907Z [ERROR] Failed to send notification via websocket: WebSocket notification failed: broadcastToAllClients is not a function
2025-06-24T13:55:05.908Z [INFO] Exception detection completed successfully in 96ms
2025-06-24T13:55:05.908Z [INFO] Scheduler: Job 'exceptionDetection' completed, next run: Tue Jun 24 2025 16:56:05 GMT+0300 (Ora de vară a Europei de Est)
2025-06-24T13:56:05.747Z [INFO] Scheduler: Running job 'expandRecurrences'
2025-06-24T13:56:05.748Z [INFO] ExpandRecurrences: Starting job
2025-06-24T13:56:05.827Z [INFO] ExpandRecurrences: Job completed, created 0 new recurring orders
2025-06-24T13:56:05.827Z [INFO] Scheduler: Job 'expandRecurrences' completed, next run: Tue Jun 24 2025 17:00:00 GMT+0300 (Ora de vară a Europei de Est)
2025-06-24T13:57:05.756Z [INFO] Scheduler: Running job 'checkEquipmentStatus'
2025-06-24T13:57:05.757Z [INFO] CheckEquipmentStatus: Starting equipment monitoring job
2025-06-24T13:57:05.757Z [INFO] Starting equipment status check...
2025-06-24T13:57:05.838Z [ERROR] Error checking equipment status:
2025-06-24T13:57:05.838Z [ERROR] CheckEquipmentStatus: Job failed
2025-06-24T13:57:05.839Z [INFO] Scheduler: Job 'checkEquipmentStatus' completed, next run: Tue Jun 24 2025 16:58:05 GMT+0300 (Ora de vară a Europei de Est)
2025-06-24T13:57:05.839Z [INFO] Scheduler: Running job 'updateWeatherData'
2025-06-24T13:57:05.839Z [INFO] Starting weather data update job...
2025-06-24T13:57:05.839Z [INFO] Starting weather data update for all locations...
2025-06-24T13:57:05.844Z [ERROR] Error updating weather data:
2025-06-24T13:57:05.844Z [ERROR] Weather data update job failed:
2025-06-24T13:57:05.844Z [INFO] Scheduler: Job 'updateWeatherData' completed, next run: Tue Jun 24 2025 16:58:05 GMT+0300 (Ora de vară a Europei de Est)
2025-06-24T13:57:05.845Z [INFO] Scheduler: Running job 'exceptionDetection'
2025-06-24T13:57:05.845Z [INFO] Starting automated exception detection...
2025-06-24T13:57:05.845Z [INFO] Running comprehensive exception detection...
2025-06-24T13:57:05.850Z [ERROR] Error detecting staff unavailability: result.rows is not iterable
2025-06-24T13:57:05.929Z [ERROR] SQL error after 83ms: column em.created_at does not exist
2025-06-24T13:57:05.930Z [ERROR] Failed query: 
        SELECT 
          e.id,
          e.name,
          e.type,
          e.status,
          e.location_id,
          l.name as location_name,
          EXTRACT(days FROM (NOW() - e.updated_at)) as days_since_update,
          COUNT(em.id) as recent_maintenance
        FROM equipment e
        JOIN locations l ON e.location_id = l.id
        LEFT JOIN equipment_maintenance em ON e.id = em.equipment_id 
          AND em.created_at >= NOW() - INTERVAL '30 days'
      
        GROUP BY e.id, e.name, e.type, e.status, e.location_id, l.name, e.updated_at
        HAVING e.status = 'OUT_OF_SERVICE' 
          OR EXTRACT(days FROM (NOW() - e.updated_at)) > 7
        ORDER BY days_since_update DESC
      
2025-06-24T13:57:05.930Z [ERROR] Error detecting equipment failures: column em.created_at does not exist
2025-06-24T13:57:05.947Z [ERROR] SQL error after 101ms: column e.updated_at does not exist
2025-06-24T13:57:05.947Z [ERROR] Failed query: 
        SELECT 
          l.id as location_id,
          l.name as location_name,
          COUNT(e.id) as total_equipment,
          COUNT(CASE WHEN e.status = 'OUT_OF_SERVICE' THEN 1 END) as out_of_service,
          COUNT(CASE WHEN e.updated_at < NOW() - INTERVAL '2 hours' THEN 1 END) as stale_equipment
        FROM locations l
        LEFT JOIN equipment e ON l.id = e.location_id
       GROUP BY l.id, l.name
2025-06-24T13:57:05.948Z [ERROR] Error detecting power outage: column e.updated_at does not exist
2025-06-24T13:57:05.956Z [ERROR] SQL error after 110ms: column o.id does not exist
2025-06-24T13:57:05.956Z [ERROR] Failed query: 
        SELECT 
          t.id,
          t.status,
          t.location_id,
          l.name as location_name,
          o.id as order_id,
          EXTRACT(hours FROM (NOW() - t.created_at)) as hours_since_created,
          EXTRACT(hours FROM (NOW() - t.updated_at)) as hours_since_updated
        FROM transports t
        JOIN orders o ON t.order_id = o.id
        JOIN locations l ON t.location_id = l.id
        WHERE t.status IN ('PENDING', 'IN_PROGRESS')
       ORDER BY t.created_at ASC
2025-06-24T13:57:05.957Z [ERROR] Error detecting transport issues: column o.id does not exist
2025-06-24T13:57:05.957Z [INFO] Exception detection completed: 0 issues found
2025-06-24T13:57:05.957Z [INFO] Exception detection completed: 0 total issues found
2025-06-24T13:57:05.958Z [INFO] - Staff issues: 0
2025-06-24T13:57:05.958Z [INFO] - Power issues: 0
2025-06-24T13:57:05.958Z [INFO] - Equipment issues: 0
2025-06-24T13:57:05.958Z [INFO] - Transport issues: 0
2025-06-24T13:57:05.959Z [INFO] Creating notification: SYSTEM_STATUS_OK - LOW - All systems operational - no critical issues detected
2025-06-24T13:57:05.959Z [ERROR] Failed to send notification via websocket: WebSocket notification failed: broadcastToAllClients is not a function
2025-06-24T13:57:05.959Z [INFO] Exception detection completed successfully in 114ms
2025-06-24T13:57:05.960Z [INFO] Scheduler: Job 'exceptionDetection' completed, next run: Tue Jun 24 2025 16:58:05 GMT+0300 (Ora de vară a Europei de Est)
2025-06-24T13:59:05.772Z [INFO] Scheduler: Running job 'checkEquipmentStatus'
2025-06-24T13:59:05.773Z [INFO] CheckEquipmentStatus: Starting equipment monitoring job
2025-06-24T13:59:05.773Z [INFO] Starting equipment status check...
2025-06-24T13:59:05.854Z [ERROR] Error checking equipment status:
2025-06-24T13:59:05.855Z [ERROR] CheckEquipmentStatus: Job failed
2025-06-24T13:59:05.855Z [INFO] Scheduler: Job 'checkEquipmentStatus' completed, next run: Tue Jun 24 2025 17:00:05 GMT+0300 (Ora de vară a Europei de Est)
2025-06-24T13:59:05.856Z [INFO] Scheduler: Running job 'updateWeatherData'
2025-06-24T13:59:05.857Z [INFO] Starting weather data update job...
2025-06-24T13:59:05.857Z [INFO] Starting weather data update for all locations...
2025-06-24T13:59:05.861Z [ERROR] Error updating weather data:
2025-06-24T13:59:05.861Z [ERROR] Weather data update job failed:
2025-06-24T13:59:05.862Z [INFO] Scheduler: Job 'updateWeatherData' completed, next run: Tue Jun 24 2025 17:00:05 GMT+0300 (Ora de vară a Europei de Est)
2025-06-24T13:59:05.862Z [INFO] Scheduler: Running job 'exceptionDetection'
2025-06-24T13:59:05.863Z [INFO] Starting automated exception detection...
2025-06-24T13:59:05.864Z [INFO] Running comprehensive exception detection...
2025-06-24T13:59:05.868Z [ERROR] Error detecting staff unavailability: result.rows is not iterable
2025-06-24T13:59:05.951Z [ERROR] SQL error after 87ms: column e.updated_at does not exist
2025-06-24T13:59:05.952Z [ERROR] Failed query: 
        SELECT 
          l.id as location_id,
          l.name as location_name,
          COUNT(e.id) as total_equipment,
          COUNT(CASE WHEN e.status = 'OUT_OF_SERVICE' THEN 1 END) as out_of_service,
          COUNT(CASE WHEN e.updated_at < NOW() - INTERVAL '2 hours' THEN 1 END) as stale_equipment
        FROM locations l
        LEFT JOIN equipment e ON l.id = e.location_id
       GROUP BY l.id, l.name
2025-06-24T13:59:05.952Z [ERROR] Error detecting power outage: column e.updated_at does not exist
2025-06-24T13:59:05.955Z [ERROR] SQL error after 91ms: column em.created_at does not exist
2025-06-24T13:59:05.956Z [ERROR] Failed query: 
        SELECT 
          e.id,
          e.name,
          e.type,
          e.status,
          e.location_id,
          l.name as location_name,
          EXTRACT(days FROM (NOW() - e.updated_at)) as days_since_update,
          COUNT(em.id) as recent_maintenance
        FROM equipment e
        JOIN locations l ON e.location_id = l.id
        LEFT JOIN equipment_maintenance em ON e.id = em.equipment_id 
          AND em.created_at >= NOW() - INTERVAL '30 days'
      
        GROUP BY e.id, e.name, e.type, e.status, e.location_id, l.name, e.updated_at
        HAVING e.status = 'OUT_OF_SERVICE' 
          OR EXTRACT(days FROM (NOW() - e.updated_at)) > 7
        ORDER BY days_since_update DESC
      
2025-06-24T13:59:05.957Z [ERROR] Error detecting equipment failures: column em.created_at does not exist
2025-06-24T13:59:05.960Z [ERROR] SQL error after 96ms: column o.id does not exist
2025-06-24T13:59:05.961Z [ERROR] Failed query: 
        SELECT 
          t.id,
          t.status,
          t.location_id,
          l.name as location_name,
          o.id as order_id,
          EXTRACT(hours FROM (NOW() - t.created_at)) as hours_since_created,
          EXTRACT(hours FROM (NOW() - t.updated_at)) as hours_since_updated
        FROM transports t
        JOIN orders o ON t.order_id = o.id
        JOIN locations l ON t.location_id = l.id
        WHERE t.status IN ('PENDING', 'IN_PROGRESS')
       ORDER BY t.created_at ASC
2025-06-24T13:59:05.962Z [ERROR] Error detecting transport issues: column o.id does not exist
2025-06-24T13:59:05.962Z [INFO] Exception detection completed: 0 issues found
2025-06-24T13:59:05.962Z [INFO] Exception detection completed: 0 total issues found
2025-06-24T13:59:05.963Z [INFO] - Staff issues: 0
2025-06-24T13:59:05.963Z [INFO] - Power issues: 0
2025-06-24T13:59:05.963Z [INFO] - Equipment issues: 0
2025-06-24T13:59:05.964Z [INFO] - Transport issues: 0
2025-06-24T13:59:05.964Z [INFO] Creating notification: SYSTEM_STATUS_OK - LOW - All systems operational - no critical issues detected
2025-06-24T13:59:05.964Z [ERROR] Failed to send notification via websocket: WebSocket notification failed: broadcastToAllClients is not a function
2025-06-24T13:59:05.965Z [INFO] Exception detection completed successfully in 102ms
2025-06-24T13:59:05.965Z [INFO] Scheduler: Job 'exceptionDetection' completed, next run: Tue Jun 24 2025 17:00:05 GMT+0300 (Ora de vară a Europei de Est)
2025-06-24T14:00:05.775Z [INFO] Scheduler: Running job 'expandRecurrences'
2025-06-24T14:00:05.777Z [INFO] ExpandRecurrences: Starting job
2025-06-24T14:00:05.843Z [INFO] ExpandRecurrences: Job completed, created 0 new recurring orders
2025-06-24T14:00:05.844Z [INFO] Scheduler: Job 'expandRecurrences' completed, next run: Tue Jun 24 2025 17:00:00 GMT+0300 (Ora de vară a Europei de Est)
2025-06-24T14:00:05.844Z [INFO] Scheduler: Running job 'checkInventory'
2025-06-24T14:00:05.845Z [INFO] CheckInventory: Starting inventory monitoring job
2025-06-24T14:00:05.848Z [INFO] Found 0 low stock items (threshold: 10)
2025-06-24T14:00:05.849Z [INFO] Found 0 out of stock items
2025-06-24T14:00:05.850Z [INFO] CheckInventory: All inventory levels are adequate
2025-06-24T14:00:05.850Z [INFO] Scheduler: Job 'checkInventory' completed, next run: Tue Jun 24 2025 18:00:00 GMT+0300 (Ora de vară a Europei de Est)
2025-06-24T14:01:05.776Z [INFO] Scheduler: Running job 'expandRecurrences'
2025-06-24T14:01:05.776Z [INFO] ExpandRecurrences: Starting job
2025-06-24T14:01:05.921Z [INFO] ExpandRecurrences: Job completed, created 0 new recurring orders
2025-06-24T14:01:05.921Z [INFO] Scheduler: Job 'expandRecurrences' completed, next run: Tue Jun 24 2025 17:05:00 GMT+0300 (Ora de vară a Europei de Est)
2025-06-24T14:01:05.922Z [INFO] Scheduler: Running job 'checkEquipmentStatus'
2025-06-24T14:01:05.922Z [INFO] CheckEquipmentStatus: Starting equipment monitoring job
2025-06-24T14:01:05.922Z [INFO] Starting equipment status check...
2025-06-24T14:01:05.933Z [ERROR] Error checking equipment status:
2025-06-24T14:01:05.933Z [ERROR] CheckEquipmentStatus: Job failed
2025-06-24T14:01:05.933Z [INFO] Scheduler: Job 'checkEquipmentStatus' completed, next run: Tue Jun 24 2025 17:02:05 GMT+0300 (Ora de vară a Europei de Est)
2025-06-24T14:01:05.933Z [INFO] Scheduler: Running job 'updateWeatherData'
2025-06-24T14:01:05.934Z [INFO] Starting weather data update job...
2025-06-24T14:01:05.934Z [INFO] Starting weather data update for all locations...
2025-06-24T14:01:05.938Z [ERROR] Error updating weather data:
2025-06-24T14:01:05.939Z [ERROR] Weather data update job failed:
2025-06-24T14:01:05.939Z [INFO] Scheduler: Job 'updateWeatherData' completed, next run: Tue Jun 24 2025 17:02:05 GMT+0300 (Ora de vară a Europei de Est)
2025-06-24T14:01:05.939Z [INFO] Scheduler: Running job 'exceptionDetection'
2025-06-24T14:01:05.940Z [INFO] Starting automated exception detection...
2025-06-24T14:01:05.940Z [INFO] Running comprehensive exception detection...
2025-06-24T14:01:05.944Z [ERROR] Error detecting staff unavailability: result.rows is not iterable
2025-06-24T14:01:06.069Z [ERROR] SQL error after 129ms: column o.id does not exist
2025-06-24T14:01:06.069Z [ERROR] Failed query: 
        SELECT 
          t.id,
          t.status,
          t.location_id,
          l.name as location_name,
          o.id as order_id,
          EXTRACT(hours FROM (NOW() - t.created_at)) as hours_since_created,
          EXTRACT(hours FROM (NOW() - t.updated_at)) as hours_since_updated
        FROM transports t
        JOIN orders o ON t.order_id = o.id
        JOIN locations l ON t.location_id = l.id
        WHERE t.status IN ('PENDING', 'IN_PROGRESS')
       ORDER BY t.created_at ASC
2025-06-24T14:01:06.069Z [ERROR] Error detecting transport issues: column o.id does not exist
2025-06-24T14:01:06.070Z [ERROR] SQL error after 130ms: column e.updated_at does not exist
2025-06-24T14:01:06.070Z [ERROR] Failed query: 
        SELECT 
          l.id as location_id,
          l.name as location_name,
          COUNT(e.id) as total_equipment,
          COUNT(CASE WHEN e.status = 'OUT_OF_SERVICE' THEN 1 END) as out_of_service,
          COUNT(CASE WHEN e.updated_at < NOW() - INTERVAL '2 hours' THEN 1 END) as stale_equipment
        FROM locations l
        LEFT JOIN equipment e ON l.id = e.location_id
       GROUP BY l.id, l.name
2025-06-24T14:01:06.071Z [ERROR] Error detecting power outage: column e.updated_at does not exist
2025-06-24T14:01:06.071Z [ERROR] SQL error after 131ms: column em.created_at does not exist
2025-06-24T14:01:06.072Z [ERROR] Failed query: 
        SELECT 
          e.id,
          e.name,
          e.type,
          e.status,
          e.location_id,
          l.name as location_name,
          EXTRACT(days FROM (NOW() - e.updated_at)) as days_since_update,
          COUNT(em.id) as recent_maintenance
        FROM equipment e
        JOIN locations l ON e.location_id = l.id
        LEFT JOIN equipment_maintenance em ON e.id = em.equipment_id 
          AND em.created_at >= NOW() - INTERVAL '30 days'
      
        GROUP BY e.id, e.name, e.type, e.status, e.location_id, l.name, e.updated_at
        HAVING e.status = 'OUT_OF_SERVICE' 
          OR EXTRACT(days FROM (NOW() - e.updated_at)) > 7
        ORDER BY days_since_update DESC
      
2025-06-24T14:01:06.072Z [ERROR] Error detecting equipment failures: column em.created_at does not exist
2025-06-24T14:01:06.073Z [INFO] Exception detection completed: 0 issues found
2025-06-24T14:01:06.073Z [INFO] Exception detection completed: 0 total issues found
2025-06-24T14:01:06.073Z [INFO] - Staff issues: 0
2025-06-24T14:01:06.073Z [INFO] - Power issues: 0
2025-06-24T14:01:06.073Z [INFO] - Equipment issues: 0
2025-06-24T14:01:06.074Z [INFO] - Transport issues: 0
2025-06-24T14:01:06.074Z [INFO] Creating notification: SYSTEM_STATUS_OK - LOW - All systems operational - no critical issues detected
2025-06-24T14:01:06.074Z [ERROR] Failed to send notification via websocket: WebSocket notification failed: broadcastToAllClients is not a function
2025-06-24T14:01:06.075Z [INFO] Exception detection completed successfully in 135ms
2025-06-24T14:01:06.075Z [INFO] Scheduler: Job 'exceptionDetection' completed, next run: Tue Jun 24 2025 17:02:06 GMT+0300 (Ora de vară a Europei de Est)
2025-06-24T14:03:05.794Z [INFO] Scheduler: Running job 'checkEquipmentStatus'
2025-06-24T14:03:05.795Z [INFO] CheckEquipmentStatus: Starting equipment monitoring job
2025-06-24T14:03:05.796Z [INFO] Starting equipment status check...
2025-06-24T14:03:05.870Z [ERROR] Error checking equipment status:
2025-06-24T14:03:05.871Z [ERROR] CheckEquipmentStatus: Job failed
2025-06-24T14:03:05.872Z [INFO] Scheduler: Job 'checkEquipmentStatus' completed, next run: Tue Jun 24 2025 17:04:05 GMT+0300 (Ora de vară a Europei de Est)
2025-06-24T14:03:05.872Z [INFO] Scheduler: Running job 'updateWeatherData'
2025-06-24T14:03:05.873Z [INFO] Starting weather data update job...
2025-06-24T14:03:05.873Z [INFO] Starting weather data update for all locations...
2025-06-24T14:03:05.878Z [ERROR] Error updating weather data:
2025-06-24T14:03:05.878Z [ERROR] Weather data update job failed:
2025-06-24T14:03:05.879Z [INFO] Scheduler: Job 'updateWeatherData' completed, next run: Tue Jun 24 2025 17:04:05 GMT+0300 (Ora de vară a Europei de Est)
2025-06-24T14:03:05.879Z [INFO] Scheduler: Running job 'exceptionDetection'
2025-06-24T14:03:05.880Z [INFO] Starting automated exception detection...
2025-06-24T14:03:05.881Z [INFO] Running comprehensive exception detection...
2025-06-24T14:03:05.885Z [ERROR] Error detecting staff unavailability: result.rows is not iterable
2025-06-24T14:03:05.962Z [ERROR] SQL error after 81ms: column e.updated_at does not exist
2025-06-24T14:03:05.962Z [ERROR] Failed query: 
        SELECT 
          l.id as location_id,
          l.name as location_name,
          COUNT(e.id) as total_equipment,
          COUNT(CASE WHEN e.status = 'OUT_OF_SERVICE' THEN 1 END) as out_of_service,
          COUNT(CASE WHEN e.updated_at < NOW() - INTERVAL '2 hours' THEN 1 END) as stale_equipment
        FROM locations l
        LEFT JOIN equipment e ON l.id = e.location_id
       GROUP BY l.id, l.name
2025-06-24T14:03:05.963Z [ERROR] Error detecting power outage: column e.updated_at does not exist
2025-06-24T14:03:05.966Z [ERROR] SQL error after 85ms: column em.created_at does not exist
2025-06-24T14:03:05.967Z [ERROR] Failed query: 
        SELECT 
          e.id,
          e.name,
          e.type,
          e.status,
          e.location_id,
          l.name as location_name,
          EXTRACT(days FROM (NOW() - e.updated_at)) as days_since_update,
          COUNT(em.id) as recent_maintenance
        FROM equipment e
        JOIN locations l ON e.location_id = l.id
        LEFT JOIN equipment_maintenance em ON e.id = em.equipment_id 
          AND em.created_at >= NOW() - INTERVAL '30 days'
      
        GROUP BY e.id, e.name, e.type, e.status, e.location_id, l.name, e.updated_at
        HAVING e.status = 'OUT_OF_SERVICE' 
          OR EXTRACT(days FROM (NOW() - e.updated_at)) > 7
        ORDER BY days_since_update DESC
      
2025-06-24T14:03:05.967Z [ERROR] Error detecting equipment failures: column em.created_at does not exist
2025-06-24T14:03:05.973Z [ERROR] SQL error after 92ms: column o.id does not exist
2025-06-24T14:03:05.974Z [ERROR] Failed query: 
        SELECT 
          t.id,
          t.status,
          t.location_id,
          l.name as location_name,
          o.id as order_id,
          EXTRACT(hours FROM (NOW() - t.created_at)) as hours_since_created,
          EXTRACT(hours FROM (NOW() - t.updated_at)) as hours_since_updated
        FROM transports t
        JOIN orders o ON t.order_id = o.id
        JOIN locations l ON t.location_id = l.id
        WHERE t.status IN ('PENDING', 'IN_PROGRESS')
       ORDER BY t.created_at ASC
2025-06-24T14:03:05.974Z [ERROR] Error detecting transport issues: column o.id does not exist
2025-06-24T14:03:05.975Z [INFO] Exception detection completed: 0 issues found
2025-06-24T14:03:05.975Z [INFO] Exception detection completed: 0 total issues found
2025-06-24T14:03:05.976Z [INFO] - Staff issues: 0
2025-06-24T14:03:05.976Z [INFO] - Power issues: 0
2025-06-24T14:03:05.976Z [INFO] - Equipment issues: 0
2025-06-24T14:03:05.977Z [INFO] - Transport issues: 0
2025-06-24T14:03:05.977Z [INFO] Creating notification: SYSTEM_STATUS_OK - LOW - All systems operational - no critical issues detected
2025-06-24T14:03:05.978Z [ERROR] Failed to send notification via websocket: WebSocket notification failed: broadcastToAllClients is not a function
2025-06-24T14:03:05.978Z [INFO] Exception detection completed successfully in 98ms
2025-06-24T14:03:05.978Z [INFO] Scheduler: Job 'exceptionDetection' completed, next run: Tue Jun 24 2025 17:04:05 GMT+0300 (Ora de vară a Europei de Est)
2025-06-24T14:05:05.812Z [INFO] Scheduler: Running job 'expandRecurrences'
2025-06-24T14:05:05.813Z [INFO] ExpandRecurrences: Starting job
2025-06-24T14:05:05.884Z [INFO] ExpandRecurrences: Job completed, created 0 new recurring orders
2025-06-24T14:05:05.884Z [INFO] Scheduler: Job 'expandRecurrences' completed, next run: Tue Jun 24 2025 17:05:00 GMT+0300 (Ora de vară a Europei de Est)
2025-06-24T14:05:05.885Z [INFO] Scheduler: Running job 'checkEquipmentStatus'
2025-06-24T14:05:05.885Z [INFO] CheckEquipmentStatus: Starting equipment monitoring job
2025-06-24T14:05:05.886Z [INFO] Starting equipment status check...
2025-06-24T14:05:05.892Z [ERROR] Error checking equipment status:
2025-06-24T14:05:05.893Z [ERROR] CheckEquipmentStatus: Job failed
2025-06-24T14:05:05.893Z [INFO] Scheduler: Job 'checkEquipmentStatus' completed, next run: Tue Jun 24 2025 17:06:05 GMT+0300 (Ora de vară a Europei de Est)
2025-06-24T14:05:05.893Z [INFO] Scheduler: Running job 'updateWeatherData'
2025-06-24T14:05:05.894Z [INFO] Starting weather data update job...
2025-06-24T14:05:05.895Z [INFO] Starting weather data update for all locations...
2025-06-24T14:05:05.900Z [ERROR] Error updating weather data:
2025-06-24T14:05:05.901Z [ERROR] Weather data update job failed:
2025-06-24T14:05:05.901Z [INFO] Scheduler: Job 'updateWeatherData' completed, next run: Tue Jun 24 2025 17:06:05 GMT+0300 (Ora de vară a Europei de Est)
2025-06-24T14:05:05.902Z [INFO] Scheduler: Running job 'exceptionDetection'
2025-06-24T14:05:05.903Z [INFO] Starting automated exception detection...
2025-06-24T14:05:05.903Z [INFO] Running comprehensive exception detection...
2025-06-24T14:05:05.908Z [ERROR] Error detecting staff unavailability: result.rows is not iterable
2025-06-24T14:05:05.985Z [ERROR] SQL error after 81ms: column em.created_at does not exist
2025-06-24T14:05:05.986Z [ERROR] Failed query: 
        SELECT 
          e.id,
          e.name,
          e.type,
          e.status,
          e.location_id,
          l.name as location_name,
          EXTRACT(days FROM (NOW() - e.updated_at)) as days_since_update,
          COUNT(em.id) as recent_maintenance
        FROM equipment e
        JOIN locations l ON e.location_id = l.id
        LEFT JOIN equipment_maintenance em ON e.id = em.equipment_id 
          AND em.created_at >= NOW() - INTERVAL '30 days'
      
        GROUP BY e.id, e.name, e.type, e.status, e.location_id, l.name, e.updated_at
        HAVING e.status = 'OUT_OF_SERVICE' 
          OR EXTRACT(days FROM (NOW() - e.updated_at)) > 7
        ORDER BY days_since_update DESC
      
2025-06-24T14:05:05.987Z [ERROR] Error detecting equipment failures: column em.created_at does not exist
2025-06-24T14:05:05.989Z [ERROR] SQL error after 85ms: column o.id does not exist
2025-06-24T14:05:05.990Z [ERROR] Failed query: 
        SELECT 
          t.id,
          t.status,
          t.location_id,
          l.name as location_name,
          o.id as order_id,
          EXTRACT(hours FROM (NOW() - t.created_at)) as hours_since_created,
          EXTRACT(hours FROM (NOW() - t.updated_at)) as hours_since_updated
        FROM transports t
        JOIN orders o ON t.order_id = o.id
        JOIN locations l ON t.location_id = l.id
        WHERE t.status IN ('PENDING', 'IN_PROGRESS')
       ORDER BY t.created_at ASC
2025-06-24T14:05:05.990Z [ERROR] Error detecting transport issues: column o.id does not exist
2025-06-24T14:05:06.077Z [ERROR] SQL error after 173ms: column e.updated_at does not exist
2025-06-24T14:05:06.078Z [ERROR] Failed query: 
        SELECT 
          l.id as location_id,
          l.name as location_name,
          COUNT(e.id) as total_equipment,
          COUNT(CASE WHEN e.status = 'OUT_OF_SERVICE' THEN 1 END) as out_of_service,
          COUNT(CASE WHEN e.updated_at < NOW() - INTERVAL '2 hours' THEN 1 END) as stale_equipment
        FROM locations l
        LEFT JOIN equipment e ON l.id = e.location_id
       GROUP BY l.id, l.name
2025-06-24T14:05:06.078Z [ERROR] Error detecting power outage: column e.updated_at does not exist
2025-06-24T14:05:06.079Z [INFO] Exception detection completed: 0 issues found
2025-06-24T14:05:06.079Z [INFO] Exception detection completed: 0 total issues found
2025-06-24T14:05:06.080Z [INFO] - Staff issues: 0
2025-06-24T14:05:06.080Z [INFO] - Power issues: 0
2025-06-24T14:05:06.080Z [INFO] - Equipment issues: 0
2025-06-24T14:05:06.080Z [INFO] - Transport issues: 0
2025-06-24T14:05:06.081Z [INFO] Creating notification: SYSTEM_STATUS_OK - LOW - All systems operational - no critical issues detected
2025-06-24T14:05:06.081Z [ERROR] Failed to send notification via websocket: WebSocket notification failed: broadcastToAllClients is not a function
2025-06-24T14:05:06.082Z [INFO] Exception detection completed successfully in 179ms
2025-06-24T14:05:06.082Z [INFO] Scheduler: Job 'exceptionDetection' completed, next run: Tue Jun 24 2025 17:06:06 GMT+0300 (Ora de vară a Europei de Est)
2025-06-24T14:06:05.815Z [INFO] Scheduler: Running job 'expandRecurrences'
2025-06-24T14:06:05.816Z [INFO] ExpandRecurrences: Starting job
2025-06-24T14:06:05.893Z [INFO] ExpandRecurrences: Job completed, created 0 new recurring orders
2025-06-24T14:06:05.893Z [INFO] Scheduler: Job 'expandRecurrences' completed, next run: Tue Jun 24 2025 17:10:00 GMT+0300 (Ora de vară a Europei de Est)
2025-06-24T14:07:05.823Z [INFO] Scheduler: Running job 'checkEquipmentStatus'
2025-06-24T14:07:05.823Z [INFO] CheckEquipmentStatus: Starting equipment monitoring job
2025-06-24T14:07:05.824Z [INFO] Starting equipment status check...
2025-06-24T14:07:05.926Z [ERROR] Error checking equipment status:
2025-06-24T14:07:05.927Z [ERROR] CheckEquipmentStatus: Job failed
2025-06-24T14:07:05.928Z [INFO] Scheduler: Job 'checkEquipmentStatus' completed, next run: Tue Jun 24 2025 17:08:05 GMT+0300 (Ora de vară a Europei de Est)
2025-06-24T14:07:05.928Z [INFO] Scheduler: Running job 'updateWeatherData'
2025-06-24T14:07:05.929Z [INFO] Starting weather data update job...
2025-06-24T14:07:05.930Z [INFO] Starting weather data update for all locations...
2025-06-24T14:07:05.934Z [ERROR] Error updating weather data:
2025-06-24T14:07:05.935Z [ERROR] Weather data update job failed:
2025-06-24T14:07:05.936Z [INFO] Scheduler: Job 'updateWeatherData' completed, next run: Tue Jun 24 2025 17:08:05 GMT+0300 (Ora de vară a Europei de Est)
2025-06-24T14:07:05.936Z [INFO] Scheduler: Running job 'exceptionDetection'
2025-06-24T14:07:05.937Z [INFO] Starting automated exception detection...
2025-06-24T14:07:05.937Z [INFO] Running comprehensive exception detection...
2025-06-24T14:07:05.942Z [ERROR] Error detecting staff unavailability: result.rows is not iterable
2025-06-24T14:07:06.006Z [ERROR] SQL error after 68ms: column e.updated_at does not exist
2025-06-24T14:07:06.007Z [ERROR] Failed query: 
        SELECT 
          l.id as location_id,
          l.name as location_name,
          COUNT(e.id) as total_equipment,
          COUNT(CASE WHEN e.status = 'OUT_OF_SERVICE' THEN 1 END) as out_of_service,
          COUNT(CASE WHEN e.updated_at < NOW() - INTERVAL '2 hours' THEN 1 END) as stale_equipment
        FROM locations l
        LEFT JOIN equipment e ON l.id = e.location_id
       GROUP BY l.id, l.name
2025-06-24T14:07:06.007Z [ERROR] Error detecting power outage: column e.updated_at does not exist
2025-06-24T14:07:06.014Z [ERROR] SQL error after 76ms: column o.id does not exist
2025-06-24T14:07:06.014Z [ERROR] Failed query: 
        SELECT 
          t.id,
          t.status,
          t.location_id,
          l.name as location_name,
          o.id as order_id,
          EXTRACT(hours FROM (NOW() - t.created_at)) as hours_since_created,
          EXTRACT(hours FROM (NOW() - t.updated_at)) as hours_since_updated
        FROM transports t
        JOIN orders o ON t.order_id = o.id
        JOIN locations l ON t.location_id = l.id
        WHERE t.status IN ('PENDING', 'IN_PROGRESS')
       ORDER BY t.created_at ASC
2025-06-24T14:07:06.015Z [ERROR] Error detecting transport issues: column o.id does not exist
2025-06-24T14:07:06.015Z [ERROR] SQL error after 77ms: column em.created_at does not exist
2025-06-24T14:07:06.016Z [ERROR] Failed query: 
        SELECT 
          e.id,
          e.name,
          e.type,
          e.status,
          e.location_id,
          l.name as location_name,
          EXTRACT(days FROM (NOW() - e.updated_at)) as days_since_update,
          COUNT(em.id) as recent_maintenance
        FROM equipment e
        JOIN locations l ON e.location_id = l.id
        LEFT JOIN equipment_maintenance em ON e.id = em.equipment_id 
          AND em.created_at >= NOW() - INTERVAL '30 days'
      
        GROUP BY e.id, e.name, e.type, e.status, e.location_id, l.name, e.updated_at
        HAVING e.status = 'OUT_OF_SERVICE' 
          OR EXTRACT(days FROM (NOW() - e.updated_at)) > 7
        ORDER BY days_since_update DESC
      
2025-06-24T14:07:06.016Z [ERROR] Error detecting equipment failures: column em.created_at does not exist
2025-06-24T14:07:06.017Z [INFO] Exception detection completed: 0 issues found
2025-06-24T14:07:06.017Z [INFO] Exception detection completed: 0 total issues found
2025-06-24T14:07:06.017Z [INFO] - Staff issues: 0
2025-06-24T14:07:06.017Z [INFO] - Power issues: 0
2025-06-24T14:07:06.018Z [INFO] - Equipment issues: 0
2025-06-24T14:07:06.018Z [INFO] - Transport issues: 0
2025-06-24T14:07:06.018Z [INFO] Creating notification: SYSTEM_STATUS_OK - LOW - All systems operational - no critical issues detected
2025-06-24T14:07:06.019Z [ERROR] Failed to send notification via websocket: WebSocket notification failed: broadcastToAllClients is not a function
2025-06-24T14:07:06.019Z [INFO] Exception detection completed successfully in 82ms
2025-06-24T14:07:06.019Z [INFO] Scheduler: Job 'exceptionDetection' completed, next run: Tue Jun 24 2025 17:08:06 GMT+0300 (Ora de vară a Europei de Est)
2025-06-24T14:09:05.831Z [INFO] Scheduler: Running job 'checkEquipmentStatus'
2025-06-24T14:09:05.832Z [INFO] CheckEquipmentStatus: Starting equipment monitoring job
2025-06-24T14:09:05.833Z [INFO] Starting equipment status check...
2025-06-24T14:09:05.913Z [ERROR] Error checking equipment status:
2025-06-24T14:09:05.914Z [ERROR] CheckEquipmentStatus: Job failed
2025-06-24T14:09:05.914Z [INFO] Scheduler: Job 'checkEquipmentStatus' completed, next run: Tue Jun 24 2025 17:10:05 GMT+0300 (Ora de vară a Europei de Est)
2025-06-24T14:09:05.915Z [INFO] Scheduler: Running job 'updateWeatherData'
2025-06-24T14:09:05.915Z [INFO] Starting weather data update job...
2025-06-24T14:09:05.916Z [INFO] Starting weather data update for all locations...
2025-06-24T14:09:05.920Z [ERROR] Error updating weather data:
2025-06-24T14:09:05.921Z [ERROR] Weather data update job failed:
2025-06-24T14:09:05.921Z [INFO] Scheduler: Job 'updateWeatherData' completed, next run: Tue Jun 24 2025 17:10:05 GMT+0300 (Ora de vară a Europei de Est)
2025-06-24T14:09:05.922Z [INFO] Scheduler: Running job 'exceptionDetection'
2025-06-24T14:09:05.923Z [INFO] Starting automated exception detection...
2025-06-24T14:09:05.923Z [INFO] Running comprehensive exception detection...
2025-06-24T14:09:05.928Z [ERROR] Error detecting staff unavailability: result.rows is not iterable
2025-06-24T14:09:06.013Z [ERROR] SQL error after 89ms: column e.updated_at does not exist
2025-06-24T14:09:06.014Z [ERROR] Failed query: 
        SELECT 
          l.id as location_id,
          l.name as location_name,
          COUNT(e.id) as total_equipment,
          COUNT(CASE WHEN e.status = 'OUT_OF_SERVICE' THEN 1 END) as out_of_service,
          COUNT(CASE WHEN e.updated_at < NOW() - INTERVAL '2 hours' THEN 1 END) as stale_equipment
        FROM locations l
        LEFT JOIN equipment e ON l.id = e.location_id
       GROUP BY l.id, l.name
2025-06-24T14:09:06.014Z [ERROR] Error detecting power outage: column e.updated_at does not exist
2025-06-24T14:09:06.021Z [ERROR] SQL error after 97ms: column em.created_at does not exist
2025-06-24T14:09:06.021Z [ERROR] Failed query: 
        SELECT 
          e.id,
          e.name,
          e.type,
          e.status,
          e.location_id,
          l.name as location_name,
          EXTRACT(days FROM (NOW() - e.updated_at)) as days_since_update,
          COUNT(em.id) as recent_maintenance
        FROM equipment e
        JOIN locations l ON e.location_id = l.id
        LEFT JOIN equipment_maintenance em ON e.id = em.equipment_id 
          AND em.created_at >= NOW() - INTERVAL '30 days'
      
        GROUP BY e.id, e.name, e.type, e.status, e.location_id, l.name, e.updated_at
        HAVING e.status = 'OUT_OF_SERVICE' 
          OR EXTRACT(days FROM (NOW() - e.updated_at)) > 7
        ORDER BY days_since_update DESC
      
2025-06-24T14:09:06.022Z [ERROR] Error detecting equipment failures: column em.created_at does not exist
2025-06-24T14:09:06.023Z [ERROR] SQL error after 99ms: column o.id does not exist
2025-06-24T14:09:06.024Z [ERROR] Failed query: 
        SELECT 
          t.id,
          t.status,
          t.location_id,
          l.name as location_name,
          o.id as order_id,
          EXTRACT(hours FROM (NOW() - t.created_at)) as hours_since_created,
          EXTRACT(hours FROM (NOW() - t.updated_at)) as hours_since_updated
        FROM transports t
        JOIN orders o ON t.order_id = o.id
        JOIN locations l ON t.location_id = l.id
        WHERE t.status IN ('PENDING', 'IN_PROGRESS')
       ORDER BY t.created_at ASC
2025-06-24T14:09:06.025Z [ERROR] Error detecting transport issues: column o.id does not exist
2025-06-24T14:09:06.026Z [INFO] Exception detection completed: 0 issues found
2025-06-24T14:09:06.026Z [INFO] Exception detection completed: 0 total issues found
2025-06-24T14:09:06.027Z [INFO] - Staff issues: 0
2025-06-24T14:09:06.027Z [INFO] - Power issues: 0
2025-06-24T14:09:06.028Z [INFO] - Equipment issues: 0
2025-06-24T14:09:06.028Z [INFO] - Transport issues: 0
2025-06-24T14:09:06.029Z [INFO] Creating notification: SYSTEM_STATUS_OK - LOW - All systems operational - no critical issues detected
2025-06-24T14:09:06.030Z [ERROR] Failed to send notification via websocket: WebSocket notification failed: broadcastToAllClients is not a function
2025-06-24T14:09:06.030Z [INFO] Exception detection completed successfully in 108ms
2025-06-24T14:09:06.031Z [INFO] Scheduler: Job 'exceptionDetection' completed, next run: Tue Jun 24 2025 17:10:06 GMT+0300 (Ora de vară a Europei de Est)
2025-06-24T14:10:05.840Z [INFO] Scheduler: Running job 'expandRecurrences'
2025-06-24T14:10:05.841Z [INFO] ExpandRecurrences: Starting job
2025-06-24T14:10:05.930Z [INFO] ExpandRecurrences: Job completed, created 0 new recurring orders
2025-06-24T14:10:05.931Z [INFO] Scheduler: Job 'expandRecurrences' completed, next run: Tue Jun 24 2025 17:10:00 GMT+0300 (Ora de vară a Europei de Est)
2025-06-24T14:11:05.845Z [INFO] Scheduler: Running job 'expandRecurrences'
2025-06-24T14:11:05.847Z [INFO] ExpandRecurrences: Starting job
2025-06-24T14:11:05.921Z [INFO] ExpandRecurrences: Job completed, created 0 new recurring orders
2025-06-24T14:11:05.921Z [INFO] Scheduler: Job 'expandRecurrences' completed, next run: Tue Jun 24 2025 17:15:00 GMT+0300 (Ora de vară a Europei de Est)
2025-06-24T14:11:05.922Z [INFO] Scheduler: Running job 'checkEquipmentStatus'
2025-06-24T14:11:05.922Z [INFO] CheckEquipmentStatus: Starting equipment monitoring job
2025-06-24T14:11:05.923Z [INFO] Starting equipment status check...
2025-06-24T14:11:05.930Z [ERROR] Error checking equipment status:
2025-06-24T14:11:05.931Z [ERROR] CheckEquipmentStatus: Job failed
2025-06-24T14:11:05.932Z [INFO] Scheduler: Job 'checkEquipmentStatus' completed, next run: Tue Jun 24 2025 17:12:05 GMT+0300 (Ora de vară a Europei de Est)
2025-06-24T14:11:05.932Z [INFO] Scheduler: Running job 'updateWeatherData'
2025-06-24T14:11:05.933Z [INFO] Starting weather data update job...
2025-06-24T14:11:05.933Z [INFO] Starting weather data update for all locations...
2025-06-24T14:11:05.938Z [ERROR] Error updating weather data:
2025-06-24T14:11:05.939Z [ERROR] Weather data update job failed:
2025-06-24T14:11:05.940Z [INFO] Scheduler: Job 'updateWeatherData' completed, next run: Tue Jun 24 2025 17:12:05 GMT+0300 (Ora de vară a Europei de Est)
2025-06-24T14:11:05.940Z [INFO] Scheduler: Running job 'exceptionDetection'
2025-06-24T14:11:05.941Z [INFO] Starting automated exception detection...
2025-06-24T14:11:05.941Z [INFO] Running comprehensive exception detection...
2025-06-24T14:11:05.946Z [ERROR] Error detecting staff unavailability: result.rows is not iterable
2025-06-24T14:11:06.020Z [ERROR] SQL error after 78ms: column e.updated_at does not exist
2025-06-24T14:11:06.021Z [ERROR] Failed query: 
        SELECT 
          l.id as location_id,
          l.name as location_name,
          COUNT(e.id) as total_equipment,
          COUNT(CASE WHEN e.status = 'OUT_OF_SERVICE' THEN 1 END) as out_of_service,
          COUNT(CASE WHEN e.updated_at < NOW() - INTERVAL '2 hours' THEN 1 END) as stale_equipment
        FROM locations l
        LEFT JOIN equipment e ON l.id = e.location_id
       GROUP BY l.id, l.name
2025-06-24T14:11:06.022Z [ERROR] Error detecting power outage: column e.updated_at does not exist
2025-06-24T14:11:06.024Z [ERROR] SQL error after 82ms: column em.created_at does not exist
2025-06-24T14:11:06.025Z [ERROR] Failed query: 
        SELECT 
          e.id,
          e.name,
          e.type,
          e.status,
          e.location_id,
          l.name as location_name,
          EXTRACT(days FROM (NOW() - e.updated_at)) as days_since_update,
          COUNT(em.id) as recent_maintenance
        FROM equipment e
        JOIN locations l ON e.location_id = l.id
        LEFT JOIN equipment_maintenance em ON e.id = em.equipment_id 
          AND em.created_at >= NOW() - INTERVAL '30 days'
      
        GROUP BY e.id, e.name, e.type, e.status, e.location_id, l.name, e.updated_at
        HAVING e.status = 'OUT_OF_SERVICE' 
          OR EXTRACT(days FROM (NOW() - e.updated_at)) > 7
        ORDER BY days_since_update DESC
      
2025-06-24T14:11:06.026Z [ERROR] Error detecting equipment failures: column em.created_at does not exist
2025-06-24T14:11:06.137Z [ERROR] SQL error after 195ms: column o.id does not exist
2025-06-24T14:11:06.137Z [ERROR] Failed query: 
        SELECT 
          t.id,
          t.status,
          t.location_id,
          l.name as location_name,
          o.id as order_id,
          EXTRACT(hours FROM (NOW() - t.created_at)) as hours_since_created,
          EXTRACT(hours FROM (NOW() - t.updated_at)) as hours_since_updated
        FROM transports t
        JOIN orders o ON t.order_id = o.id
        JOIN locations l ON t.location_id = l.id
        WHERE t.status IN ('PENDING', 'IN_PROGRESS')
       ORDER BY t.created_at ASC
2025-06-24T14:11:06.138Z [ERROR] Error detecting transport issues: column o.id does not exist
2025-06-24T14:11:06.138Z [INFO] Exception detection completed: 0 issues found
2025-06-24T14:11:06.138Z [INFO] Exception detection completed: 0 total issues found
2025-06-24T14:11:06.139Z [INFO] - Staff issues: 0
2025-06-24T14:11:06.139Z [INFO] - Power issues: 0
2025-06-24T14:11:06.139Z [INFO] - Equipment issues: 0
2025-06-24T14:11:06.139Z [INFO] - Transport issues: 0
2025-06-24T14:11:06.140Z [INFO] Creating notification: SYSTEM_STATUS_OK - LOW - All systems operational - no critical issues detected
2025-06-24T14:11:06.140Z [ERROR] Failed to send notification via websocket: WebSocket notification failed: broadcastToAllClients is not a function
2025-06-24T14:11:06.141Z [INFO] Exception detection completed successfully in 200ms
2025-06-24T14:11:06.141Z [INFO] Scheduler: Job 'exceptionDetection' completed, next run: Tue Jun 24 2025 17:12:06 GMT+0300 (Ora de vară a Europei de Est)
2025-06-24T14:13:05.853Z [INFO] Scheduler: Running job 'checkEquipmentStatus'
2025-06-24T14:13:05.854Z [INFO] CheckEquipmentStatus: Starting equipment monitoring job
2025-06-24T14:13:05.854Z [INFO] Starting equipment status check...
2025-06-24T14:13:05.945Z [ERROR] Error checking equipment status:
2025-06-24T14:13:05.946Z [ERROR] CheckEquipmentStatus: Job failed
2025-06-24T14:13:05.947Z [INFO] Scheduler: Job 'checkEquipmentStatus' completed, next run: Tue Jun 24 2025 17:14:05 GMT+0300 (Ora de vară a Europei de Est)
2025-06-24T14:13:05.947Z [INFO] Scheduler: Running job 'updateWeatherData'
2025-06-24T14:13:05.948Z [INFO] Starting weather data update job...
2025-06-24T14:13:05.948Z [INFO] Starting weather data update for all locations...
2025-06-24T14:13:05.952Z [ERROR] Error updating weather data:
2025-06-24T14:13:05.953Z [ERROR] Weather data update job failed:
2025-06-24T14:13:05.953Z [INFO] Scheduler: Job 'updateWeatherData' completed, next run: Tue Jun 24 2025 17:14:05 GMT+0300 (Ora de vară a Europei de Est)
2025-06-24T14:13:05.954Z [INFO] Scheduler: Running job 'exceptionDetection'
2025-06-24T14:13:05.954Z [INFO] Starting automated exception detection...
2025-06-24T14:13:05.955Z [INFO] Running comprehensive exception detection...
2025-06-24T14:13:05.959Z [ERROR] Error detecting staff unavailability: result.rows is not iterable
2025-06-24T14:13:06.035Z [ERROR] SQL error after 80ms: column e.updated_at does not exist
2025-06-24T14:13:06.036Z [ERROR] Failed query: 
        SELECT 
          l.id as location_id,
          l.name as location_name,
          COUNT(e.id) as total_equipment,
          COUNT(CASE WHEN e.status = 'OUT_OF_SERVICE' THEN 1 END) as out_of_service,
          COUNT(CASE WHEN e.updated_at < NOW() - INTERVAL '2 hours' THEN 1 END) as stale_equipment
        FROM locations l
        LEFT JOIN equipment e ON l.id = e.location_id
       GROUP BY l.id, l.name
2025-06-24T14:13:06.036Z [ERROR] Error detecting power outage: column e.updated_at does not exist
2025-06-24T14:13:06.044Z [ERROR] SQL error after 89ms: column em.created_at does not exist
2025-06-24T14:13:06.045Z [ERROR] Failed query: 
        SELECT 
          e.id,
          e.name,
          e.type,
          e.status,
          e.location_id,
          l.name as location_name,
          EXTRACT(days FROM (NOW() - e.updated_at)) as days_since_update,
          COUNT(em.id) as recent_maintenance
        FROM equipment e
        JOIN locations l ON e.location_id = l.id
        LEFT JOIN equipment_maintenance em ON e.id = em.equipment_id 
          AND em.created_at >= NOW() - INTERVAL '30 days'
      
        GROUP BY e.id, e.name, e.type, e.status, e.location_id, l.name, e.updated_at
        HAVING e.status = 'OUT_OF_SERVICE' 
          OR EXTRACT(days FROM (NOW() - e.updated_at)) > 7
        ORDER BY days_since_update DESC
      
2025-06-24T14:13:06.045Z [ERROR] Error detecting equipment failures: column em.created_at does not exist
2025-06-24T14:13:06.047Z [ERROR] SQL error after 92ms: column o.id does not exist
2025-06-24T14:13:06.047Z [ERROR] Failed query: 
        SELECT 
          t.id,
          t.status,
          t.location_id,
          l.name as location_name,
          o.id as order_id,
          EXTRACT(hours FROM (NOW() - t.created_at)) as hours_since_created,
          EXTRACT(hours FROM (NOW() - t.updated_at)) as hours_since_updated
        FROM transports t
        JOIN orders o ON t.order_id = o.id
        JOIN locations l ON t.location_id = l.id
        WHERE t.status IN ('PENDING', 'IN_PROGRESS')
       ORDER BY t.created_at ASC
2025-06-24T14:13:06.048Z [ERROR] Error detecting transport issues: column o.id does not exist
2025-06-24T14:13:06.049Z [INFO] Exception detection completed: 0 issues found
2025-06-24T14:13:06.049Z [INFO] Exception detection completed: 0 total issues found
2025-06-24T14:13:06.049Z [INFO] - Staff issues: 0
2025-06-24T14:13:06.050Z [INFO] - Power issues: 0
2025-06-24T14:13:06.050Z [INFO] - Equipment issues: 0
2025-06-24T14:13:06.050Z [INFO] - Transport issues: 0
2025-06-24T14:13:06.051Z [INFO] Creating notification: SYSTEM_STATUS_OK - LOW - All systems operational - no critical issues detected
2025-06-24T14:13:06.051Z [ERROR] Failed to send notification via websocket: WebSocket notification failed: broadcastToAllClients is not a function
2025-06-24T14:13:06.052Z [INFO] Exception detection completed successfully in 98ms
2025-06-24T14:13:06.052Z [INFO] Scheduler: Job 'exceptionDetection' completed, next run: Tue Jun 24 2025 17:14:06 GMT+0300 (Ora de vară a Europei de Est)
2025-06-24T15:01:40.417Z [INFO] Scheduler: Running job 'expandRecurrences'
2025-06-24T15:01:40.430Z [INFO] ExpandRecurrences: Starting job
2025-06-24T15:01:40.822Z [INFO] ExpandRecurrences: Job completed, created 0 new recurring orders
2025-06-24T15:01:40.823Z [INFO] Scheduler: Job 'expandRecurrences' completed, next run: Tue Jun 24 2025 18:05:00 GMT+0300 (Ora de vară a Europei de Est)
2025-06-24T15:01:40.823Z [INFO] Scheduler: Running job 'checkInventory'
2025-06-24T15:01:40.823Z [INFO] CheckInventory: Starting inventory monitoring job
2025-06-24T15:01:40.832Z [INFO] Found 0 low stock items (threshold: 10)
2025-06-24T15:01:40.834Z [INFO] Found 0 out of stock items
2025-06-24T15:01:40.835Z [INFO] CheckInventory: All inventory levels are adequate
2025-06-24T15:01:40.835Z [INFO] Scheduler: Job 'checkInventory' completed, next run: Tue Jun 24 2025 19:00:00 GMT+0300 (Ora de vară a Europei de Est)
2025-06-24T15:01:40.835Z [INFO] Scheduler: Running job 'checkEquipmentStatus'
2025-06-24T15:01:40.835Z [INFO] CheckEquipmentStatus: Starting equipment monitoring job
2025-06-24T15:01:40.836Z [INFO] Starting equipment status check...
2025-06-24T15:01:40.840Z [ERROR] Error checking equipment status:
2025-06-24T15:01:40.841Z [ERROR] CheckEquipmentStatus: Job failed
2025-06-24T15:01:40.844Z [INFO] Scheduler: Job 'checkEquipmentStatus' completed, next run: Tue Jun 24 2025 18:02:40 GMT+0300 (Ora de vară a Europei de Est)
2025-06-24T15:01:40.844Z [INFO] Scheduler: Running job 'updateWeatherData'
2025-06-24T15:01:40.845Z [INFO] Starting weather data update job...
2025-06-24T15:01:40.846Z [INFO] Starting weather data update for all locations...
2025-06-24T15:01:40.850Z [ERROR] Error updating weather data:
2025-06-24T15:01:40.850Z [ERROR] Weather data update job failed:
2025-06-24T15:01:40.851Z [INFO] Scheduler: Job 'updateWeatherData' completed, next run: Tue Jun 24 2025 18:02:40 GMT+0300 (Ora de vară a Europei de Est)
2025-06-24T15:01:40.851Z [INFO] Scheduler: Running job 'exceptionDetection'
2025-06-24T15:01:40.851Z [INFO] Starting automated exception detection...
2025-06-24T15:01:40.851Z [INFO] Running comprehensive exception detection...
2025-06-24T15:01:40.864Z [ERROR] Error detecting staff unavailability: result.rows is not iterable
2025-06-24T15:01:41.022Z [ERROR] SQL error after 170ms: column e.updated_at does not exist
2025-06-24T15:01:41.027Z [ERROR] Failed query: 
        SELECT 
          l.id as location_id,
          l.name as location_name,
          COUNT(e.id) as total_equipment,
          COUNT(CASE WHEN e.status = 'OUT_OF_SERVICE' THEN 1 END) as out_of_service,
          COUNT(CASE WHEN e.updated_at < NOW() - INTERVAL '2 hours' THEN 1 END) as stale_equipment
        FROM locations l
        LEFT JOIN equipment e ON l.id = e.location_id
       GROUP BY l.id, l.name
2025-06-24T15:01:41.030Z [ERROR] Error detecting power outage: column e.updated_at does not exist
2025-06-24T15:01:41.053Z [ERROR] SQL error after 201ms: column em.created_at does not exist
2025-06-24T15:01:41.062Z [ERROR] Failed query: 
        SELECT 
          e.id,
          e.name,
          e.type,
          e.status,
          e.location_id,
          l.name as location_name,
          EXTRACT(days FROM (NOW() - e.updated_at)) as days_since_update,
          COUNT(em.id) as recent_maintenance
        FROM equipment e
        JOIN locations l ON e.location_id = l.id
        LEFT JOIN equipment_maintenance em ON e.id = em.equipment_id 
          AND em.created_at >= NOW() - INTERVAL '30 days'
      
        GROUP BY e.id, e.name, e.type, e.status, e.location_id, l.name, e.updated_at
        HAVING e.status = 'OUT_OF_SERVICE' 
          OR EXTRACT(days FROM (NOW() - e.updated_at)) > 7
        ORDER BY days_since_update DESC
      
2025-06-24T15:01:41.068Z [ERROR] Error detecting equipment failures: column em.created_at does not exist
2025-06-24T15:01:41.082Z [ERROR] SQL error after 229ms: column o.id does not exist
2025-06-24T15:01:41.082Z [ERROR] Failed query: 
        SELECT 
          t.id,
          t.status,
          t.location_id,
          l.name as location_name,
          o.id as order_id,
          EXTRACT(hours FROM (NOW() - t.created_at)) as hours_since_created,
          EXTRACT(hours FROM (NOW() - t.updated_at)) as hours_since_updated
        FROM transports t
        JOIN orders o ON t.order_id = o.id
        JOIN locations l ON t.location_id = l.id
        WHERE t.status IN ('PENDING', 'IN_PROGRESS')
       ORDER BY t.created_at ASC
2025-06-24T15:01:41.083Z [ERROR] Error detecting transport issues: column o.id does not exist
2025-06-24T15:01:41.083Z [INFO] Exception detection completed: 0 issues found
2025-06-24T15:01:41.083Z [INFO] Exception detection completed: 0 total issues found
2025-06-24T15:01:41.083Z [INFO] - Staff issues: 0
2025-06-24T15:01:41.083Z [INFO] - Power issues: 0
2025-06-24T15:01:41.084Z [INFO] - Equipment issues: 0
2025-06-24T15:01:41.084Z [INFO] - Transport issues: 0
2025-06-24T15:01:41.084Z [INFO] Creating notification: SYSTEM_STATUS_OK - LOW - All systems operational - no critical issues detected
2025-06-24T15:01:41.085Z [ERROR] Failed to send notification via websocket: WebSocket notification failed: broadcastToAllClients is not a function
2025-06-24T15:01:41.085Z [INFO] Exception detection completed successfully in 234ms
2025-06-24T15:01:41.085Z [INFO] Scheduler: Job 'exceptionDetection' completed, next run: Tue Jun 24 2025 18:02:41 GMT+0300 (Ora de vară a Europei de Est)
2025-06-24T15:03:40.426Z [INFO] Scheduler: Running job 'checkEquipmentStatus'
2025-06-24T15:03:40.429Z [INFO] CheckEquipmentStatus: Starting equipment monitoring job
2025-06-24T15:03:40.432Z [INFO] Starting equipment status check...
2025-06-24T15:03:40.503Z [ERROR] Error checking equipment status:
2025-06-24T15:03:40.504Z [ERROR] CheckEquipmentStatus: Job failed
2025-06-24T15:03:40.504Z [INFO] Scheduler: Job 'checkEquipmentStatus' completed, next run: Tue Jun 24 2025 18:04:40 GMT+0300 (Ora de vară a Europei de Est)
2025-06-24T15:03:40.505Z [INFO] Scheduler: Running job 'updateWeatherData'
2025-06-24T15:03:40.505Z [INFO] Starting weather data update job...
2025-06-24T15:03:40.506Z [INFO] Starting weather data update for all locations...
2025-06-24T15:03:40.510Z [ERROR] Error updating weather data:
2025-06-24T15:03:40.511Z [ERROR] Weather data update job failed:
2025-06-24T15:03:40.512Z [INFO] Scheduler: Job 'updateWeatherData' completed, next run: Tue Jun 24 2025 18:04:40 GMT+0300 (Ora de vară a Europei de Est)
2025-06-24T15:03:40.512Z [INFO] Scheduler: Running job 'exceptionDetection'
2025-06-24T15:03:40.513Z [INFO] Starting automated exception detection...
2025-06-24T15:03:40.513Z [INFO] Running comprehensive exception detection...
2025-06-24T15:03:40.520Z [ERROR] Error detecting staff unavailability: result.rows is not iterable
2025-06-24T15:03:40.602Z [ERROR] SQL error after 88ms: column em.created_at does not exist
2025-06-24T15:03:40.603Z [ERROR] Failed query: 
        SELECT 
          e.id,
          e.name,
          e.type,
          e.status,
          e.location_id,
          l.name as location_name,
          EXTRACT(days FROM (NOW() - e.updated_at)) as days_since_update,
          COUNT(em.id) as recent_maintenance
        FROM equipment e
        JOIN locations l ON e.location_id = l.id
        LEFT JOIN equipment_maintenance em ON e.id = em.equipment_id 
          AND em.created_at >= NOW() - INTERVAL '30 days'
      
        GROUP BY e.id, e.name, e.type, e.status, e.location_id, l.name, e.updated_at
        HAVING e.status = 'OUT_OF_SERVICE' 
          OR EXTRACT(days FROM (NOW() - e.updated_at)) > 7
        ORDER BY days_since_update DESC
      
2025-06-24T15:03:40.604Z [ERROR] Error detecting equipment failures: column em.created_at does not exist
2025-06-24T15:03:40.607Z [ERROR] SQL error after 93ms: column e.updated_at does not exist
2025-06-24T15:03:40.607Z [ERROR] Failed query: 
        SELECT 
          l.id as location_id,
          l.name as location_name,
          COUNT(e.id) as total_equipment,
          COUNT(CASE WHEN e.status = 'OUT_OF_SERVICE' THEN 1 END) as out_of_service,
          COUNT(CASE WHEN e.updated_at < NOW() - INTERVAL '2 hours' THEN 1 END) as stale_equipment
        FROM locations l
        LEFT JOIN equipment e ON l.id = e.location_id
       GROUP BY l.id, l.name
2025-06-24T15:03:40.608Z [ERROR] Error detecting power outage: column e.updated_at does not exist
2025-06-24T15:03:40.611Z [ERROR] SQL error after 97ms: column o.id does not exist
2025-06-24T15:03:40.611Z [ERROR] Failed query: 
        SELECT 
          t.id,
          t.status,
          t.location_id,
          l.name as location_name,
          o.id as order_id,
          EXTRACT(hours FROM (NOW() - t.created_at)) as hours_since_created,
          EXTRACT(hours FROM (NOW() - t.updated_at)) as hours_since_updated
        FROM transports t
        JOIN orders o ON t.order_id = o.id
        JOIN locations l ON t.location_id = l.id
        WHERE t.status IN ('PENDING', 'IN_PROGRESS')
       ORDER BY t.created_at ASC
2025-06-24T15:03:40.612Z [ERROR] Error detecting transport issues: column o.id does not exist
2025-06-24T15:03:40.612Z [INFO] Exception detection completed: 0 issues found
2025-06-24T15:03:40.612Z [INFO] Exception detection completed: 0 total issues found
2025-06-24T15:03:40.613Z [INFO] - Staff issues: 0
2025-06-24T15:03:40.613Z [INFO] - Power issues: 0
2025-06-24T15:03:40.613Z [INFO] - Equipment issues: 0
2025-06-24T15:03:40.613Z [INFO] - Transport issues: 0
2025-06-24T15:03:40.613Z [INFO] Creating notification: SYSTEM_STATUS_OK - LOW - All systems operational - no critical issues detected
2025-06-24T15:03:40.614Z [ERROR] Failed to send notification via websocket: WebSocket notification failed: broadcastToAllClients is not a function
2025-06-24T15:03:40.614Z [INFO] Exception detection completed successfully in 101ms
2025-06-24T15:03:40.615Z [INFO] Scheduler: Job 'exceptionDetection' completed, next run: Tue Jun 24 2025 18:04:40 GMT+0300 (Ora de vară a Europei de Est)
2025-06-24T15:05:40.444Z [INFO] Scheduler: Running job 'expandRecurrences'
2025-06-24T15:05:40.445Z [INFO] ExpandRecurrences: Starting job
2025-06-24T15:05:40.511Z [INFO] ExpandRecurrences: Job completed, created 0 new recurring orders
2025-06-24T15:05:40.512Z [INFO] Scheduler: Job 'expandRecurrences' completed, next run: Tue Jun 24 2025 18:05:00 GMT+0300 (Ora de vară a Europei de Est)
2025-06-24T15:05:40.512Z [INFO] Scheduler: Running job 'checkEquipmentStatus'
2025-06-24T15:05:40.512Z [INFO] CheckEquipmentStatus: Starting equipment monitoring job
2025-06-24T15:05:40.513Z [INFO] Starting equipment status check...
2025-06-24T15:05:40.518Z [ERROR] Error checking equipment status:
2025-06-24T15:05:40.519Z [ERROR] CheckEquipmentStatus: Job failed
2025-06-24T15:05:40.520Z [INFO] Scheduler: Job 'checkEquipmentStatus' completed, next run: Tue Jun 24 2025 18:06:40 GMT+0300 (Ora de vară a Europei de Est)
2025-06-24T15:05:40.520Z [INFO] Scheduler: Running job 'updateWeatherData'
2025-06-24T15:05:40.520Z [INFO] Starting weather data update job...
2025-06-24T15:05:40.521Z [INFO] Starting weather data update for all locations...
2025-06-24T15:05:40.525Z [ERROR] Error updating weather data:
2025-06-24T15:05:40.525Z [ERROR] Weather data update job failed:
2025-06-24T15:05:40.526Z [INFO] Scheduler: Job 'updateWeatherData' completed, next run: Tue Jun 24 2025 18:06:40 GMT+0300 (Ora de vară a Europei de Est)
2025-06-24T15:05:40.526Z [INFO] Scheduler: Running job 'exceptionDetection'
2025-06-24T15:05:40.527Z [INFO] Starting automated exception detection...
2025-06-24T15:05:40.527Z [INFO] Running comprehensive exception detection...
2025-06-24T15:05:40.532Z [ERROR] Error detecting staff unavailability: result.rows is not iterable
2025-06-24T15:05:40.622Z [ERROR] SQL error after 94ms: column e.updated_at does not exist
2025-06-24T15:05:40.622Z [ERROR] Failed query: 
        SELECT 
          l.id as location_id,
          l.name as location_name,
          COUNT(e.id) as total_equipment,
          COUNT(CASE WHEN e.status = 'OUT_OF_SERVICE' THEN 1 END) as out_of_service,
          COUNT(CASE WHEN e.updated_at < NOW() - INTERVAL '2 hours' THEN 1 END) as stale_equipment
        FROM locations l
        LEFT JOIN equipment e ON l.id = e.location_id
       GROUP BY l.id, l.name
2025-06-24T15:05:40.623Z [ERROR] Error detecting power outage: column e.updated_at does not exist
2025-06-24T15:05:40.626Z [ERROR] SQL error after 98ms: column em.created_at does not exist
2025-06-24T15:05:40.627Z [ERROR] Failed query: 
        SELECT 
          e.id,
          e.name,
          e.type,
          e.status,
          e.location_id,
          l.name as location_name,
          EXTRACT(days FROM (NOW() - e.updated_at)) as days_since_update,
          COUNT(em.id) as recent_maintenance
        FROM equipment e
        JOIN locations l ON e.location_id = l.id
        LEFT JOIN equipment_maintenance em ON e.id = em.equipment_id 
          AND em.created_at >= NOW() - INTERVAL '30 days'
      
        GROUP BY e.id, e.name, e.type, e.status, e.location_id, l.name, e.updated_at
        HAVING e.status = 'OUT_OF_SERVICE' 
          OR EXTRACT(days FROM (NOW() - e.updated_at)) > 7
        ORDER BY days_since_update DESC
      
2025-06-24T15:05:40.627Z [ERROR] Error detecting equipment failures: column em.created_at does not exist
2025-06-24T15:05:40.628Z [ERROR] SQL error after 100ms: column o.id does not exist
2025-06-24T15:05:40.629Z [ERROR] Failed query: 
        SELECT 
          t.id,
          t.status,
          t.location_id,
          l.name as location_name,
          o.id as order_id,
          EXTRACT(hours FROM (NOW() - t.created_at)) as hours_since_created,
          EXTRACT(hours FROM (NOW() - t.updated_at)) as hours_since_updated
        FROM transports t
        JOIN orders o ON t.order_id = o.id
        JOIN locations l ON t.location_id = l.id
        WHERE t.status IN ('PENDING', 'IN_PROGRESS')
       ORDER BY t.created_at ASC
2025-06-24T15:05:40.629Z [ERROR] Error detecting transport issues: column o.id does not exist
2025-06-24T15:05:40.629Z [INFO] Exception detection completed: 0 issues found
2025-06-24T15:05:40.629Z [INFO] Exception detection completed: 0 total issues found
2025-06-24T15:05:40.630Z [INFO] - Staff issues: 0
2025-06-24T15:05:40.630Z [INFO] - Power issues: 0
2025-06-24T15:05:40.630Z [INFO] - Equipment issues: 0
2025-06-24T15:05:40.630Z [INFO] - Transport issues: 0
2025-06-24T15:05:40.631Z [INFO] Creating notification: SYSTEM_STATUS_OK - LOW - All systems operational - no critical issues detected
2025-06-24T15:05:40.631Z [ERROR] Failed to send notification via websocket: WebSocket notification failed: broadcastToAllClients is not a function
2025-06-24T15:05:40.631Z [INFO] Exception detection completed successfully in 104ms
2025-06-24T15:05:40.632Z [INFO] Scheduler: Job 'exceptionDetection' completed, next run: Tue Jun 24 2025 18:06:40 GMT+0300 (Ora de vară a Europei de Est)
2025-06-24T15:06:40.447Z [INFO] Scheduler: Running job 'expandRecurrences'
2025-06-24T15:06:40.448Z [INFO] ExpandRecurrences: Starting job
2025-06-24T15:06:40.546Z [INFO] ExpandRecurrences: Job completed, created 0 new recurring orders
2025-06-24T15:06:40.546Z [INFO] Scheduler: Job 'expandRecurrences' completed, next run: Tue Jun 24 2025 18:10:00 GMT+0300 (Ora de vară a Europei de Est)
2025-06-24T15:07:40.457Z [INFO] Scheduler: Running job 'checkEquipmentStatus'
2025-06-24T15:07:40.457Z [INFO] CheckEquipmentStatus: Starting equipment monitoring job
2025-06-24T15:07:40.458Z [INFO] Starting equipment status check...
2025-06-24T15:07:40.533Z [ERROR] Error checking equipment status:
2025-06-24T15:07:40.534Z [ERROR] CheckEquipmentStatus: Job failed
2025-06-24T15:07:40.534Z [INFO] Scheduler: Job 'checkEquipmentStatus' completed, next run: Tue Jun 24 2025 18:08:40 GMT+0300 (Ora de vară a Europei de Est)
2025-06-24T15:07:40.534Z [INFO] Scheduler: Running job 'updateWeatherData'
2025-06-24T15:07:40.535Z [INFO] Starting weather data update job...
2025-06-24T15:07:40.535Z [INFO] Starting weather data update for all locations...
2025-06-24T15:07:40.538Z [ERROR] Error updating weather data:
2025-06-24T15:07:40.539Z [ERROR] Weather data update job failed:
2025-06-24T15:07:40.539Z [INFO] Scheduler: Job 'updateWeatherData' completed, next run: Tue Jun 24 2025 18:08:40 GMT+0300 (Ora de vară a Europei de Est)
2025-06-24T15:07:40.540Z [INFO] Scheduler: Running job 'exceptionDetection'
2025-06-24T15:07:40.540Z [INFO] Starting automated exception detection...
2025-06-24T15:07:40.541Z [INFO] Running comprehensive exception detection...
2025-06-24T15:07:40.546Z [ERROR] Error detecting staff unavailability: result.rows is not iterable
2025-06-24T15:07:40.618Z [ERROR] SQL error after 76ms: column e.updated_at does not exist
2025-06-24T15:07:40.618Z [ERROR] Failed query: 
        SELECT 
          l.id as location_id,
          l.name as location_name,
          COUNT(e.id) as total_equipment,
          COUNT(CASE WHEN e.status = 'OUT_OF_SERVICE' THEN 1 END) as out_of_service,
          COUNT(CASE WHEN e.updated_at < NOW() - INTERVAL '2 hours' THEN 1 END) as stale_equipment
        FROM locations l
        LEFT JOIN equipment e ON l.id = e.location_id
       GROUP BY l.id, l.name
2025-06-24T15:07:40.619Z [ERROR] Error detecting power outage: column e.updated_at does not exist
2025-06-24T15:07:40.621Z [ERROR] SQL error after 80ms: column em.created_at does not exist
2025-06-24T15:07:40.622Z [ERROR] Failed query: 
        SELECT 
          e.id,
          e.name,
          e.type,
          e.status,
          e.location_id,
          l.name as location_name,
          EXTRACT(days FROM (NOW() - e.updated_at)) as days_since_update,
          COUNT(em.id) as recent_maintenance
        FROM equipment e
        JOIN locations l ON e.location_id = l.id
        LEFT JOIN equipment_maintenance em ON e.id = em.equipment_id 
          AND em.created_at >= NOW() - INTERVAL '30 days'
      
        GROUP BY e.id, e.name, e.type, e.status, e.location_id, l.name, e.updated_at
        HAVING e.status = 'OUT_OF_SERVICE' 
          OR EXTRACT(days FROM (NOW() - e.updated_at)) > 7
        ORDER BY days_since_update DESC
      
2025-06-24T15:07:40.623Z [ERROR] Error detecting equipment failures: column em.created_at does not exist
2025-06-24T15:07:40.720Z [ERROR] SQL error after 179ms: column o.id does not exist
2025-06-24T15:07:40.721Z [ERROR] Failed query: 
        SELECT 
          t.id,
          t.status,
          t.location_id,
          l.name as location_name,
          o.id as order_id,
          EXTRACT(hours FROM (NOW() - t.created_at)) as hours_since_created,
          EXTRACT(hours FROM (NOW() - t.updated_at)) as hours_since_updated
        FROM transports t
        JOIN orders o ON t.order_id = o.id
        JOIN locations l ON t.location_id = l.id
        WHERE t.status IN ('PENDING', 'IN_PROGRESS')
       ORDER BY t.created_at ASC
2025-06-24T15:07:40.721Z [ERROR] Error detecting transport issues: column o.id does not exist
2025-06-24T15:07:40.722Z [INFO] Exception detection completed: 0 issues found
2025-06-24T15:07:40.722Z [INFO] Exception detection completed: 0 total issues found
2025-06-24T15:07:40.723Z [INFO] - Staff issues: 0
2025-06-24T15:07:40.723Z [INFO] - Power issues: 0
2025-06-24T15:07:40.723Z [INFO] - Equipment issues: 0
2025-06-24T15:07:40.724Z [INFO] - Transport issues: 0
2025-06-24T15:07:40.724Z [INFO] Creating notification: SYSTEM_STATUS_OK - LOW - All systems operational - no critical issues detected
2025-06-24T15:07:40.724Z [ERROR] Failed to send notification via websocket: WebSocket notification failed: broadcastToAllClients is not a function
2025-06-24T15:07:40.725Z [INFO] Exception detection completed successfully in 185ms
2025-06-24T15:07:40.725Z [INFO] Scheduler: Job 'exceptionDetection' completed, next run: Tue Jun 24 2025 18:08:40 GMT+0300 (Ora de vară a Europei de Est)
2025-06-24T15:09:40.472Z [INFO] Scheduler: Running job 'checkEquipmentStatus'
2025-06-24T15:09:40.473Z [INFO] CheckEquipmentStatus: Starting equipment monitoring job
2025-06-24T15:09:40.474Z [INFO] Starting equipment status check...
2025-06-24T15:09:40.563Z [ERROR] Error checking equipment status:
2025-06-24T15:09:40.564Z [ERROR] CheckEquipmentStatus: Job failed
2025-06-24T15:09:40.564Z [INFO] Scheduler: Job 'checkEquipmentStatus' completed, next run: Tue Jun 24 2025 18:10:40 GMT+0300 (Ora de vară a Europei de Est)
2025-06-24T15:09:40.565Z [INFO] Scheduler: Running job 'updateWeatherData'
2025-06-24T15:09:40.565Z [INFO] Starting weather data update job...
2025-06-24T15:09:40.566Z [INFO] Starting weather data update for all locations...
2025-06-24T15:09:40.570Z [ERROR] Error updating weather data:
2025-06-24T15:09:40.571Z [ERROR] Weather data update job failed:
2025-06-24T15:09:40.571Z [INFO] Scheduler: Job 'updateWeatherData' completed, next run: Tue Jun 24 2025 18:10:40 GMT+0300 (Ora de vară a Europei de Est)
2025-06-24T15:09:40.572Z [INFO] Scheduler: Running job 'exceptionDetection'
2025-06-24T15:09:40.572Z [INFO] Starting automated exception detection...
2025-06-24T15:09:40.573Z [INFO] Running comprehensive exception detection...
2025-06-24T15:09:40.578Z [ERROR] Error detecting staff unavailability: result.rows is not iterable
2025-06-24T15:09:40.669Z [ERROR] SQL error after 95ms: column e.updated_at does not exist
2025-06-24T15:09:40.669Z [ERROR] Failed query: 
        SELECT 
          l.id as location_id,
          l.name as location_name,
          COUNT(e.id) as total_equipment,
          COUNT(CASE WHEN e.status = 'OUT_OF_SERVICE' THEN 1 END) as out_of_service,
          COUNT(CASE WHEN e.updated_at < NOW() - INTERVAL '2 hours' THEN 1 END) as stale_equipment
        FROM locations l
        LEFT JOIN equipment e ON l.id = e.location_id
       GROUP BY l.id, l.name
2025-06-24T15:09:40.670Z [ERROR] Error detecting power outage: column e.updated_at does not exist
2025-06-24T15:09:40.673Z [ERROR] SQL error after 99ms: column em.created_at does not exist
2025-06-24T15:09:40.674Z [ERROR] Failed query: 
        SELECT 
          e.id,
          e.name,
          e.type,
          e.status,
          e.location_id,
          l.name as location_name,
          EXTRACT(days FROM (NOW() - e.updated_at)) as days_since_update,
          COUNT(em.id) as recent_maintenance
        FROM equipment e
        JOIN locations l ON e.location_id = l.id
        LEFT JOIN equipment_maintenance em ON e.id = em.equipment_id 
          AND em.created_at >= NOW() - INTERVAL '30 days'
      
        GROUP BY e.id, e.name, e.type, e.status, e.location_id, l.name, e.updated_at
        HAVING e.status = 'OUT_OF_SERVICE' 
          OR EXTRACT(days FROM (NOW() - e.updated_at)) > 7
        ORDER BY days_since_update DESC
      
2025-06-24T15:09:40.674Z [ERROR] Error detecting equipment failures: column em.created_at does not exist
2025-06-24T15:09:40.677Z [ERROR] SQL error after 103ms: column o.id does not exist
2025-06-24T15:09:40.677Z [ERROR] Failed query: 
        SELECT 
          t.id,
          t.status,
          t.location_id,
          l.name as location_name,
          o.id as order_id,
          EXTRACT(hours FROM (NOW() - t.created_at)) as hours_since_created,
          EXTRACT(hours FROM (NOW() - t.updated_at)) as hours_since_updated
        FROM transports t
        JOIN orders o ON t.order_id = o.id
        JOIN locations l ON t.location_id = l.id
        WHERE t.status IN ('PENDING', 'IN_PROGRESS')
       ORDER BY t.created_at ASC
2025-06-24T15:09:40.678Z [ERROR] Error detecting transport issues: column o.id does not exist
2025-06-24T15:09:40.678Z [INFO] Exception detection completed: 0 issues found
2025-06-24T15:09:40.678Z [INFO] Exception detection completed: 0 total issues found
2025-06-24T15:09:40.679Z [INFO] - Staff issues: 0
2025-06-24T15:09:40.679Z [INFO] - Power issues: 0
2025-06-24T15:09:40.679Z [INFO] - Equipment issues: 0
2025-06-24T15:09:40.679Z [INFO] - Transport issues: 0
2025-06-24T15:09:40.680Z [INFO] Creating notification: SYSTEM_STATUS_OK - LOW - All systems operational - no critical issues detected
2025-06-24T15:09:40.681Z [ERROR] Failed to send notification via websocket: WebSocket notification failed: broadcastToAllClients is not a function
2025-06-24T15:09:40.681Z [INFO] Exception detection completed successfully in 109ms
2025-06-24T15:09:40.681Z [INFO] Scheduler: Job 'exceptionDetection' completed, next run: Tue Jun 24 2025 18:10:40 GMT+0300 (Ora de vară a Europei de Est)
2025-06-24T15:10:40.479Z [INFO] Scheduler: Running job 'expandRecurrences'
2025-06-24T15:10:40.479Z [INFO] ExpandRecurrences: Starting job
2025-06-24T15:10:40.565Z [INFO] ExpandRecurrences: Job completed, created 0 new recurring orders
2025-06-24T15:10:40.566Z [INFO] Scheduler: Job 'expandRecurrences' completed, next run: Tue Jun 24 2025 18:10:00 GMT+0300 (Ora de vară a Europei de Est)
2025-06-24T15:11:40.484Z [INFO] Scheduler: Running job 'expandRecurrences'
2025-06-24T15:11:40.485Z [INFO] ExpandRecurrences: Starting job
2025-06-24T15:11:40.585Z [INFO] ExpandRecurrences: Job completed, created 0 new recurring orders
2025-06-24T15:11:40.586Z [INFO] Scheduler: Job 'expandRecurrences' completed, next run: Tue Jun 24 2025 18:15:00 GMT+0300 (Ora de vară a Europei de Est)
2025-06-24T15:11:40.587Z [INFO] Scheduler: Running job 'checkEquipmentStatus'
2025-06-24T15:11:40.587Z [INFO] CheckEquipmentStatus: Starting equipment monitoring job
2025-06-24T15:11:40.587Z [INFO] Starting equipment status check...
2025-06-24T15:11:40.593Z [ERROR] Error checking equipment status:
2025-06-24T15:11:40.594Z [ERROR] CheckEquipmentStatus: Job failed
2025-06-24T15:11:40.594Z [INFO] Scheduler: Job 'checkEquipmentStatus' completed, next run: Tue Jun 24 2025 18:12:40 GMT+0300 (Ora de vară a Europei de Est)
2025-06-24T15:11:40.595Z [INFO] Scheduler: Running job 'updateWeatherData'
2025-06-24T15:11:40.595Z [INFO] Starting weather data update job...
2025-06-24T15:11:40.596Z [INFO] Starting weather data update for all locations...
2025-06-24T15:11:40.600Z [ERROR] Error updating weather data:
2025-06-24T15:11:40.601Z [ERROR] Weather data update job failed:
2025-06-24T15:11:40.601Z [INFO] Scheduler: Job 'updateWeatherData' completed, next run: Tue Jun 24 2025 18:12:40 GMT+0300 (Ora de vară a Europei de Est)
2025-06-24T15:11:40.602Z [INFO] Scheduler: Running job 'exceptionDetection'
2025-06-24T15:11:40.603Z [INFO] Starting automated exception detection...
2025-06-24T15:11:40.603Z [INFO] Running comprehensive exception detection...
2025-06-24T15:11:40.608Z [ERROR] Error detecting staff unavailability: result.rows is not iterable
2025-06-24T15:11:40.750Z [ERROR] SQL error after 146ms: column em.created_at does not exist
2025-06-24T15:11:40.751Z [ERROR] Failed query: 
        SELECT 
          e.id,
          e.name,
          e.type,
          e.status,
          e.location_id,
          l.name as location_name,
          EXTRACT(days FROM (NOW() - e.updated_at)) as days_since_update,
          COUNT(em.id) as recent_maintenance
        FROM equipment e
        JOIN locations l ON e.location_id = l.id
        LEFT JOIN equipment_maintenance em ON e.id = em.equipment_id 
          AND em.created_at >= NOW() - INTERVAL '30 days'
      
        GROUP BY e.id, e.name, e.type, e.status, e.location_id, l.name, e.updated_at
        HAVING e.status = 'OUT_OF_SERVICE' 
          OR EXTRACT(days FROM (NOW() - e.updated_at)) > 7
        ORDER BY days_since_update DESC
      
2025-06-24T15:11:40.752Z [ERROR] Error detecting equipment failures: column em.created_at does not exist
2025-06-24T15:11:40.765Z [ERROR] SQL error after 161ms: column e.updated_at does not exist
2025-06-24T15:11:40.766Z [ERROR] Failed query: 
        SELECT 
          l.id as location_id,
          l.name as location_name,
          COUNT(e.id) as total_equipment,
          COUNT(CASE WHEN e.status = 'OUT_OF_SERVICE' THEN 1 END) as out_of_service,
          COUNT(CASE WHEN e.updated_at < NOW() - INTERVAL '2 hours' THEN 1 END) as stale_equipment
        FROM locations l
        LEFT JOIN equipment e ON l.id = e.location_id
       GROUP BY l.id, l.name
2025-06-24T15:11:40.767Z [ERROR] Error detecting power outage: column e.updated_at does not exist
2025-06-24T15:11:40.771Z [ERROR] SQL error after 166ms: column o.id does not exist
2025-06-24T15:11:40.771Z [ERROR] Failed query: 
        SELECT 
          t.id,
          t.status,
          t.location_id,
          l.name as location_name,
          o.id as order_id,
          EXTRACT(hours FROM (NOW() - t.created_at)) as hours_since_created,
          EXTRACT(hours FROM (NOW() - t.updated_at)) as hours_since_updated
        FROM transports t
        JOIN orders o ON t.order_id = o.id
        JOIN locations l ON t.location_id = l.id
        WHERE t.status IN ('PENDING', 'IN_PROGRESS')
       ORDER BY t.created_at ASC
2025-06-24T15:11:40.772Z [ERROR] Error detecting transport issues: column o.id does not exist
2025-06-24T15:11:40.772Z [INFO] Exception detection completed: 0 issues found
2025-06-24T15:11:40.773Z [INFO] Exception detection completed: 0 total issues found
2025-06-24T15:11:40.773Z [INFO] - Staff issues: 0
2025-06-24T15:11:40.773Z [INFO] - Power issues: 0
2025-06-24T15:11:40.774Z [INFO] - Equipment issues: 0
2025-06-24T15:11:40.774Z [INFO] - Transport issues: 0
2025-06-24T15:11:40.775Z [INFO] Creating notification: SYSTEM_STATUS_OK - LOW - All systems operational - no critical issues detected
2025-06-24T15:11:40.775Z [ERROR] Failed to send notification via websocket: WebSocket notification failed: broadcastToAllClients is not a function
2025-06-24T15:11:40.776Z [INFO] Exception detection completed successfully in 173ms
2025-06-24T15:11:40.776Z [INFO] Scheduler: Job 'exceptionDetection' completed, next run: Tue Jun 24 2025 18:12:40 GMT+0300 (Ora de vară a Europei de Est)
2025-06-24T15:12:48.415Z [INFO] Connecting to PostgreSQL: postgres@localhost:5432/twproject
2025-06-24T15:12:48.588Z [INFO] AlertService: SMTP client initialized
2025-06-24T15:12:48.649Z [INFO] Minimal server listening on port 8000
2025-06-24T15:12:48.678Z [INFO] Scheduler: Job 'expandRecurrences' added, next run: Tue Jun 24 2025 18:15:00 GMT+0300 (Ora de vară a Europei de Est)
2025-06-24T15:12:48.679Z [INFO] Scheduler: Job 'checkInventory' added, next run: Tue Jun 24 2025 19:00:00 GMT+0300 (Ora de vară a Europei de Est)
2025-06-24T15:12:48.680Z [INFO] Scheduler: Job 'checkEquipmentStatus' added, next run: Tue Jun 24 2025 18:13:48 GMT+0300 (Ora de vară a Europei de Est)
2025-06-24T15:12:48.682Z [INFO] Scheduler: Job 'updateWeatherData' added, next run: Tue Jun 24 2025 18:13:48 GMT+0300 (Ora de vară a Europei de Est)
2025-06-24T15:12:48.683Z [INFO] Scheduler: Job 'generateDailyStats' added, next run: Wed Jun 25 2025 00:00:00 GMT+0300 (Ora de vară a Europei de Est)
2025-06-24T15:12:48.690Z [INFO] Scheduler: Job 'exceptionDetection' added, next run: Tue Jun 24 2025 18:13:48 GMT+0300 (Ora de vară a Europei de Est)
2025-06-24T15:12:48.693Z [INFO] Scheduler: Starting...
2025-06-24T15:12:48.693Z [INFO] Scheduler: Started successfully
2025-06-24T15:12:48.693Z [INFO] Server and scheduler started successfully
2025-06-24T15:12:48.915Z [INFO] PostgreSQL connection successful. Server time: Tue Jun 24 2025 18:12:48 GMT+0300 (Ora de vară a Europei de Est)
2025-06-24T15:13:48.700Z [INFO] Scheduler: Running job 'checkEquipmentStatus'
2025-06-24T15:13:48.710Z [INFO] CheckEquipmentStatus: Starting equipment monitoring job
2025-06-24T15:13:48.724Z [INFO] Starting equipment status check...
2025-06-24T15:13:49.074Z [ERROR] Error checking equipment status:
2025-06-24T15:13:49.090Z [ERROR] CheckEquipmentStatus: Job failed
2025-06-24T15:13:49.104Z [INFO] Scheduler: Job 'checkEquipmentStatus' completed, next run: Tue Jun 24 2025 18:14:49 GMT+0300 (Ora de vară a Europei de Est)
2025-06-24T15:13:49.116Z [INFO] Scheduler: Running job 'updateWeatherData'
2025-06-24T15:13:49.119Z [INFO] Starting weather data update job...
2025-06-24T15:13:49.121Z [INFO] Starting weather data update for all locations...
2025-06-24T15:13:49.135Z [ERROR] Error updating weather data:
2025-06-24T15:13:49.138Z [ERROR] Weather data update job failed:
2025-06-24T15:13:49.140Z [INFO] Scheduler: Job 'updateWeatherData' completed, next run: Tue Jun 24 2025 18:14:49 GMT+0300 (Ora de vară a Europei de Est)
2025-06-24T15:13:49.140Z [INFO] Scheduler: Running job 'exceptionDetection'
2025-06-24T15:13:49.142Z [INFO] Starting automated exception detection...
2025-06-24T15:13:49.144Z [INFO] Running comprehensive exception detection...
2025-06-24T15:13:49.172Z [ERROR] Error detecting staff unavailability: result.rows is not iterable
2025-06-24T15:13:49.643Z [ERROR] SQL error after 493ms: column o.id does not exist
2025-06-24T15:13:49.644Z [ERROR] Failed query: 
        SELECT 
          t.id,
          t.status,
          t.location_id,
          l.name as location_name,
          o.id as order_id,
          EXTRACT(hours FROM (NOW() - t.created_at)) as hours_since_created,
          EXTRACT(hours FROM (NOW() - t.updated_at)) as hours_since_updated
        FROM transports t
        JOIN orders o ON t.order_id = o.id
        JOIN locations l ON t.location_id = l.id
        WHERE t.status IN ('PENDING', 'IN_PROGRESS')
       ORDER BY t.created_at ASC
2025-06-24T15:13:49.650Z [ERROR] Error detecting transport issues: column o.id does not exist
2025-06-24T15:13:49.659Z [ERROR] SQL error after 510ms: column em.created_at does not exist
2025-06-24T15:13:49.660Z [ERROR] Failed query: 
        SELECT 
          e.id,
          e.name,
          e.type,
          e.status,
          e.location_id,
          l.name as location_name,
          EXTRACT(days FROM (NOW() - e.updated_at)) as days_since_update,
          COUNT(em.id) as recent_maintenance
        FROM equipment e
        JOIN locations l ON e.location_id = l.id
        LEFT JOIN equipment_maintenance em ON e.id = em.equipment_id 
          AND em.created_at >= NOW() - INTERVAL '30 days'
      
        GROUP BY e.id, e.name, e.type, e.status, e.location_id, l.name, e.updated_at
        HAVING e.status = 'OUT_OF_SERVICE' 
          OR EXTRACT(days FROM (NOW() - e.updated_at)) > 7
        ORDER BY days_since_update DESC
      
2025-06-24T15:13:49.662Z [ERROR] Error detecting equipment failures: column em.created_at does not exist
2025-06-24T15:13:49.711Z [ERROR] SQL error after 562ms: column e.updated_at does not exist
2025-06-24T15:13:49.716Z [ERROR] Failed query: 
        SELECT 
          l.id as location_id,
          l.name as location_name,
          COUNT(e.id) as total_equipment,
          COUNT(CASE WHEN e.status = 'OUT_OF_SERVICE' THEN 1 END) as out_of_service,
          COUNT(CASE WHEN e.updated_at < NOW() - INTERVAL '2 hours' THEN 1 END) as stale_equipment
        FROM locations l
        LEFT JOIN equipment e ON l.id = e.location_id
       GROUP BY l.id, l.name
2025-06-24T15:13:49.717Z [ERROR] Error detecting power outage: column e.updated_at does not exist
2025-06-24T15:13:49.720Z [INFO] Exception detection completed: 0 issues found
2025-06-24T15:13:49.721Z [INFO] Exception detection completed: 0 total issues found
2025-06-24T15:13:49.722Z [INFO] - Staff issues: 0
2025-06-24T15:13:49.723Z [INFO] - Power issues: 0
2025-06-24T15:13:49.723Z [INFO] - Equipment issues: 0
2025-06-24T15:13:49.724Z [INFO] - Transport issues: 0
2025-06-24T15:13:49.725Z [INFO] Creating notification: SYSTEM_STATUS_OK - LOW - All systems operational - no critical issues detected
2025-06-24T15:13:49.728Z [ERROR] Failed to send notification via websocket: WebSocket notification failed: broadcastToAllClients is not a function
2025-06-24T15:13:49.730Z [INFO] Exception detection completed successfully in 587ms
2025-06-24T15:13:49.732Z [INFO] Scheduler: Job 'exceptionDetection' completed, next run: Tue Jun 24 2025 18:14:49 GMT+0300 (Ora de vară a Europei de Est)
2025-06-24T15:14:29.119Z [INFO] OPTIONS /api/auth/register
2025-06-24T15:14:29.139Z [INFO] POST /api/auth/register
2025-06-24T15:14:29.149Z [INFO] POST /api/register or /api/auth/register
2025-06-24T15:14:29.151Z [WARN] Register: Missing required fields
2025-06-24T15:14:32.919Z [INFO] POST /api/auth/register
2025-06-24T15:14:32.921Z [INFO] POST /api/register or /api/auth/register
2025-06-24T15:14:32.922Z [WARN] Register: Missing required fields
2025-06-24T15:15:48.712Z [INFO] Scheduler: Running job 'expandRecurrences'
2025-06-24T15:15:48.716Z [INFO] ExpandRecurrences: Starting job
2025-06-24T15:15:48.893Z [INFO] ExpandRecurrences: Job completed, created 0 new recurring orders
2025-06-24T15:15:48.894Z [INFO] Scheduler: Job 'expandRecurrences' completed, next run: Tue Jun 24 2025 18:15:00 GMT+0300 (Ora de vară a Europei de Est)
2025-06-24T15:15:48.895Z [INFO] Scheduler: Running job 'checkEquipmentStatus'
2025-06-24T15:15:48.897Z [INFO] CheckEquipmentStatus: Starting equipment monitoring job
2025-06-24T15:15:48.898Z [INFO] Starting equipment status check...
2025-06-24T15:15:48.921Z [ERROR] Error checking equipment status:
2025-06-24T15:15:48.922Z [ERROR] CheckEquipmentStatus: Job failed
2025-06-24T15:15:48.923Z [INFO] Scheduler: Job 'checkEquipmentStatus' completed, next run: Tue Jun 24 2025 18:16:48 GMT+0300 (Ora de vară a Europei de Est)
2025-06-24T15:15:48.923Z [INFO] Scheduler: Running job 'updateWeatherData'
2025-06-24T15:15:48.924Z [INFO] Starting weather data update job...
2025-06-24T15:15:48.924Z [INFO] Starting weather data update for all locations...
2025-06-24T15:15:48.934Z [ERROR] Error updating weather data:
2025-06-24T15:15:48.935Z [ERROR] Weather data update job failed:
2025-06-24T15:15:48.936Z [INFO] Scheduler: Job 'updateWeatherData' completed, next run: Tue Jun 24 2025 18:16:48 GMT+0300 (Ora de vară a Europei de Est)
2025-06-24T15:15:48.936Z [INFO] Scheduler: Running job 'exceptionDetection'
2025-06-24T15:15:48.937Z [INFO] Starting automated exception detection...
2025-06-24T15:15:48.938Z [INFO] Running comprehensive exception detection...
2025-06-24T15:15:48.946Z [ERROR] Error detecting staff unavailability: result.rows is not iterable
2025-06-24T15:15:49.149Z [ERROR] SQL error after 211ms: column e.updated_at does not exist
2025-06-24T15:15:49.151Z [ERROR] Failed query: 
        SELECT 
          l.id as location_id,
          l.name as location_name,
          COUNT(e.id) as total_equipment,
          COUNT(CASE WHEN e.status = 'OUT_OF_SERVICE' THEN 1 END) as out_of_service,
          COUNT(CASE WHEN e.updated_at < NOW() - INTERVAL '2 hours' THEN 1 END) as stale_equipment
        FROM locations l
        LEFT JOIN equipment e ON l.id = e.location_id
       GROUP BY l.id, l.name
2025-06-24T15:15:49.153Z [ERROR] Error detecting power outage: column e.updated_at does not exist
2025-06-24T15:15:49.175Z [ERROR] SQL error after 236ms: column em.created_at does not exist
2025-06-24T15:15:49.176Z [ERROR] Failed query: 
        SELECT 
          e.id,
          e.name,
          e.type,
          e.status,
          e.location_id,
          l.name as location_name,
          EXTRACT(days FROM (NOW() - e.updated_at)) as days_since_update,
          COUNT(em.id) as recent_maintenance
        FROM equipment e
        JOIN locations l ON e.location_id = l.id
        LEFT JOIN equipment_maintenance em ON e.id = em.equipment_id 
          AND em.created_at >= NOW() - INTERVAL '30 days'
      
        GROUP BY e.id, e.name, e.type, e.status, e.location_id, l.name, e.updated_at
        HAVING e.status = 'OUT_OF_SERVICE' 
          OR EXTRACT(days FROM (NOW() - e.updated_at)) > 7
        ORDER BY days_since_update DESC
      
2025-06-24T15:15:49.177Z [ERROR] Error detecting equipment failures: column em.created_at does not exist
2025-06-24T15:15:49.192Z [ERROR] SQL error after 253ms: column o.id does not exist
2025-06-24T15:15:49.192Z [ERROR] Failed query: 
        SELECT 
          t.id,
          t.status,
          t.location_id,
          l.name as location_name,
          o.id as order_id,
          EXTRACT(hours FROM (NOW() - t.created_at)) as hours_since_created,
          EXTRACT(hours FROM (NOW() - t.updated_at)) as hours_since_updated
        FROM transports t
        JOIN orders o ON t.order_id = o.id
        JOIN locations l ON t.location_id = l.id
        WHERE t.status IN ('PENDING', 'IN_PROGRESS')
       ORDER BY t.created_at ASC
2025-06-24T15:15:49.193Z [ERROR] Error detecting transport issues: column o.id does not exist
2025-06-24T15:15:49.194Z [INFO] Exception detection completed: 0 issues found
2025-06-24T15:15:49.194Z [INFO] Exception detection completed: 0 total issues found
2025-06-24T15:15:49.195Z [INFO] - Staff issues: 0
2025-06-24T15:15:49.196Z [INFO] - Power issues: 0
2025-06-24T15:15:49.196Z [INFO] - Equipment issues: 0
2025-06-24T15:15:49.197Z [INFO] - Transport issues: 0
2025-06-24T15:15:49.198Z [INFO] Creating notification: SYSTEM_STATUS_OK - LOW - All systems operational - no critical issues detected
2025-06-24T15:15:49.199Z [ERROR] Failed to send notification via websocket: WebSocket notification failed: broadcastToAllClients is not a function
2025-06-24T15:15:49.199Z [INFO] Exception detection completed successfully in 262ms
2025-06-24T15:15:49.200Z [INFO] Scheduler: Job 'exceptionDetection' completed, next run: Tue Jun 24 2025 18:16:49 GMT+0300 (Ora de vară a Europei de Est)
2025-06-24T15:16:03.725Z [INFO] Connecting to PostgreSQL: postgres@localhost:5432/twproject
2025-06-24T15:16:03.858Z [INFO] AlertService: SMTP client initialized
2025-06-24T15:16:03.901Z [INFO] Minimal server listening on port 8000
2025-06-24T15:16:03.914Z [INFO] Scheduler: Job 'expandRecurrences' added, next run: Tue Jun 24 2025 18:20:00 GMT+0300 (Ora de vară a Europei de Est)
2025-06-24T15:16:03.915Z [INFO] Scheduler: Job 'checkInventory' added, next run: Tue Jun 24 2025 19:00:00 GMT+0300 (Ora de vară a Europei de Est)
2025-06-24T15:16:03.917Z [INFO] Scheduler: Job 'checkEquipmentStatus' added, next run: Tue Jun 24 2025 18:17:03 GMT+0300 (Ora de vară a Europei de Est)
2025-06-24T15:16:03.918Z [INFO] Scheduler: Job 'updateWeatherData' added, next run: Tue Jun 24 2025 18:17:03 GMT+0300 (Ora de vară a Europei de Est)
2025-06-24T15:16:03.919Z [INFO] Scheduler: Job 'generateDailyStats' added, next run: Wed Jun 25 2025 00:00:00 GMT+0300 (Ora de vară a Europei de Est)
2025-06-24T15:16:03.920Z [INFO] Scheduler: Job 'exceptionDetection' added, next run: Tue Jun 24 2025 18:17:03 GMT+0300 (Ora de vară a Europei de Est)
2025-06-24T15:16:03.921Z [INFO] Scheduler: Starting...
2025-06-24T15:16:03.922Z [INFO] Scheduler: Started successfully
2025-06-24T15:16:03.922Z [INFO] Server and scheduler started successfully
2025-06-24T15:16:04.091Z [INFO] PostgreSQL connection successful. Server time: Tue Jun 24 2025 18:16:04 GMT+0300 (Ora de vară a Europei de Est)
2025-06-24T15:17:03.932Z [INFO] Scheduler: Running job 'checkEquipmentStatus'
2025-06-24T15:17:03.934Z [INFO] CheckEquipmentStatus: Starting equipment monitoring job
2025-06-24T15:17:03.940Z [INFO] Starting equipment status check...
2025-06-24T15:17:04.080Z [ERROR] Error checking equipment status:
2025-06-24T15:17:04.081Z [ERROR] CheckEquipmentStatus: Job failed
2025-06-24T15:17:04.082Z [INFO] Scheduler: Job 'checkEquipmentStatus' completed, next run: Tue Jun 24 2025 18:18:04 GMT+0300 (Ora de vară a Europei de Est)
2025-06-24T15:17:04.084Z [INFO] Scheduler: Running job 'updateWeatherData'
2025-06-24T15:17:04.085Z [INFO] Starting weather data update job...
2025-06-24T15:17:04.087Z [INFO] Starting weather data update for all locations...
2025-06-24T15:17:04.099Z [ERROR] Error updating weather data:
2025-06-24T15:17:04.100Z [ERROR] Weather data update job failed:
2025-06-24T15:17:04.101Z [INFO] Scheduler: Job 'updateWeatherData' completed, next run: Tue Jun 24 2025 18:18:04 GMT+0300 (Ora de vară a Europei de Est)
2025-06-24T15:17:04.103Z [INFO] Scheduler: Running job 'exceptionDetection'
2025-06-24T15:17:04.104Z [INFO] Starting automated exception detection...
2025-06-24T15:17:04.107Z [INFO] Running comprehensive exception detection...
2025-06-24T15:17:04.125Z [ERROR] Error detecting staff unavailability: result.rows is not iterable
2025-06-24T15:17:04.259Z [ERROR] SQL error after 148ms: column e.updated_at does not exist
2025-06-24T15:17:04.260Z [ERROR] Failed query: 
        SELECT 
          l.id as location_id,
          l.name as location_name,
          COUNT(e.id) as total_equipment,
          COUNT(CASE WHEN e.status = 'OUT_OF_SERVICE' THEN 1 END) as out_of_service,
          COUNT(CASE WHEN e.updated_at < NOW() - INTERVAL '2 hours' THEN 1 END) as stale_equipment
        FROM locations l
        LEFT JOIN equipment e ON l.id = e.location_id
       GROUP BY l.id, l.name
2025-06-24T15:17:04.261Z [ERROR] Error detecting power outage: column e.updated_at does not exist
2025-06-24T15:17:04.275Z [ERROR] SQL error after 163ms: column em.created_at does not exist
2025-06-24T15:17:04.277Z [ERROR] Failed query: 
        SELECT 
          e.id,
          e.name,
          e.type,
          e.status,
          e.location_id,
          l.name as location_name,
          EXTRACT(days FROM (NOW() - e.updated_at)) as days_since_update,
          COUNT(em.id) as recent_maintenance
        FROM equipment e
        JOIN locations l ON e.location_id = l.id
        LEFT JOIN equipment_maintenance em ON e.id = em.equipment_id 
          AND em.created_at >= NOW() - INTERVAL '30 days'
      
        GROUP BY e.id, e.name, e.type, e.status, e.location_id, l.name, e.updated_at
        HAVING e.status = 'OUT_OF_SERVICE' 
          OR EXTRACT(days FROM (NOW() - e.updated_at)) > 7
        ORDER BY days_since_update DESC
      
2025-06-24T15:17:04.278Z [ERROR] Error detecting equipment failures: column em.created_at does not exist
2025-06-24T15:17:04.293Z [ERROR] SQL error after 181ms: column o.id does not exist
2025-06-24T15:17:04.294Z [ERROR] Failed query: 
        SELECT 
          t.id,
          t.status,
          t.location_id,
          l.name as location_name,
          o.id as order_id,
          EXTRACT(hours FROM (NOW() - t.created_at)) as hours_since_created,
          EXTRACT(hours FROM (NOW() - t.updated_at)) as hours_since_updated
        FROM transports t
        JOIN orders o ON t.order_id = o.id
        JOIN locations l ON t.location_id = l.id
        WHERE t.status IN ('PENDING', 'IN_PROGRESS')
       ORDER BY t.created_at ASC
2025-06-24T15:17:04.296Z [ERROR] Error detecting transport issues: column o.id does not exist
2025-06-24T15:17:04.297Z [INFO] Exception detection completed: 0 issues found
2025-06-24T15:17:04.297Z [INFO] Exception detection completed: 0 total issues found
2025-06-24T15:17:04.298Z [INFO] - Staff issues: 0
2025-06-24T15:17:04.298Z [INFO] - Power issues: 0
2025-06-24T15:17:04.299Z [INFO] - Equipment issues: 0
2025-06-24T15:17:04.299Z [INFO] - Transport issues: 0
2025-06-24T15:17:04.301Z [INFO] Creating notification: SYSTEM_STATUS_OK - LOW - All systems operational - no critical issues detected
2025-06-24T15:17:04.303Z [ERROR] Failed to send notification via websocket: WebSocket notification failed: broadcastToAllClients is not a function
2025-06-24T15:17:04.305Z [INFO] Exception detection completed successfully in 201ms
2025-06-24T15:17:04.306Z [INFO] Scheduler: Job 'exceptionDetection' completed, next run: Tue Jun 24 2025 18:18:04 GMT+0300 (Ora de vară a Europei de Est)
2025-06-24T15:17:35.124Z [INFO] OPTIONS /api/auth/register
2025-06-24T15:17:35.141Z [INFO] POST /api/auth/register
2025-06-24T15:17:35.147Z [INFO] POST /api/register or /api/auth/register
2025-06-24T15:17:35.149Z [WARN] Register: Missing required fields
2025-06-24T15:18:02.069Z [INFO] OPTIONS /api/auth/register
2025-06-24T15:18:02.078Z [INFO] POST /api/auth/register
2025-06-24T15:18:02.082Z [INFO] POST /api/register or /api/auth/register
2025-06-24T15:18:02.083Z [WARN] Register: Missing required fields
2025-06-24T15:19:03.945Z [INFO] Scheduler: Running job 'checkEquipmentStatus'
2025-06-24T15:19:03.948Z [INFO] CheckEquipmentStatus: Starting equipment monitoring job
2025-06-24T15:19:03.950Z [INFO] Starting equipment status check...
2025-06-24T15:19:04.238Z [ERROR] Error checking equipment status:
2025-06-24T15:19:04.240Z [ERROR] CheckEquipmentStatus: Job failed
2025-06-24T15:19:04.242Z [INFO] Scheduler: Job 'checkEquipmentStatus' completed, next run: Tue Jun 24 2025 18:20:04 GMT+0300 (Ora de vară a Europei de Est)
2025-06-24T15:19:04.244Z [INFO] Scheduler: Running job 'updateWeatherData'
2025-06-24T15:19:04.245Z [INFO] Starting weather data update job...
2025-06-24T15:19:04.246Z [INFO] Starting weather data update for all locations...
2025-06-24T15:19:04.257Z [ERROR] Error updating weather data:
2025-06-24T15:19:04.261Z [ERROR] Weather data update job failed:
2025-06-24T15:19:04.264Z [INFO] Scheduler: Job 'updateWeatherData' completed, next run: Tue Jun 24 2025 18:20:04 GMT+0300 (Ora de vară a Europei de Est)
2025-06-24T15:19:04.265Z [INFO] Scheduler: Running job 'exceptionDetection'
2025-06-24T15:19:04.266Z [INFO] Starting automated exception detection...
2025-06-24T15:19:04.267Z [INFO] Running comprehensive exception detection...
2025-06-24T15:19:04.291Z [ERROR] Error detecting staff unavailability: result.rows is not iterable
2025-06-24T15:19:04.535Z [ERROR] SQL error after 267ms: column e.updated_at does not exist
2025-06-24T15:19:04.539Z [ERROR] Failed query: 
        SELECT 
          l.id as location_id,
          l.name as location_name,
          COUNT(e.id) as total_equipment,
          COUNT(CASE WHEN e.status = 'OUT_OF_SERVICE' THEN 1 END) as out_of_service,
          COUNT(CASE WHEN e.updated_at < NOW() - INTERVAL '2 hours' THEN 1 END) as stale_equipment
        FROM locations l
        LEFT JOIN equipment e ON l.id = e.location_id
       GROUP BY l.id, l.name
2025-06-24T15:19:04.548Z [ERROR] Error detecting power outage: column e.updated_at does not exist
2025-06-24T15:19:04.587Z [ERROR] SQL error after 319ms: column em.created_at does not exist
2025-06-24T15:19:04.588Z [ERROR] Failed query: 
        SELECT 
          e.id,
          e.name,
          e.type,
          e.status,
          e.location_id,
          l.name as location_name,
          EXTRACT(days FROM (NOW() - e.updated_at)) as days_since_update,
          COUNT(em.id) as recent_maintenance
        FROM equipment e
        JOIN locations l ON e.location_id = l.id
        LEFT JOIN equipment_maintenance em ON e.id = em.equipment_id 
          AND em.created_at >= NOW() - INTERVAL '30 days'
      
        GROUP BY e.id, e.name, e.type, e.status, e.location_id, l.name, e.updated_at
        HAVING e.status = 'OUT_OF_SERVICE' 
          OR EXTRACT(days FROM (NOW() - e.updated_at)) > 7
        ORDER BY days_since_update DESC
      
2025-06-24T15:19:04.591Z [ERROR] Error detecting equipment failures: column em.created_at does not exist
2025-06-24T15:19:04.601Z [ERROR] SQL error after 333ms: column o.id does not exist
2025-06-24T15:19:04.605Z [ERROR] Failed query: 
        SELECT 
          t.id,
          t.status,
          t.location_id,
          l.name as location_name,
          o.id as order_id,
          EXTRACT(hours FROM (NOW() - t.created_at)) as hours_since_created,
          EXTRACT(hours FROM (NOW() - t.updated_at)) as hours_since_updated
        FROM transports t
        JOIN orders o ON t.order_id = o.id
        JOIN locations l ON t.location_id = l.id
        WHERE t.status IN ('PENDING', 'IN_PROGRESS')
       ORDER BY t.created_at ASC
2025-06-24T15:19:04.607Z [ERROR] Error detecting transport issues: column o.id does not exist
2025-06-24T15:19:04.608Z [INFO] Exception detection completed: 0 issues found
2025-06-24T15:19:04.611Z [INFO] Exception detection completed: 0 total issues found
2025-06-24T15:19:04.612Z [INFO] - Staff issues: 0
2025-06-24T15:19:04.614Z [INFO] - Power issues: 0
2025-06-24T15:19:04.614Z [INFO] - Equipment issues: 0
2025-06-24T15:19:04.615Z [INFO] - Transport issues: 0
2025-06-24T15:19:04.616Z [INFO] Creating notification: SYSTEM_STATUS_OK - LOW - All systems operational - no critical issues detected
2025-06-24T15:19:04.616Z [ERROR] Failed to send notification via websocket: WebSocket notification failed: broadcastToAllClients is not a function
2025-06-24T15:19:04.617Z [INFO] Exception detection completed successfully in 351ms
2025-06-24T15:19:04.617Z [INFO] Scheduler: Job 'exceptionDetection' completed, next run: Tue Jun 24 2025 18:20:04 GMT+0300 (Ora de vară a Europei de Est)
2025-06-24T15:20:03.951Z [INFO] Scheduler: Running job 'expandRecurrences'
2025-06-24T15:20:03.952Z [INFO] ExpandRecurrences: Starting job
2025-06-24T15:20:04.072Z [INFO] ExpandRecurrences: Job completed, created 0 new recurring orders
2025-06-24T15:20:04.073Z [INFO] Scheduler: Job 'expandRecurrences' completed, next run: Tue Jun 24 2025 18:20:00 GMT+0300 (Ora de vară a Europei de Est)
2025-06-24T15:20:35.430Z [INFO] OPTIONS /api/auth/login
2025-06-24T15:20:35.434Z [INFO] POST /api/auth/login
2025-06-24T15:20:35.436Z [INFO] POST /api/login or /api/auth/login
2025-06-24T15:20:35.590Z [ERROR] SQL error after 153ms: column u.default_role does not exist
2025-06-24T15:20:35.591Z [ERROR] Failed query: 
      SELECT 
        u.user_id,
        u.email,
        u.password_hash,
        u.full_name,
        u.default_role
      FROM users u
      WHERE u.email = $1
    
2025-06-24T15:20:35.592Z [ERROR] AuthService: Login failed for admin@cas-system.com: column u.default_role does not exist
2025-06-24T15:20:35.593Z [ERROR] Login error: column u.default_role does not exist
2025-06-24T15:21:03.961Z [INFO] Scheduler: Running job 'expandRecurrences'
2025-06-24T15:21:03.961Z [INFO] ExpandRecurrences: Starting job
2025-06-24T15:21:04.153Z [INFO] ExpandRecurrences: Job completed, created 0 new recurring orders
2025-06-24T15:21:04.155Z [INFO] Scheduler: Job 'expandRecurrences' completed, next run: Tue Jun 24 2025 18:25:00 GMT+0300 (Ora de vară a Europei de Est)
2025-06-24T15:21:04.156Z [INFO] Scheduler: Running job 'checkEquipmentStatus'
2025-06-24T15:21:04.157Z [INFO] CheckEquipmentStatus: Starting equipment monitoring job
2025-06-24T15:21:04.157Z [INFO] Starting equipment status check...
2025-06-24T15:21:04.169Z [ERROR] Error checking equipment status:
2025-06-24T15:21:04.170Z [ERROR] CheckEquipmentStatus: Job failed
2025-06-24T15:21:04.171Z [INFO] Scheduler: Job 'checkEquipmentStatus' completed, next run: Tue Jun 24 2025 18:22:04 GMT+0300 (Ora de vară a Europei de Est)
2025-06-24T15:21:04.171Z [INFO] Scheduler: Running job 'updateWeatherData'
2025-06-24T15:21:04.172Z [INFO] Starting weather data update job...
2025-06-24T15:21:04.172Z [INFO] Starting weather data update for all locations...
2025-06-24T15:21:04.180Z [ERROR] Error updating weather data:
2025-06-24T15:21:04.181Z [ERROR] Weather data update job failed:
2025-06-24T15:21:04.183Z [INFO] Scheduler: Job 'updateWeatherData' completed, next run: Tue Jun 24 2025 18:22:04 GMT+0300 (Ora de vară a Europei de Est)
2025-06-24T15:21:04.185Z [INFO] Scheduler: Running job 'exceptionDetection'
2025-06-24T15:21:04.186Z [INFO] Starting automated exception detection...
2025-06-24T15:21:04.187Z [INFO] Running comprehensive exception detection...
2025-06-24T15:21:04.197Z [ERROR] Error detecting staff unavailability: result.rows is not iterable
2025-06-24T15:21:04.485Z [ERROR] SQL error after 297ms: column o.id does not exist
2025-06-24T15:21:04.487Z [ERROR] Failed query: 
        SELECT 
          t.id,
          t.status,
          t.location_id,
          l.name as location_name,
          o.id as order_id,
          EXTRACT(hours FROM (NOW() - t.created_at)) as hours_since_created,
          EXTRACT(hours FROM (NOW() - t.updated_at)) as hours_since_updated
        FROM transports t
        JOIN orders o ON t.order_id = o.id
        JOIN locations l ON t.location_id = l.id
        WHERE t.status IN ('PENDING', 'IN_PROGRESS')
       ORDER BY t.created_at ASC
2025-06-24T15:21:04.488Z [ERROR] Error detecting transport issues: column o.id does not exist
2025-06-24T15:21:04.524Z [ERROR] SQL error after 336ms: column em.created_at does not exist
2025-06-24T15:21:04.525Z [ERROR] Failed query: 
        SELECT 
          e.id,
          e.name,
          e.type,
          e.status,
          e.location_id,
          l.name as location_name,
          EXTRACT(days FROM (NOW() - e.updated_at)) as days_since_update,
          COUNT(em.id) as recent_maintenance
        FROM equipment e
        JOIN locations l ON e.location_id = l.id
        LEFT JOIN equipment_maintenance em ON e.id = em.equipment_id 
          AND em.created_at >= NOW() - INTERVAL '30 days'
      
        GROUP BY e.id, e.name, e.type, e.status, e.location_id, l.name, e.updated_at
        HAVING e.status = 'OUT_OF_SERVICE' 
          OR EXTRACT(days FROM (NOW() - e.updated_at)) > 7
        ORDER BY days_since_update DESC
      
2025-06-24T15:21:04.526Z [ERROR] Error detecting equipment failures: column em.created_at does not exist
2025-06-24T15:21:04.567Z [ERROR] SQL error after 379ms: column e.updated_at does not exist
2025-06-24T15:21:04.567Z [ERROR] Failed query: 
        SELECT 
          l.id as location_id,
          l.name as location_name,
          COUNT(e.id) as total_equipment,
          COUNT(CASE WHEN e.status = 'OUT_OF_SERVICE' THEN 1 END) as out_of_service,
          COUNT(CASE WHEN e.updated_at < NOW() - INTERVAL '2 hours' THEN 1 END) as stale_equipment
        FROM locations l
        LEFT JOIN equipment e ON l.id = e.location_id
       GROUP BY l.id, l.name
2025-06-24T15:21:04.568Z [ERROR] Error detecting power outage: column e.updated_at does not exist
2025-06-24T15:21:04.569Z [INFO] Exception detection completed: 0 issues found
2025-06-24T15:21:04.571Z [INFO] Exception detection completed: 0 total issues found
2025-06-24T15:21:04.572Z [INFO] - Staff issues: 0
2025-06-24T15:21:04.573Z [INFO] - Power issues: 0
2025-06-24T15:21:04.574Z [INFO] - Equipment issues: 0
2025-06-24T15:21:04.574Z [INFO] - Transport issues: 0
2025-06-24T15:21:04.575Z [INFO] Creating notification: SYSTEM_STATUS_OK - LOW - All systems operational - no critical issues detected
2025-06-24T15:21:04.576Z [ERROR] Failed to send notification via websocket: WebSocket notification failed: broadcastToAllClients is not a function
2025-06-24T15:21:04.577Z [INFO] Exception detection completed successfully in 391ms
2025-06-24T15:21:04.579Z [INFO] Scheduler: Job 'exceptionDetection' completed, next run: Tue Jun 24 2025 18:22:04 GMT+0300 (Ora de vară a Europei de Est)
